Check,Flag,AU-ROC,AU-PR,Accuracy
Unique bases,Pass,,,
Sequence Duplications within Labels,Pass,,,
Duplicate Sequences between Labels,Pass,,,
Sequence lengths,Pass,0.5,0.5,0.5
Per sequence GC content,Fail,0.8443,0.8582629068683953,0.76
Per sequence nucleotide content,Fail,0.8247319444444445,0.8398969379618528,0.7391666666666666
Per sequence dinucleotide content,Fail,0.8434541666666666,0.853270073608233,0.7708333333333334
Per position nucleotide content,Pass,0.5858333333333333,0.7314044943820225,0.5858333333333333
Per position reversed nucleotide content,Pass,0.5858333333333333,0.7314044943820225,0.5858333333333333
Per sequence nucleotide content - A,Warning,0.6876305555555555,0.675125497528787,0.645
Per sequence nucleotide content - C,Fail,0.7583708333333333,0.7604506513533904,0.6916666666666667
Per sequence nucleotide content - G,Fail,0.8247319444444445,0.8347656784967608,0.7391666666666666
Per sequence nucleotide content - T,Fail,0.8225652777777778,0.8398969379618528,0.7391666666666666
Per sequence dinucleotide content - AA,Warning,0.6947069444444445,0.6797678945295621,0.655
Per sequence dinucleotide content - AC,Pass,0.5195763888888889,0.5262010354750923,0.5241666666666667
Per sequence dinucleotide content - AG,Warning,0.6355777777777778,0.6245287224300723,0.6025
Per sequence dinucleotide content - AT,Fail,0.7756527777777777,0.7921976901532293,0.7008333333333333
Per sequence dinucleotide content - CA,Pass,0.5197763888888889,0.5158124869627942,0.5191666666666667
Per sequence dinucleotide content - CC,Fail,0.7261166666666667,0.7291524091820965,0.6758333333333333
Per sequence dinucleotide content - CG,Fail,0.8434541666666666,0.8414332756382576,0.7708333333333334
Per sequence dinucleotide content - CT,Pass,0.5440819444444445,0.5429973809473978,0.5458333333333333
Per sequence dinucleotide content - GA,Warning,0.6940819444444444,0.6601378831715137,0.6483333333333333
Per sequence dinucleotide content - GC,Fail,0.7961013888888888,0.7882374416701948,0.7183333333333334
Per sequence dinucleotide content - GG,Fail,0.7638222222222222,0.7778062311323879,0.6983333333333334
Per sequence dinucleotide content - GT,Pass,0.5798291666666666,0.5844943368094844,0.5591666666666667
Per sequence dinucleotide content - TA,Fail,0.8404680555555555,0.853270073608233,0.7658333333333334
Per sequence dinucleotide content - TC,Pass,0.5089138888888889,0.5200059280474287,0.5158333333333334
Per sequence dinucleotide content - TG,Pass,0.5501013888888889,0.5393330147521543,0.5491666666666667
Per sequence dinucleotide content - TT,Fail,0.8117138888888888,0.8295393867998792,0.7366666666666667
Per position nucleotide content - A position 1,Pass,0.5,0.5,0.5
Per position nucleotide content - A position 2,Pass,0.5,0.5,0.5
Per position nucleotide content - A position 3,Pass,0.5,0.5,0.5
Per position nucleotide content - A position 4,Pass,0.5,0.5,0.5
Per position nucleotide content - A position 5,Pass,0.5,0.5,0.5
Per position nucleotide content - A position 6,Pass,0.5,0.5,0.5
Per position nucleotide content - A position 7,Pass,0.5,0.5,0.5
Per position nucleotide content - A position 8,Pass,0.5,0.5,0.5
Per position nucleotide content - A position 9,Pass,0.5,0.5,0.5
Per position nucleotide content - A position 10,Pass,0.5,0.5,0.5
Per position nucleotide content - A position 11,Pass,0.5,0.5,0.5
Per position nucleotide content - A position 12,Pass,0.5,0.5,0.5
Per position nucleotide content - A position 13,Pass,0.5525,0.6290654205607477,0.5525
Per position nucleotide content - A position 14,Pass,0.5,0.5,0.5
Per position nucleotide content - A position 15,Pass,0.5633333333333334,0.6417307692307692,0.5633333333333334
Per position nucleotide content - A position 16,Pass,0.5,0.5,0.5
Per position nucleotide content - A position 17,Pass,0.5,0.5,0.5
Per position nucleotide content - A position 18,Pass,0.5,0.5,0.5
Per position nucleotide content - A position 19,Pass,0.5,0.5,0.5
Per position nucleotide content - A position 20,Pass,0.5,0.5,0.5
Per position nucleotide content - A position 21,Pass,0.5,0.5,0.5
Per position nucleotide content - A position 22,Pass,0.5558333333333334,0.6329245036572623,0.5558333333333333
Per position nucleotide content - A position 23,Pass,0.5,0.5,0.5
Per position nucleotide content - A position 24,Pass,0.5,0.5,0.5
Per position nucleotide content - A position 25,Pass,0.5,0.5,0.5
Per position nucleotide content - A position 26,Pass,0.5,0.5,0.5
Per position nucleotide content - A position 27,Pass,0.5,0.5,0.5
Per position nucleotide content - A position 28,Pass,0.5,0.5,0.5
Per position nucleotide content - A position 29,Pass,0.5,0.5,0.5
Per position nucleotide content - A position 30,Pass,0.5,0.5,0.5
Per position nucleotide content - A position 31,Pass,0.5,0.5,0.5
Per position nucleotide content - A position 32,Pass,0.5,0.5,0.5
Per position nucleotide content - A position 33,Pass,0.5,0.5,0.5
Per position nucleotide content - A position 34,Pass,0.5,0.5,0.5
Per position nucleotide content - A position 35,Pass,0.5,0.5,0.5
Per position nucleotide content - A position 36,Pass,0.5,0.5,0.5
Per position nucleotide content - A position 37,Pass,0.5,0.5,0.5
Per position nucleotide content - A position 38,Pass,0.5,0.5,0.5
Per position nucleotide content - A position 39,Pass,0.5,0.5,0.5
Per position nucleotide content - A position 40,Pass,0.5,0.5,0.5
Per position nucleotide content - A position 41,Pass,0.5,0.5,0.5
Per position nucleotide content - A position 42,Pass,0.5,0.5,0.5
Per position nucleotide content - A position 43,Pass,0.5516666666666667,0.6275,0.5516666666666666
Per position nucleotide content - A position 44,Pass,0.5,0.5,0.5
Per position nucleotide content - A position 45,Pass,0.5,0.5,0.5
Per position nucleotide content - A position 46,Pass,0.5,0.5,0.5
Per position nucleotide content - A position 47,Pass,0.5,0.5,0.5
Per position nucleotide content - A position 48,Pass,0.5,0.5,0.5
Per position nucleotide content - A position 49,Pass,0.5,0.5,0.5
Per position nucleotide content - A position 50,Pass,0.5,0.5,0.5
Per position nucleotide content - A position 51,Pass,0.5,0.5,0.5
Per position nucleotide content - A position 52,Pass,0.5,0.5,0.5
Per position nucleotide content - A position 53,Pass,0.5,0.5,0.5
Per position nucleotide content - A position 54,Pass,0.5,0.5,0.5
Per position nucleotide content - A position 55,Pass,0.5,0.5,0.5
Per position nucleotide content - A position 56,Pass,0.5,0.5,0.5
Per position nucleotide content - A position 57,Pass,0.5,0.5,0.5
Per position nucleotide content - A position 58,Pass,0.5,0.5,0.5
Per position nucleotide content - A position 59,Pass,0.5549999999999999,0.6328571428571428,0.555
Per position nucleotide content - A position 60,Pass,0.5,0.5,0.5
Per position nucleotide content - A position 61,Pass,0.5,0.5,0.5
Per position nucleotide content - A position 62,Pass,0.5,0.5,0.5
Per position nucleotide content - A position 63,Pass,0.5,0.5,0.5
Per position nucleotide content - A position 64,Pass,0.5,0.5,0.5
Per position nucleotide content - A position 65,Pass,0.5,0.5,0.5
Per position nucleotide content - A position 66,Pass,0.5,0.5,0.5
Per position nucleotide content - A position 67,Pass,0.5,0.5,0.5
Per position nucleotide content - A position 68,Pass,0.5,0.5,0.5
Per position nucleotide content - A position 69,Pass,0.5,0.5,0.5
Per position nucleotide content - A position 70,Pass,0.5,0.5,0.5
Per position nucleotide content - A position 71,Pass,0.5,0.5,0.5
Per position nucleotide content - A position 72,Pass,0.5,0.5,0.5
Per position nucleotide content - A position 73,Pass,0.5,0.5,0.5
Per position nucleotide content - A position 74,Pass,0.5,0.5,0.5
Per position nucleotide content - A position 75,Pass,0.5,0.5,0.5
Per position nucleotide content - A position 76,Pass,0.5,0.5,0.5
Per position nucleotide content - A position 77,Pass,0.5,0.5,0.5
Per position nucleotide content - A position 78,Pass,0.5,0.5,0.5
Per position nucleotide content - A position 79,Pass,0.5,0.5,0.5
Per position nucleotide content - A position 80,Pass,0.5,0.5,0.5
Per position nucleotide content - A position 81,Pass,0.5,0.5,0.5
Per position nucleotide content - A position 82,Pass,0.5,0.5,0.5
Per position nucleotide content - A position 83,Pass,0.5,0.5,0.5
Per position nucleotide content - A position 84,Pass,0.5,0.5,0.5
Per position nucleotide content - A position 85,Pass,0.5,0.5,0.5
Per position nucleotide content - A position 86,Pass,0.5,0.5,0.5
Per position nucleotide content - A position 87,Pass,0.5,0.5,0.5
Per position nucleotide content - A position 88,Pass,0.5,0.5,0.5
Per position nucleotide content - A position 89,Pass,0.5,0.5,0.5
Per position nucleotide content - A position 90,Pass,0.5,0.5,0.5
Per position nucleotide content - A position 91,Pass,0.5,0.5,0.5
Per position nucleotide content - A position 92,Pass,0.5,0.5,0.5
Per position nucleotide content - A position 93,Pass,0.5,0.5,0.5
Per position nucleotide content - A position 94,Pass,0.5,0.5,0.5
Per position nucleotide content - A position 95,Pass,0.5,0.5,0.5
Per position nucleotide content - A position 96,Pass,0.5,0.5,0.5
Per position nucleotide content - A position 97,Pass,0.5,0.5,0.5
Per position nucleotide content - A position 98,Pass,0.5,0.5,0.5
Per position nucleotide content - A position 99,Pass,0.5,0.5,0.5
Per position nucleotide content - A position 100,Pass,0.5,0.5,0.5
Per position nucleotide content - A position 101,Pass,0.5,0.5,0.5
Per position nucleotide content - A position 102,Pass,0.5,0.5,0.5
Per position nucleotide content - A position 103,Pass,0.5,0.5,0.5
Per position nucleotide content - A position 104,Pass,0.5,0.5,0.5
Per position nucleotide content - A position 105,Pass,0.5,0.5,0.5
Per position nucleotide content - A position 106,Pass,0.5,0.5,0.5
Per position nucleotide content - A position 107,Pass,0.5,0.5,0.5
Per position nucleotide content - A position 108,Pass,0.5,0.5,0.5
Per position nucleotide content - A position 109,Pass,0.5,0.5,0.5
Per position nucleotide content - A position 110,Pass,0.5,0.5,0.5
Per position nucleotide content - A position 111,Pass,0.5,0.5,0.5
Per position nucleotide content - A position 112,Pass,0.5,0.5,0.5
Per position nucleotide content - A position 113,Pass,0.5,0.5,0.5
Per position nucleotide content - A position 114,Pass,0.5,0.5,0.5
Per position nucleotide content - A position 115,Pass,0.5,0.5,0.5
Per position nucleotide content - A position 116,Pass,0.5,0.5,0.5
Per position nucleotide content - A position 117,Pass,0.5,0.5,0.5
Per position nucleotide content - A position 118,Pass,0.5,0.5,0.5
Per position nucleotide content - A position 119,Pass,0.5,0.5,0.5
Per position nucleotide content - A position 120,Pass,0.5,0.5,0.5
Per position nucleotide content - A position 121,Pass,0.5,0.5,0.5
Per position nucleotide content - A position 122,Pass,0.5,0.5,0.5
Per position nucleotide content - A position 123,Pass,0.5,0.5,0.5
Per position nucleotide content - A position 124,Pass,0.5,0.5,0.5
Per position nucleotide content - A position 125,Pass,0.5,0.5,0.5
Per position nucleotide content - A position 126,Pass,0.5,0.5,0.5
Per position nucleotide content - A position 127,Pass,0.5,0.5,0.5
Per position nucleotide content - A position 128,Pass,0.5,0.5,0.5
Per position nucleotide content - A position 129,Pass,0.5,0.5,0.5
Per position nucleotide content - A position 130,Pass,0.5,0.5,0.5
Per position nucleotide content - A position 131,Pass,0.5,0.5,0.5
Per position nucleotide content - A position 132,Pass,0.5,0.5,0.5
Per position nucleotide content - A position 133,Pass,0.5,0.5,0.5
Per position nucleotide content - A position 134,Pass,0.5,0.5,0.5
Per position nucleotide content - A position 135,Pass,0.5,0.5,0.5
Per position nucleotide content - A position 136,Pass,0.5,0.5,0.5
Per position nucleotide content - A position 137,Pass,0.5,0.5,0.5
Per position nucleotide content - A position 138,Pass,0.5,0.5,0.5
Per position nucleotide content - A position 139,Pass,0.5,0.5,0.5
Per position nucleotide content - A position 140,Pass,0.5,0.5,0.5
Per position nucleotide content - A position 141,Pass,0.5,0.5,0.5
Per position nucleotide content - A position 142,Pass,0.5,0.5,0.5
Per position nucleotide content - A position 143,Pass,0.5,0.5,0.5
Per position nucleotide content - A position 144,Pass,0.5,0.5,0.5
Per position nucleotide content - A position 145,Pass,0.5,0.5,0.5
Per position nucleotide content - A position 146,Pass,0.5,0.5,0.5
Per position nucleotide content - A position 147,Pass,0.5,0.5,0.5
Per position nucleotide content - A position 148,Pass,0.5,0.5,0.5
Per position nucleotide content - A position 149,Pass,0.5,0.5,0.5
Per position nucleotide content - A position 150,Pass,0.5,0.5,0.5
Per position nucleotide content - A position 151,Pass,0.5,0.5,0.5
Per position nucleotide content - A position 152,Pass,0.5,0.5,0.5
Per position nucleotide content - A position 153,Pass,0.5,0.5,0.5
Per position nucleotide content - A position 154,Pass,0.5,0.5,0.5
Per position nucleotide content - A position 155,Pass,0.5,0.5,0.5
Per position nucleotide content - A position 156,Pass,0.5,0.5,0.5
Per position nucleotide content - A position 157,Pass,0.5,0.5,0.5
Per position nucleotide content - A position 158,Pass,0.5,0.5,0.5
Per position nucleotide content - A position 159,Pass,0.5,0.5,0.5
Per position nucleotide content - A position 160,Pass,0.5,0.5,0.5
Per position nucleotide content - A position 161,Pass,0.5591666666666667,0.6382360710854947,0.5591666666666667
Per position nucleotide content - A position 162,Pass,0.5,0.5,0.5
Per position nucleotide content - A position 163,Pass,0.5,0.5,0.5
Per position nucleotide content - A position 164,Pass,0.5,0.5,0.5
Per position nucleotide content - A position 165,Pass,0.5,0.5,0.5
Per position nucleotide content - A position 166,Pass,0.5,0.5,0.5
Per position nucleotide content - A position 167,Pass,0.5,0.5,0.5
Per position nucleotide content - A position 168,Pass,0.5,0.5,0.5
Per position nucleotide content - A position 169,Pass,0.5,0.5,0.5
Per position nucleotide content - A position 170,Pass,0.5,0.5,0.5
Per position nucleotide content - A position 171,Pass,0.5,0.5,0.5
Per position nucleotide content - A position 172,Pass,0.5,0.5,0.5
Per position nucleotide content - A position 173,Pass,0.5,0.5,0.5
Per position nucleotide content - A position 174,Pass,0.5,0.5,0.5
Per position nucleotide content - A position 175,Pass,0.5,0.5,0.5
Per position nucleotide content - A position 176,Pass,0.5,0.5,0.5
Per position nucleotide content - A position 177,Pass,0.5,0.5,0.5
Per position nucleotide content - A position 178,Pass,0.5,0.5,0.5
Per position nucleotide content - A position 179,Pass,0.5,0.5,0.5
Per position nucleotide content - A position 180,Pass,0.5,0.5,0.5
Per position nucleotide content - A position 181,Pass,0.5,0.5,0.5
Per position nucleotide content - A position 182,Pass,0.5,0.5,0.5
Per position nucleotide content - A position 183,Pass,0.5,0.5,0.5
Per position nucleotide content - A position 184,Pass,0.5,0.5,0.5
Per position nucleotide content - A position 185,Pass,0.5,0.5,0.5
Per position nucleotide content - A position 186,Pass,0.5,0.5,0.5
Per position nucleotide content - A position 187,Pass,0.5,0.5,0.5
Per position nucleotide content - A position 188,Pass,0.5,0.5,0.5
Per position nucleotide content - A position 189,Pass,0.5,0.5,0.5
Per position nucleotide content - A position 190,Pass,0.5,0.5,0.5
Per position nucleotide content - A position 191,Pass,0.5,0.5,0.5
Per position nucleotide content - A position 192,Pass,0.5,0.5,0.5
Per position nucleotide content - A position 193,Pass,0.5,0.5,0.5
Per position nucleotide content - A position 194,Pass,0.5,0.5,0.5
Per position nucleotide content - A position 195,Pass,0.5,0.5,0.5
Per position nucleotide content - A position 196,Pass,0.5,0.5,0.5
Per position nucleotide content - A position 197,Pass,0.5,0.5,0.5
Per position nucleotide content - A position 198,Pass,0.5,0.5,0.5
Per position nucleotide content - A position 199,Pass,0.5,0.5,0.5
Per position nucleotide content - A position 200,Pass,0.5,0.5,0.5
Per position nucleotide content - A,Pass,0.5633333333333334,0.6417307692307692,0.5633333333333334
Per position nucleotide content - C position 1,Pass,0.5,0.5,0.5
Per position nucleotide content - C position 2,Pass,0.5,0.5,0.5
Per position nucleotide content - C position 3,Pass,0.5658333333333334,0.7271917493568542,0.5658333333333333
Per position nucleotide content - C position 4,Pass,0.5,0.5,0.5
Per position nucleotide content - C position 5,Pass,0.5,0.5,0.5
Per position nucleotide content - C position 6,Pass,0.5,0.5,0.5
Per position nucleotide content - C position 7,Pass,0.5,0.5,0.5
Per position nucleotide content - C position 8,Pass,0.5,0.5,0.5
Per position nucleotide content - C position 9,Pass,0.5,0.5,0.5
Per position nucleotide content - C position 10,Pass,0.5,0.5,0.5
Per position nucleotide content - C position 11,Pass,0.5,0.5,0.5
Per position nucleotide content - C position 12,Pass,0.5,0.5,0.5
Per position nucleotide content - C position 13,Pass,0.5,0.5,0.5
Per position nucleotide content - C position 14,Pass,0.5,0.5,0.5
Per position nucleotide content - C position 15,Pass,0.5,0.5,0.5
Per position nucleotide content - C position 16,Pass,0.5,0.5,0.5
Per position nucleotide content - C position 17,Pass,0.5,0.5,0.5
Per position nucleotide content - C position 18,Pass,0.5,0.5,0.5
Per position nucleotide content - C position 19,Pass,0.5549999999999999,0.7192074981440237,0.555
Per position nucleotide content - C position 20,Pass,0.5,0.5,0.5
Per position nucleotide content - C position 21,Pass,0.5,0.5,0.5
Per position nucleotide content - C position 22,Pass,0.5641666666666667,0.7243770903010034,0.5641666666666667
Per position nucleotide content - C position 23,Pass,0.5,0.5,0.5
Per position nucleotide content - C position 24,Pass,0.5,0.5,0.5
Per position nucleotide content - C position 25,Pass,0.5491666666666667,0.7209459459459459,0.5491666666666667
Per position nucleotide content - C position 26,Pass,0.5,0.5,0.5
Per position nucleotide content - C position 27,Pass,0.5,0.5,0.5
Per position nucleotide content - C position 28,Pass,0.5,0.5,0.5
Per position nucleotide content - C position 29,Pass,0.5,0.5,0.5
Per position nucleotide content - C position 30,Pass,0.5566666666666666,0.7190582959641256,0.5566666666666666
Per position nucleotide content - C position 31,Pass,0.5525,0.7175585284280938,0.5525
Per position nucleotide content - C position 32,Pass,0.5,0.5,0.5
Per position nucleotide content - C position 33,Pass,0.5,0.5,0.5
Per position nucleotide content - C position 34,Pass,0.55,0.7204710144927535,0.55
Per position nucleotide content - C position 35,Pass,0.5,0.5,0.5
Per position nucleotide content - C position 36,Pass,0.5,0.5,0.5
Per position nucleotide content - C position 37,Pass,0.5,0.5,0.5
Per position nucleotide content - C position 38,Pass,0.5,0.5,0.5
Per position nucleotide content - C position 39,Pass,0.5,0.5,0.5
Per position nucleotide content - C position 40,Pass,0.5,0.5,0.5
Per position nucleotide content - C position 41,Pass,0.5,0.5,0.5
Per position nucleotide content - C position 42,Pass,0.5,0.5,0.5
Per position nucleotide content - C position 43,Pass,0.5,0.5,0.5
Per position nucleotide content - C position 44,Pass,0.5,0.5,0.5
Per position nucleotide content - C position 45,Pass,0.5,0.5,0.5
Per position nucleotide content - C position 46,Pass,0.5,0.5,0.5
Per position nucleotide content - C position 47,Pass,0.5,0.5,0.5
Per position nucleotide content - C position 48,Pass,0.5,0.5,0.5
Per position nucleotide content - C position 49,Pass,0.5,0.5,0.5
Per position nucleotide content - C position 50,Pass,0.5,0.5,0.5
Per position nucleotide content - C position 51,Pass,0.5,0.5,0.5
Per position nucleotide content - C position 52,Pass,0.5,0.5,0.5
Per position nucleotide content - C position 53,Pass,0.5516666666666667,0.715749063670412,0.5516666666666666
Per position nucleotide content - C position 54,Pass,0.5,0.5,0.5
Per position nucleotide content - C position 55,Pass,0.5,0.5,0.5
Per position nucleotide content - C position 56,Pass,0.5,0.5,0.5
Per position nucleotide content - C position 57,Pass,0.5,0.5,0.5
Per position nucleotide content - C position 58,Pass,0.5,0.5,0.5
Per position nucleotide content - C position 59,Pass,0.5,0.5,0.5
Per position nucleotide content - C position 60,Pass,0.5,0.5,0.5
Per position nucleotide content - C position 61,Pass,0.5533333333333332,0.7186111111111111,0.5533333333333333
Per position nucleotide content - C position 62,Pass,0.5,0.5,0.5
Per position nucleotide content - C position 63,Pass,0.5,0.5,0.5
Per position nucleotide content - C position 64,Pass,0.5,0.5,0.5
Per position nucleotide content - C position 65,Pass,0.5,0.5,0.5
Per position nucleotide content - C position 66,Pass,0.5,0.5,0.5
Per position nucleotide content - C position 67,Pass,0.5,0.5,0.5
Per position nucleotide content - C position 68,Pass,0.5,0.5,0.5
Per position nucleotide content - C position 69,Pass,0.5,0.5,0.5
Per position nucleotide content - C position 70,Pass,0.5,0.5,0.5
Per position nucleotide content - C position 71,Pass,0.5549999999999999,0.721842105263158,0.555
Per position nucleotide content - C position 72,Pass,0.5,0.5,0.5
Per position nucleotide content - C position 73,Pass,0.5,0.5,0.5
Per position nucleotide content - C position 74,Pass,0.5,0.5,0.5
Per position nucleotide content - C position 75,Pass,0.5499999999999999,0.7200898692810457,0.55
Per position nucleotide content - C position 76,Pass,0.5,0.5,0.5
Per position nucleotide content - C position 77,Pass,0.5,0.5,0.5
Per position nucleotide content - C position 78,Pass,0.5,0.5,0.5
Per position nucleotide content - C position 79,Pass,0.55,0.7189473684210527,0.55
Per position nucleotide content - C position 80,Pass,0.5,0.5,0.5
Per position nucleotide content - C position 81,Pass,0.5,0.5,0.5
Per position nucleotide content - C position 82,Pass,0.5,0.5,0.5
Per position nucleotide content - C position 83,Pass,0.5,0.5,0.5
Per position nucleotide content - C position 84,Pass,0.5,0.5,0.5
Per position nucleotide content - C position 85,Pass,0.5,0.5,0.5
Per position nucleotide content - C position 86,Pass,0.5,0.5,0.5
Per position nucleotide content - C position 87,Pass,0.5,0.5,0.5
Per position nucleotide content - C position 88,Pass,0.5,0.5,0.5
Per position nucleotide content - C position 89,Pass,0.5,0.5,0.5
Per position nucleotide content - C position 90,Pass,0.5,0.5,0.5
Per position nucleotide content - C position 91,Pass,0.5,0.5,0.5
Per position nucleotide content - C position 92,Pass,0.5,0.5,0.5
Per position nucleotide content - C position 93,Pass,0.5,0.5,0.5
Per position nucleotide content - C position 94,Pass,0.5,0.5,0.5
Per position nucleotide content - C position 95,Pass,0.5,0.5,0.5
Per position nucleotide content - C position 96,Pass,0.5,0.5,0.5
Per position nucleotide content - C position 97,Pass,0.5,0.5,0.5
Per position nucleotide content - C position 98,Pass,0.5,0.5,0.5
Per position nucleotide content - C position 99,Pass,0.5,0.5,0.5
Per position nucleotide content - C position 100,Pass,0.5,0.5,0.5
Per position nucleotide content - C position 101,Pass,0.5,0.5,0.5
Per position nucleotide content - C position 102,Pass,0.5,0.5,0.5
Per position nucleotide content - C position 103,Pass,0.5,0.5,0.5
Per position nucleotide content - C position 104,Pass,0.5,0.5,0.5
Per position nucleotide content - C position 105,Pass,0.5,0.5,0.5
Per position nucleotide content - C position 106,Pass,0.5,0.5,0.5
Per position nucleotide content - C position 107,Pass,0.5,0.5,0.5
Per position nucleotide content - C position 108,Pass,0.5,0.5,0.5
Per position nucleotide content - C position 109,Pass,0.5,0.5,0.5
Per position nucleotide content - C position 110,Pass,0.5,0.5,0.5
Per position nucleotide content - C position 111,Pass,0.5,0.5,0.5
Per position nucleotide content - C position 112,Pass,0.5,0.5,0.5
Per position nucleotide content - C position 113,Pass,0.5,0.5,0.5
Per position nucleotide content - C position 114,Pass,0.5,0.5,0.5
Per position nucleotide content - C position 115,Pass,0.5,0.5,0.5
Per position nucleotide content - C position 116,Pass,0.5,0.5,0.5
Per position nucleotide content - C position 117,Pass,0.5,0.5,0.5
Per position nucleotide content - C position 118,Pass,0.5,0.5,0.5
Per position nucleotide content - C position 119,Pass,0.5,0.5,0.5
Per position nucleotide content - C position 120,Pass,0.5,0.5,0.5
Per position nucleotide content - C position 121,Pass,0.5,0.5,0.5
Per position nucleotide content - C position 122,Pass,0.5,0.5,0.5
Per position nucleotide content - C position 123,Pass,0.5541666666666667,0.7207934543454345,0.5541666666666667
Per position nucleotide content - C position 124,Pass,0.55,0.7216153707703384,0.55
Per position nucleotide content - C position 125,Pass,0.5,0.5,0.5
Per position nucleotide content - C position 126,Pass,0.5,0.5,0.5
Per position nucleotide content - C position 127,Pass,0.5,0.5,0.5
Per position nucleotide content - C position 128,Pass,0.5,0.5,0.5
Per position nucleotide content - C position 129,Pass,0.5,0.5,0.5
Per position nucleotide content - C position 130,Pass,0.5,0.5,0.5
Per position nucleotide content - C position 131,Pass,0.5,0.5,0.5
Per position nucleotide content - C position 132,Pass,0.5,0.5,0.5
Per position nucleotide content - C position 133,Pass,0.5,0.5,0.5
Per position nucleotide content - C position 134,Pass,0.5,0.5,0.5
Per position nucleotide content - C position 135,Pass,0.5,0.5,0.5
Per position nucleotide content - C position 136,Pass,0.5,0.5,0.5
Per position nucleotide content - C position 137,Pass,0.5,0.5,0.5
Per position nucleotide content - C position 138,Pass,0.5,0.5,0.5
Per position nucleotide content - C position 139,Pass,0.5,0.5,0.5
Per position nucleotide content - C position 140,Pass,0.5,0.5,0.5
Per position nucleotide content - C position 141,Pass,0.5,0.5,0.5
Per position nucleotide content - C position 142,Pass,0.5,0.5,0.5
Per position nucleotide content - C position 143,Pass,0.5,0.5,0.5
Per position nucleotide content - C position 144,Pass,0.5,0.5,0.5
Per position nucleotide content - C position 145,Pass,0.5,0.5,0.5
Per position nucleotide content - C position 146,Pass,0.5,0.5,0.5
Per position nucleotide content - C position 147,Pass,0.5,0.5,0.5
Per position nucleotide content - C position 148,Pass,0.5,0.5,0.5
Per position nucleotide content - C position 149,Pass,0.5,0.5,0.5
Per position nucleotide content - C position 150,Pass,0.5,0.5,0.5
Per position nucleotide content - C position 151,Pass,0.5,0.5,0.5
Per position nucleotide content - C position 152,Pass,0.5,0.5,0.5
Per position nucleotide content - C position 153,Pass,0.5,0.5,0.5
Per position nucleotide content - C position 154,Pass,0.5,0.5,0.5
Per position nucleotide content - C position 155,Pass,0.5,0.5,0.5
Per position nucleotide content - C position 156,Pass,0.5,0.5,0.5
Per position nucleotide content - C position 157,Pass,0.5,0.5,0.5
Per position nucleotide content - C position 158,Pass,0.5,0.5,0.5
Per position nucleotide content - C position 159,Pass,0.5,0.5,0.5
Per position nucleotide content - C position 160,Pass,0.5,0.5,0.5
Per position nucleotide content - C position 161,Pass,0.5,0.5,0.5
Per position nucleotide content - C position 162,Pass,0.5,0.5,0.5
Per position nucleotide content - C position 163,Pass,0.5,0.5,0.5
Per position nucleotide content - C position 164,Pass,0.5,0.5,0.5
Per position nucleotide content - C position 165,Pass,0.5,0.5,0.5
Per position nucleotide content - C position 166,Pass,0.5,0.5,0.5
Per position nucleotide content - C position 167,Pass,0.5,0.5,0.5
Per position nucleotide content - C position 168,Pass,0.5,0.5,0.5
Per position nucleotide content - C position 169,Pass,0.5,0.5,0.5
Per position nucleotide content - C position 170,Pass,0.5,0.5,0.5
Per position nucleotide content - C position 171,Pass,0.5,0.5,0.5
Per position nucleotide content - C position 172,Pass,0.5,0.5,0.5
Per position nucleotide content - C position 173,Pass,0.5,0.5,0.5
Per position nucleotide content - C position 174,Pass,0.5,0.5,0.5
Per position nucleotide content - C position 175,Pass,0.5,0.5,0.5
Per position nucleotide content - C position 176,Pass,0.5,0.5,0.5
Per position nucleotide content - C position 177,Pass,0.5,0.5,0.5
Per position nucleotide content - C position 178,Pass,0.5,0.5,0.5
Per position nucleotide content - C position 179,Pass,0.5541666666666667,0.7181564245810056,0.5541666666666667
Per position nucleotide content - C position 180,Pass,0.5,0.5,0.5
Per position nucleotide content - C position 181,Pass,0.5,0.5,0.5
Per position nucleotide content - C position 182,Pass,0.5,0.5,0.5
Per position nucleotide content - C position 183,Pass,0.555,0.7207119205298013,0.555
Per position nucleotide content - C position 184,Pass,0.5,0.5,0.5
Per position nucleotide content - C position 185,Pass,0.5,0.5,0.5
Per position nucleotide content - C position 186,Pass,0.5,0.5,0.5
Per position nucleotide content - C position 187,Pass,0.5,0.5,0.5
Per position nucleotide content - C position 188,Pass,0.5,0.5,0.5
Per position nucleotide content - C position 189,Pass,0.5,0.5,0.5
Per position nucleotide content - C position 190,Pass,0.5,0.5,0.5
Per position nucleotide content - C position 191,Pass,0.5,0.5,0.5
Per position nucleotide content - C position 192,Pass,0.5,0.5,0.5
Per position nucleotide content - C position 193,Pass,0.5,0.5,0.5
Per position nucleotide content - C position 194,Pass,0.5,0.5,0.5
Per position nucleotide content - C position 195,Pass,0.5,0.5,0.5
Per position nucleotide content - C position 196,Pass,0.56,0.7206413857677902,0.56
Per position nucleotide content - C position 197,Pass,0.5,0.5,0.5
Per position nucleotide content - C position 198,Pass,0.5,0.5,0.5
Per position nucleotide content - C position 199,Pass,0.5,0.5,0.5
Per position nucleotide content - C position 200,Pass,0.5,0.5,0.5
Per position nucleotide content - C,Pass,0.5658333333333334,0.7271917493568542,0.5658333333333333
Per position nucleotide content - G position 1,Pass,0.5,0.5,0.5
Per position nucleotide content - G position 2,Pass,0.5,0.5,0.5
Per position nucleotide content - G position 3,Pass,0.5,0.5,0.5
Per position nucleotide content - G position 4,Pass,0.5,0.5,0.5
Per position nucleotide content - G position 5,Pass,0.5,0.5,0.5
Per position nucleotide content - G position 6,Pass,0.5,0.5,0.5
Per position nucleotide content - G position 7,Pass,0.5575,0.7231019026710576,0.5575
Per position nucleotide content - G position 8,Pass,0.5691666666666667,0.7276645346681498,0.5691666666666667
Per position nucleotide content - G position 9,Pass,0.5,0.5,0.5
Per position nucleotide content - G position 10,Pass,0.5499999999999999,0.7239081378820185,0.55
Per position nucleotide content - G position 11,Pass,0.5625,0.7259984449323088,0.5625
Per position nucleotide content - G position 12,Pass,0.5591666666666666,0.7251899309342057,0.5591666666666667
Per position nucleotide content - G position 13,Pass,0.5525,0.7190699815837938,0.5525
Per position nucleotide content - G position 14,Pass,0.5,0.5,0.5
Per position nucleotide content - G position 15,Pass,0.5583333333333333,0.72489651416122,0.5583333333333333
Per position nucleotide content - G position 16,Pass,0.5,0.5,0.5
Per position nucleotide content - G position 17,Pass,0.5,0.5,0.5
Per position nucleotide content - G position 18,Pass,0.5,0.5,0.5
Per position nucleotide content - G position 19,Pass,0.5,0.5,0.5
Per position nucleotide content - G position 20,Pass,0.5,0.5,0.5
Per position nucleotide content - G position 21,Pass,0.5,0.5,0.5
Per position nucleotide content - G position 22,Pass,0.5,0.5,0.5
Per position nucleotide content - G position 23,Pass,0.5,0.5,0.5
Per position nucleotide content - G position 24,Pass,0.5,0.5,0.5
Per position nucleotide content - G position 25,Pass,0.5,0.5,0.5
Per position nucleotide content - G position 26,Pass,0.5,0.5,0.5
Per position nucleotide content - G position 27,Pass,0.5,0.5,0.5
Per position nucleotide content - G position 28,Pass,0.5,0.5,0.5
Per position nucleotide content - G position 29,Pass,0.5,0.5,0.5
Per position nucleotide content - G position 30,Pass,0.5,0.5,0.5
Per position nucleotide content - G position 31,Pass,0.5,0.5,0.5
Per position nucleotide content - G position 32,Pass,0.5558333333333333,0.7247747747747747,0.5558333333333333
Per position nucleotide content - G position 33,Pass,0.5,0.5,0.5
Per position nucleotide content - G position 34,Pass,0.5,0.5,0.5
Per position nucleotide content - G position 35,Pass,0.5,0.5,0.5
Per position nucleotide content - G position 36,Pass,0.5,0.5,0.5
Per position nucleotide content - G position 37,Pass,0.5,0.5,0.5
Per position nucleotide content - G position 38,Pass,0.5650000000000001,0.7246800595238094,0.565
Per position nucleotide content - G position 39,Pass,0.5,0.5,0.5
Per position nucleotide content - G position 40,Pass,0.5,0.5,0.5
Per position nucleotide content - G position 41,Pass,0.5,0.5,0.5
Per position nucleotide content - G position 42,Pass,0.5,0.5,0.5
Per position nucleotide content - G position 43,Pass,0.5,0.5,0.5
Per position nucleotide content - G position 44,Pass,0.5,0.5,0.5
Per position nucleotide content - G position 45,Pass,0.5,0.5,0.5
Per position nucleotide content - G position 46,Pass,0.5525,0.7259041799504073,0.5525
Per position nucleotide content - G position 47,Pass,0.565,0.7294830079537239,0.565
Per position nucleotide content - G position 48,Pass,0.5516666666666666,0.7165044742729307,0.5516666666666666
Per position nucleotide content - G position 49,Pass,0.5,0.5,0.5
Per position nucleotide content - G position 50,Pass,0.5,0.5,0.5
Per position nucleotide content - G position 51,Pass,0.5,0.5,0.5
Per position nucleotide content - G position 52,Pass,0.5,0.5,0.5
Per position nucleotide content - G position 53,Pass,0.5,0.5,0.5
Per position nucleotide content - G position 54,Pass,0.5,0.5,0.5
Per position nucleotide content - G position 55,Pass,0.5,0.5,0.5
Per position nucleotide content - G position 56,Pass,0.5558333333333333,0.7225127783862724,0.5558333333333333
Per position nucleotide content - G position 57,Pass,0.5,0.5,0.5
Per position nucleotide content - G position 58,Pass,0.5633333333333332,0.7244444444444444,0.5633333333333334
Per position nucleotide content - G position 59,Pass,0.5591666666666667,0.7248155737704919,0.5591666666666667
Per position nucleotide content - G position 60,Pass,0.5,0.5,0.5
Per position nucleotide content - G position 61,Pass,0.5,0.5,0.5
Per position nucleotide content - G position 62,Pass,0.5,0.5,0.5
Per position nucleotide content - G position 63,Pass,0.5,0.5,0.5
Per position nucleotide content - G position 64,Pass,0.5,0.5,0.5
Per position nucleotide content - G position 65,Pass,0.5,0.5,0.5
Per position nucleotide content - G position 66,Pass,0.5,0.5,0.5
Per position nucleotide content - G position 67,Pass,0.5,0.5,0.5
Per position nucleotide content - G position 68,Pass,0.5558333333333333,0.7217601760176018,0.5558333333333333
Per position nucleotide content - G position 69,Pass,0.5,0.5,0.5
Per position nucleotide content - G position 70,Pass,0.5,0.5,0.5
Per position nucleotide content - G position 71,Pass,0.5,0.5,0.5
Per position nucleotide content - G position 72,Pass,0.5,0.5,0.5
Per position nucleotide content - G position 73,Pass,0.5,0.5,0.5
Per position nucleotide content - G position 74,Pass,0.5,0.5,0.5
Per position nucleotide content - G position 75,Pass,0.5,0.5,0.5
Per position nucleotide content - G position 76,Pass,0.5,0.5,0.5
Per position nucleotide content - G position 77,Pass,0.5,0.5,0.5
Per position nucleotide content - G position 78,Pass,0.5,0.5,0.5
Per position nucleotide content - G position 79,Pass,0.5,0.5,0.5
Per position nucleotide content - G position 80,Pass,0.5,0.5,0.5
Per position nucleotide content - G position 81,Pass,0.5,0.5,0.5
Per position nucleotide content - G position 82,Pass,0.5,0.5,0.5
Per position nucleotide content - G position 83,Pass,0.5,0.5,0.5
Per position nucleotide content - G position 84,Pass,0.5,0.5,0.5
Per position nucleotide content - G position 85,Pass,0.5508333333333333,0.7188600110011002,0.5508333333333333
Per position nucleotide content - G position 86,Pass,0.5,0.5,0.5
Per position nucleotide content - G position 87,Pass,0.5,0.5,0.5
Per position nucleotide content - G position 88,Pass,0.5,0.5,0.5
Per position nucleotide content - G position 89,Pass,0.5733333333333334,0.7291918344519015,0.5733333333333334
Per position nucleotide content - G position 90,Pass,0.5,0.5,0.5
Per position nucleotide content - G position 91,Pass,0.5,0.5,0.5
Per position nucleotide content - G position 92,Pass,0.5,0.5,0.5
Per position nucleotide content - G position 93,Pass,0.5,0.5,0.5
Per position nucleotide content - G position 94,Pass,0.5,0.5,0.5
Per position nucleotide content - G position 95,Pass,0.5,0.5,0.5
Per position nucleotide content - G position 96,Pass,0.5,0.5,0.5
Per position nucleotide content - G position 97,Pass,0.5,0.5,0.5
Per position nucleotide content - G position 98,Pass,0.5,0.5,0.5
Per position nucleotide content - G position 99,Pass,0.5,0.5,0.5
Per position nucleotide content - G position 100,Pass,0.5,0.5,0.5
Per position nucleotide content - G position 101,Pass,0.5,0.5,0.5
Per position nucleotide content - G position 102,Pass,0.5,0.5,0.5
Per position nucleotide content - G position 103,Pass,0.5,0.5,0.5
Per position nucleotide content - G position 104,Pass,0.5,0.5,0.5
Per position nucleotide content - G position 105,Pass,0.5,0.5,0.5
Per position nucleotide content - G position 106,Pass,0.5,0.5,0.5
Per position nucleotide content - G position 107,Pass,0.5,0.5,0.5
Per position nucleotide content - G position 108,Pass,0.5,0.5,0.5
Per position nucleotide content - G position 109,Pass,0.5,0.5,0.5
Per position nucleotide content - G position 110,Pass,0.55,0.7181864904552129,0.55
Per position nucleotide content - G position 111,Pass,0.5,0.5,0.5
Per position nucleotide content - G position 112,Pass,0.5,0.5,0.5
Per position nucleotide content - G position 113,Pass,0.5,0.5,0.5
Per position nucleotide content - G position 114,Pass,0.5,0.5,0.5
Per position nucleotide content - G position 115,Pass,0.5,0.5,0.5
Per position nucleotide content - G position 116,Pass,0.5,0.5,0.5
Per position nucleotide content - G position 117,Pass,0.5,0.5,0.5
Per position nucleotide content - G position 118,Pass,0.5,0.5,0.5
Per position nucleotide content - G position 119,Pass,0.5,0.5,0.5
Per position nucleotide content - G position 120,Pass,0.5508333333333333,0.7219031531531531,0.5508333333333333
Per position nucleotide content - G position 121,Pass,0.5,0.5,0.5
Per position nucleotide content - G position 122,Pass,0.5,0.5,0.5
Per position nucleotide content - G position 123,Pass,0.5,0.5,0.5
Per position nucleotide content - G position 124,Pass,0.5,0.5,0.5
Per position nucleotide content - G position 125,Pass,0.5516666666666667,0.7199122807017544,0.5516666666666666
Per position nucleotide content - G position 126,Pass,0.5566666666666666,0.7269512847965739,0.5566666666666666
Per position nucleotide content - G position 127,Pass,0.5,0.5,0.5
Per position nucleotide content - G position 128,Pass,0.5,0.5,0.5
Per position nucleotide content - G position 129,Pass,0.5,0.5,0.5
Per position nucleotide content - G position 130,Pass,0.5,0.5,0.5
Per position nucleotide content - G position 131,Pass,0.5,0.5,0.5
Per position nucleotide content - G position 132,Pass,0.5,0.5,0.5
Per position nucleotide content - G position 133,Pass,0.5,0.5,0.5
Per position nucleotide content - G position 134,Pass,0.5,0.5,0.5
Per position nucleotide content - G position 135,Pass,0.5,0.5,0.5
Per position nucleotide content - G position 136,Pass,0.5,0.5,0.5
Per position nucleotide content - G position 137,Pass,0.5,0.5,0.5
Per position nucleotide content - G position 138,Pass,0.5,0.5,0.5
Per position nucleotide content - G position 139,Pass,0.55,0.7189473684210527,0.55
Per position nucleotide content - G position 140,Pass,0.5,0.5,0.5
Per position nucleotide content - G position 141,Pass,0.5,0.5,0.5
Per position nucleotide content - G position 142,Pass,0.5,0.5,0.5
Per position nucleotide content - G position 143,Pass,0.5,0.5,0.5
Per position nucleotide content - G position 144,Pass,0.5,0.5,0.5
Per position nucleotide content - G position 145,Pass,0.5,0.5,0.5
Per position nucleotide content - G position 146,Pass,0.5,0.5,0.5
Per position nucleotide content - G position 147,Pass,0.5,0.5,0.5
Per position nucleotide content - G position 148,Pass,0.5,0.5,0.5
Per position nucleotide content - G position 149,Pass,0.5,0.5,0.5
Per position nucleotide content - G position 150,Pass,0.55,0.7231432905067808,0.55
Per position nucleotide content - G position 151,Pass,0.5,0.5,0.5
Per position nucleotide content - G position 152,Pass,0.5,0.5,0.5
Per position nucleotide content - G position 153,Pass,0.5,0.5,0.5
Per position nucleotide content - G position 154,Pass,0.5,0.5,0.5
Per position nucleotide content - G position 155,Pass,0.5566666666666668,0.7239351851851853,0.5566666666666666
Per position nucleotide content - G position 156,Pass,0.5,0.5,0.5
Per position nucleotide content - G position 157,Pass,0.5,0.5,0.5
Per position nucleotide content - G position 158,Pass,0.5,0.5,0.5
Per position nucleotide content - G position 159,Pass,0.5,0.5,0.5
Per position nucleotide content - G position 160,Pass,0.5,0.5,0.5
Per position nucleotide content - G position 161,Pass,0.5783333333333334,0.7314044943820225,0.5783333333333334
Per position nucleotide content - G position 162,Pass,0.5,0.5,0.5
Per position nucleotide content - G position 163,Pass,0.5,0.5,0.5
Per position nucleotide content - G position 164,Pass,0.5,0.5,0.5
Per position nucleotide content - G position 165,Pass,0.55,0.7189473684210527,0.55
Per position nucleotide content - G position 166,Pass,0.5,0.5,0.5
Per position nucleotide content - G position 167,Pass,0.5,0.5,0.5
Per position nucleotide content - G position 168,Pass,0.5,0.5,0.5
Per position nucleotide content - G position 169,Pass,0.5,0.5,0.5
Per position nucleotide content - G position 170,Pass,0.5,0.5,0.5
Per position nucleotide content - G position 171,Pass,0.5,0.5,0.5
Per position nucleotide content - G position 172,Pass,0.5,0.5,0.5
Per position nucleotide content - G position 173,Pass,0.5,0.5,0.5
Per position nucleotide content - G position 174,Pass,0.5549999999999999,0.7173310810810812,0.555
Per position nucleotide content - G position 175,Pass,0.5,0.5,0.5
Per position nucleotide content - G position 176,Pass,0.5,0.5,0.5
Per position nucleotide content - G position 177,Pass,0.5,0.5,0.5
Per position nucleotide content - G position 178,Pass,0.5541666666666667,0.7200391344383057,0.5541666666666667
Per position nucleotide content - G position 179,Pass,0.5,0.5,0.5
Per position nucleotide content - G position 180,Pass,0.5,0.5,0.5
Per position nucleotide content - G position 181,Pass,0.5516666666666666,0.7210511982570806,0.5516666666666666
Per position nucleotide content - G position 182,Pass,0.5541666666666667,0.7219262295081968,0.5541666666666667
Per position nucleotide content - G position 183,Pass,0.5,0.5,0.5
Per position nucleotide content - G position 184,Pass,0.5,0.5,0.5
Per position nucleotide content - G position 185,Pass,0.5,0.5,0.5
Per position nucleotide content - G position 186,Pass,0.5616666666666668,0.7238433111603844,0.5616666666666666
Per position nucleotide content - G position 187,Pass,0.5558333333333333,0.7195066889632107,0.5558333333333333
Per position nucleotide content - G position 188,Pass,0.5525,0.7262853481795687,0.5525
Per position nucleotide content - G position 189,Pass,0.5,0.5,0.5
Per position nucleotide content - G position 190,Pass,0.5,0.5,0.5
Per position nucleotide content - G position 191,Pass,0.5,0.5,0.5
Per position nucleotide content - G position 192,Pass,0.5,0.5,0.5
Per position nucleotide content - G position 193,Pass,0.5,0.5,0.5
Per position nucleotide content - G position 194,Pass,0.5,0.5,0.5
Per position nucleotide content - G position 195,Pass,0.5499999999999999,0.7200898692810457,0.55
Per position nucleotide content - G position 196,Pass,0.5,0.5,0.5
Per position nucleotide content - G position 197,Pass,0.5,0.5,0.5
Per position nucleotide content - G position 198,Pass,0.5,0.5,0.5
Per position nucleotide content - G position 199,Pass,0.5,0.5,0.5
Per position nucleotide content - G position 200,Pass,0.5,0.5,0.5
Per position nucleotide content - G,Pass,0.5783333333333334,0.7314044943820225,0.5783333333333334
Per position nucleotide content - T position 1,Pass,0.5,0.5,0.5
Per position nucleotide content - T position 2,Pass,0.5,0.5,0.5
Per position nucleotide content - T position 3,Pass,0.5,0.5,0.5
Per position nucleotide content - T position 4,Pass,0.5,0.5,0.5
Per position nucleotide content - T position 5,Pass,0.5,0.5,0.5
Per position nucleotide content - T position 6,Pass,0.5566666666666666,0.6342305725971369,0.5566666666666666
Per position nucleotide content - T position 7,Pass,0.5566666666666666,0.6341358024691358,0.5566666666666666
Per position nucleotide content - T position 8,Pass,0.5741666666666666,0.654876741693462,0.5741666666666667
Per position nucleotide content - T position 9,Pass,0.5525,0.6290654205607477,0.5525
Per position nucleotide content - T position 10,Pass,0.5,0.5,0.5
Per position nucleotide content - T position 11,Pass,0.5,0.5,0.5
Per position nucleotide content - T position 12,Pass,0.5,0.5,0.5
Per position nucleotide content - T position 13,Pass,0.5,0.5,0.5
Per position nucleotide content - T position 14,Pass,0.5,0.5,0.5
Per position nucleotide content - T position 15,Pass,0.5,0.5,0.5
Per position nucleotide content - T position 16,Pass,0.5,0.5,0.5
Per position nucleotide content - T position 17,Pass,0.5,0.5,0.5
Per position nucleotide content - T position 18,Pass,0.5,0.5,0.5
Per position nucleotide content - T position 19,Pass,0.5,0.5,0.5
Per position nucleotide content - T position 20,Pass,0.5566666666666666,0.6343292682926829,0.5566666666666666
Per position nucleotide content - T position 21,Pass,0.5,0.5,0.5
Per position nucleotide content - T position 22,Pass,0.5516666666666666,0.6281366459627329,0.5516666666666666
Per position nucleotide content - T position 23,Pass,0.5,0.5,0.5
Per position nucleotide content - T position 24,Pass,0.5541666666666667,0.6303620218579236,0.5541666666666667
Per position nucleotide content - T position 25,Pass,0.5549999999999999,0.6335211946050096,0.555
Per position nucleotide content - T position 26,Pass,0.5,0.5,0.5
Per position nucleotide content - T position 27,Pass,0.5,0.5,0.5
Per position nucleotide content - T position 28,Pass,0.5,0.5,0.5
Per position nucleotide content - T position 29,Pass,0.5,0.5,0.5
Per position nucleotide content - T position 30,Pass,0.5516666666666666,0.6269481981981982,0.5516666666666666
Per position nucleotide content - T position 31,Pass,0.5525,0.6283060109289618,0.5525
Per position nucleotide content - T position 32,Pass,0.5616666666666668,0.6397115384615384,0.5616666666666666
Per position nucleotide content - T position 33,Pass,0.5741666666666667,0.6550341530054644,0.5741666666666667
Per position nucleotide content - T position 34,Pass,0.5,0.5,0.5
Per position nucleotide content - T position 35,Pass,0.5,0.5,0.5
Per position nucleotide content - T position 36,Pass,0.5,0.5,0.5
Per position nucleotide content - T position 37,Pass,0.5641666666666667,0.6428448275862069,0.5641666666666667
Per position nucleotide content - T position 38,Pass,0.5549999999999999,0.6317985232067511,0.555
Per position nucleotide content - T position 39,Pass,0.5,0.5,0.5
Per position nucleotide content - T position 40,Pass,0.5,0.5,0.5
Per position nucleotide content - T position 41,Pass,0.5499999999999999,0.6247704081632652,0.55
Per position nucleotide content - T position 42,Pass,0.5,0.5,0.5
Per position nucleotide content - T position 43,Pass,0.5,0.5,0.5
Per position nucleotide content - T position 44,Pass,0.5,0.5,0.5
Per position nucleotide content - T position 45,Pass,0.5616666666666668,0.6399534161490683,0.5616666666666666
Per position nucleotide content - T position 46,Pass,0.5616666666666666,0.6396774193548387,0.5616666666666666
Per position nucleotide content - T position 47,Pass,0.5858333333333333,0.6687302839116718,0.5858333333333333
Per position nucleotide content - T position 48,Pass,0.5616666666666666,0.6396052631578948,0.5616666666666666
Per position nucleotide content - T position 49,Pass,0.5,0.5,0.5
Per position nucleotide content - T position 50,Pass,0.5,0.5,0.5
Per position nucleotide content - T position 51,Pass,0.5,0.5,0.5
Per position nucleotide content - T position 52,Pass,0.5,0.5,0.5
Per position nucleotide content - T position 53,Pass,0.5733333333333334,0.6539787581699346,0.5733333333333334
Per position nucleotide content - T position 54,Pass,0.5,0.5,0.5
Per position nucleotide content - T position 55,Pass,0.5,0.5,0.5
Per position nucleotide content - T position 56,Pass,0.5533333333333333,0.630329754601227,0.5533333333333333
Per position nucleotide content - T position 57,Pass,0.5,0.5,0.5
Per position nucleotide content - T position 58,Pass,0.5,0.5,0.5
Per position nucleotide content - T position 59,Pass,0.5,0.5,0.5
Per position nucleotide content - T position 60,Pass,0.5,0.5,0.5
Per position nucleotide content - T position 61,Pass,0.5,0.5,0.5
Per position nucleotide content - T position 62,Pass,0.5766666666666668,0.6576306706114399,0.5766666666666667
Per position nucleotide content - T position 63,Pass,0.5533333333333332,0.630820858283433,0.5533333333333333
Per position nucleotide content - T position 64,Pass,0.5,0.5,0.5
Per position nucleotide content - T position 65,Pass,0.56,0.6375,0.56
Per position nucleotide content - T position 66,Pass,0.5516666666666666,0.6268877551020409,0.5516666666666666
Per position nucleotide content - T position 67,Pass,0.5,0.5,0.5
Per position nucleotide content - T position 68,Pass,0.5,0.5,0.5
Per position nucleotide content - T position 69,Pass,0.5,0.5,0.5
Per position nucleotide content - T position 70,Pass,0.5591666666666667,0.63746996996997,0.5591666666666667
Per position nucleotide content - T position 71,Pass,0.5566666666666668,0.6337234607218684,0.5566666666666666
Per position nucleotide content - T position 72,Pass,0.5,0.5,0.5
Per position nucleotide content - T position 73,Pass,0.5,0.5,0.5
Per position nucleotide content - T position 74,Pass,0.5,0.5,0.5
Per position nucleotide content - T position 75,Pass,0.5,0.5,0.5
Per position nucleotide content - T position 76,Pass,0.5,0.5,0.5
Per position nucleotide content - T position 77,Pass,0.5641666666666667,0.6427542372881356,0.5641666666666667
Per position nucleotide content - T position 78,Pass,0.555,0.6316346153846155,0.555
Per position nucleotide content - T position 79,Pass,0.56,0.6380555555555556,0.56
Per position nucleotide content - T position 80,Pass,0.5,0.5,0.5
Per position nucleotide content - T position 81,Pass,0.5,0.5,0.5
Per position nucleotide content - T position 82,Pass,0.5,0.5,0.5
Per position nucleotide content - T position 83,Pass,0.5,0.5,0.5
Per position nucleotide content - T position 84,Pass,0.5,0.5,0.5
Per position nucleotide content - T position 85,Pass,0.5575,0.6343923034330011,0.5575
Per position nucleotide content - T position 86,Pass,0.5508333333333333,0.6263409337676439,0.5508333333333333
Per position nucleotide content - T position 87,Pass,0.5,0.5,0.5
Per position nucleotide content - T position 88,Pass,0.5,0.5,0.5
Per position nucleotide content - T position 89,Pass,0.57,0.6503304597701149,0.57
Per position nucleotide content - T position 90,Pass,0.5,0.5,0.5
Per position nucleotide content - T position 91,Pass,0.5725,0.6531591415830547,0.5725
Per position nucleotide content - T position 92,Pass,0.5,0.5,0.5
Per position nucleotide content - T position 93,Pass,0.5,0.5,0.5
Per position nucleotide content - T position 94,Pass,0.5,0.5,0.5
Per position nucleotide content - T position 95,Pass,0.5,0.5,0.5
Per position nucleotide content - T position 96,Pass,0.5658333333333334,0.6447648514851485,0.5658333333333333
Per position nucleotide content - T position 97,Pass,0.5533333333333333,0.6291666666666667,0.5533333333333333
Per position nucleotide content - T position 98,Pass,0.5,0.5,0.5
Per position nucleotide content - T position 99,Pass,0.5,0.5,0.5
Per position nucleotide content - T position 100,Pass,0.5,0.5,0.5
Per position nucleotide content - T position 101,Pass,0.5,0.5,0.5
Per position nucleotide content - T position 102,Pass,0.5,0.5,0.5
Per position nucleotide content - T position 103,Pass,0.5,0.5,0.5
Per position nucleotide content - T position 104,Pass,0.5,0.5,0.5
Per position nucleotide content - T position 105,Pass,0.5,0.5,0.5
Per position nucleotide content - T position 106,Pass,0.5,0.5,0.5
Per position nucleotide content - T position 107,Pass,0.5,0.5,0.5
Per position nucleotide content - T position 108,Pass,0.5558333333333334,0.6323638613861386,0.5558333333333333
Per position nucleotide content - T position 109,Pass,0.5549999999999999,0.6328571428571428,0.555
Per position nucleotide content - T position 110,Pass,0.5,0.5,0.5
Per position nucleotide content - T position 111,Pass,0.5,0.5,0.5
Per position nucleotide content - T position 112,Pass,0.5,0.5,0.5
Per position nucleotide content - T position 113,Pass,0.5,0.5,0.5
Per position nucleotide content - T position 114,Pass,0.5,0.5,0.5
Per position nucleotide content - T position 115,Pass,0.5,0.5,0.5
Per position nucleotide content - T position 116,Pass,0.5,0.5,0.5
Per position nucleotide content - T position 117,Pass,0.5,0.5,0.5
Per position nucleotide content - T position 118,Pass,0.5,0.5,0.5
Per position nucleotide content - T position 119,Pass,0.5,0.5,0.5
Per position nucleotide content - T position 120,Pass,0.5,0.5,0.5
Per position nucleotide content - T position 121,Pass,0.5499999999999999,0.6247704081632652,0.55
Per position nucleotide content - T position 122,Pass,0.5,0.5,0.5
Per position nucleotide content - T position 123,Pass,0.5533333333333332,0.6292301324503312,0.5533333333333333
Per position nucleotide content - T position 124,Pass,0.5549999999999999,0.632175925925926,0.555
Per position nucleotide content - T position 125,Pass,0.5,0.5,0.5
Per position nucleotide content - T position 126,Pass,0.5566666666666666,0.6340450310559007,0.5566666666666666
Per position nucleotide content - T position 127,Pass,0.5,0.5,0.5
Per position nucleotide content - T position 128,Pass,0.5533333333333333,0.629298245614035,0.5533333333333333
Per position nucleotide content - T position 129,Pass,0.5516666666666667,0.6285060975609755,0.5516666666666666
Per position nucleotide content - T position 130,Pass,0.5,0.5,0.5
Per position nucleotide content - T position 131,Pass,0.5,0.5,0.5
Per position nucleotide content - T position 132,Pass,0.5,0.5,0.5
Per position nucleotide content - T position 133,Pass,0.5,0.5,0.5
Per position nucleotide content - T position 134,Pass,0.5,0.5,0.5
Per position nucleotide content - T position 135,Pass,0.5,0.5,0.5
Per position nucleotide content - T position 136,Pass,0.5,0.5,0.5
Per position nucleotide content - T position 137,Pass,0.5,0.5,0.5
Per position nucleotide content - T position 138,Pass,0.5566666666666666,0.6333747240618101,0.5566666666666666
Per position nucleotide content - T position 139,Pass,0.5,0.5,0.5
Per position nucleotide content - T position 140,Pass,0.5,0.5,0.5
Per position nucleotide content - T position 141,Pass,0.5,0.5,0.5
Per position nucleotide content - T position 142,Pass,0.5,0.5,0.5
Per position nucleotide content - T position 143,Pass,0.5,0.5,0.5
Per position nucleotide content - T position 144,Pass,0.5,0.5,0.5
Per position nucleotide content - T position 145,Pass,0.5,0.5,0.5
Per position nucleotide content - T position 146,Pass,0.5,0.5,0.5
Per position nucleotide content - T position 147,Pass,0.5,0.5,0.5
Per position nucleotide content - T position 148,Pass,0.5,0.5,0.5
Per position nucleotide content - T position 149,Pass,0.5,0.5,0.5
Per position nucleotide content - T position 150,Pass,0.5,0.5,0.5
Per position nucleotide content - T position 151,Pass,0.5,0.5,0.5
Per position nucleotide content - T position 152,Pass,0.5516666666666665,0.6275961538461539,0.5516666666666666
Per position nucleotide content - T position 153,Pass,0.5,0.5,0.5
Per position nucleotide content - T position 154,Pass,0.5516666666666667,0.6282561728395062,0.5516666666666666
Per position nucleotide content - T position 155,Pass,0.5,0.5,0.5
Per position nucleotide content - T position 156,Pass,0.5,0.5,0.5
Per position nucleotide content - T position 157,Pass,0.5,0.5,0.5
Per position nucleotide content - T position 158,Pass,0.5,0.5,0.5
Per position nucleotide content - T position 159,Pass,0.5525,0.6297972972972974,0.5525
Per position nucleotide content - T position 160,Pass,0.5,0.5,0.5
Per position nucleotide content - T position 161,Pass,0.5525,0.6281589147286821,0.5525
Per position nucleotide content - T position 162,Pass,0.5,0.5,0.5
Per position nucleotide content - T position 163,Pass,0.5,0.5,0.5
Per position nucleotide content - T position 164,Pass,0.5,0.5,0.5
Per position nucleotide content - T position 165,Pass,0.5,0.5,0.5
Per position nucleotide content - T position 166,Pass,0.5,0.5,0.5
Per position nucleotide content - T position 167,Pass,0.5,0.5,0.5
Per position nucleotide content - T position 168,Pass,0.5,0.5,0.5
Per position nucleotide content - T position 169,Pass,0.5,0.5,0.5
Per position nucleotide content - T position 170,Pass,0.5508333333333333,0.6255921052631579,0.5508333333333333
Per position nucleotide content - T position 171,Pass,0.5,0.5,0.5
Per position nucleotide content - T position 172,Pass,0.5624999999999999,0.6410256410256411,0.5625
Per position nucleotide content - T position 173,Pass,0.5,0.5,0.5
Per position nucleotide content - T position 174,Pass,0.5691666666666666,0.648978978978979,0.5691666666666667
Per position nucleotide content - T position 175,Pass,0.5,0.5,0.5
Per position nucleotide content - T position 176,Pass,0.5,0.5,0.5
Per position nucleotide content - T position 177,Pass,0.5,0.5,0.5
Per position nucleotide content - T position 178,Pass,0.5733333333333333,0.6548397435897435,0.5733333333333334
Per position nucleotide content - T position 179,Pass,0.5,0.5,0.5
Per position nucleotide content - T position 180,Pass,0.5599999999999999,0.639345238095238,0.56
Per position nucleotide content - T position 181,Pass,0.5,0.5,0.5
Per position nucleotide content - T position 182,Pass,0.5,0.5,0.5
Per position nucleotide content - T position 183,Pass,0.5,0.5,0.5
Per position nucleotide content - T position 184,Pass,0.5,0.5,0.5
Per position nucleotide content - T position 185,Pass,0.5,0.5,0.5
Per position nucleotide content - T position 186,Pass,0.5641666666666667,0.6427144012944984,0.5641666666666667
Per position nucleotide content - T position 187,Pass,0.5,0.5,0.5
Per position nucleotide content - T position 188,Pass,0.5,0.5,0.5
Per position nucleotide content - T position 189,Pass,0.5,0.5,0.5
Per position nucleotide content - T position 190,Pass,0.5,0.5,0.5
Per position nucleotide content - T position 191,Pass,0.5,0.5,0.5
Per position nucleotide content - T position 192,Pass,0.5,0.5,0.5
Per position nucleotide content - T position 193,Pass,0.5,0.5,0.5
Per position nucleotide content - T position 194,Pass,0.5,0.5,0.5
Per position nucleotide content - T position 195,Pass,0.5716666666666667,0.6517842535787322,0.5716666666666667
Per position nucleotide content - T position 196,Pass,0.5541666666666667,0.6299125148279953,0.5541666666666667
Per position nucleotide content - T position 197,Pass,0.5,0.5,0.5
Per position nucleotide content - T position 198,Pass,0.5,0.5,0.5
Per position nucleotide content - T position 199,Pass,0.5533333333333333,0.6305681818181819,0.5533333333333333
Per position nucleotide content - T position 200,Pass,0.5,0.5,0.5
Per position nucleotide content - T,Pass,0.5858333333333333,0.6687302839116718,0.5858333333333333
Per position reversed nucleotide content - A position 1,Pass,0.5,0.5,0.5
Per position reversed nucleotide content - A position 2,Pass,0.5,0.5,0.5
Per position reversed nucleotide content - A position 3,Pass,0.5,0.5,0.5
Per position reversed nucleotide content - A position 4,Pass,0.5,0.5,0.5
Per position reversed nucleotide content - A position 5,Pass,0.5,0.5,0.5
Per position reversed nucleotide content - A position 6,Pass,0.5,0.5,0.5
Per position reversed nucleotide content - A position 7,Pass,0.5,0.5,0.5
Per position reversed nucleotide content - A position 8,Pass,0.5,0.5,0.5
Per position reversed nucleotide content - A position 9,Pass,0.5,0.5,0.5
Per position reversed nucleotide content - A position 10,Pass,0.5,0.5,0.5
Per position reversed nucleotide content - A position 11,Pass,0.5,0.5,0.5
Per position reversed nucleotide content - A position 12,Pass,0.5,0.5,0.5
Per position reversed nucleotide content - A position 13,Pass,0.5,0.5,0.5
Per position reversed nucleotide content - A position 14,Pass,0.5,0.5,0.5
Per position reversed nucleotide content - A position 15,Pass,0.5,0.5,0.5
Per position reversed nucleotide content - A position 16,Pass,0.5,0.5,0.5
Per position reversed nucleotide content - A position 17,Pass,0.5,0.5,0.5
Per position reversed nucleotide content - A position 18,Pass,0.5,0.5,0.5
Per position reversed nucleotide content - A position 19,Pass,0.5,0.5,0.5
Per position reversed nucleotide content - A position 20,Pass,0.5,0.5,0.5
Per position reversed nucleotide content - A position 21,Pass,0.5,0.5,0.5
Per position reversed nucleotide content - A position 22,Pass,0.5,0.5,0.5
Per position reversed nucleotide content - A position 23,Pass,0.5,0.5,0.5
Per position reversed nucleotide content - A position 24,Pass,0.5,0.5,0.5
Per position reversed nucleotide content - A position 25,Pass,0.5,0.5,0.5
Per position reversed nucleotide content - A position 26,Pass,0.5,0.5,0.5
Per position reversed nucleotide content - A position 27,Pass,0.5,0.5,0.5
Per position reversed nucleotide content - A position 28,Pass,0.5,0.5,0.5
Per position reversed nucleotide content - A position 29,Pass,0.5,0.5,0.5
Per position reversed nucleotide content - A position 30,Pass,0.5,0.5,0.5
Per position reversed nucleotide content - A position 31,Pass,0.5,0.5,0.5
Per position reversed nucleotide content - A position 32,Pass,0.5,0.5,0.5
Per position reversed nucleotide content - A position 33,Pass,0.5,0.5,0.5
Per position reversed nucleotide content - A position 34,Pass,0.5,0.5,0.5
Per position reversed nucleotide content - A position 35,Pass,0.5,0.5,0.5
Per position reversed nucleotide content - A position 36,Pass,0.5,0.5,0.5
Per position reversed nucleotide content - A position 37,Pass,0.5,0.5,0.5
Per position reversed nucleotide content - A position 38,Pass,0.5,0.5,0.5
Per position reversed nucleotide content - A position 39,Pass,0.5,0.5,0.5
Per position reversed nucleotide content - A position 40,Pass,0.5591666666666667,0.6382360710854947,0.5591666666666667
Per position reversed nucleotide content - A position 41,Pass,0.5,0.5,0.5
Per position reversed nucleotide content - A position 42,Pass,0.5,0.5,0.5
Per position reversed nucleotide content - A position 43,Pass,0.5,0.5,0.5
Per position reversed nucleotide content - A position 44,Pass,0.5,0.5,0.5
Per position reversed nucleotide content - A position 45,Pass,0.5,0.5,0.5
Per position reversed nucleotide content - A position 46,Pass,0.5,0.5,0.5
Per position reversed nucleotide content - A position 47,Pass,0.5,0.5,0.5
Per position reversed nucleotide content - A position 48,Pass,0.5,0.5,0.5
Per position reversed nucleotide content - A position 49,Pass,0.5,0.5,0.5
Per position reversed nucleotide content - A position 50,Pass,0.5,0.5,0.5
Per position reversed nucleotide content - A position 51,Pass,0.5,0.5,0.5
Per position reversed nucleotide content - A position 52,Pass,0.5,0.5,0.5
Per position reversed nucleotide content - A position 53,Pass,0.5,0.5,0.5
Per position reversed nucleotide content - A position 54,Pass,0.5,0.5,0.5
Per position reversed nucleotide content - A position 55,Pass,0.5,0.5,0.5
Per position reversed nucleotide content - A position 56,Pass,0.5,0.5,0.5
Per position reversed nucleotide content - A position 57,Pass,0.5,0.5,0.5
Per position reversed nucleotide content - A position 58,Pass,0.5,0.5,0.5
Per position reversed nucleotide content - A position 59,Pass,0.5,0.5,0.5
Per position reversed nucleotide content - A position 60,Pass,0.5,0.5,0.5
Per position reversed nucleotide content - A position 61,Pass,0.5,0.5,0.5
Per position reversed nucleotide content - A position 62,Pass,0.5,0.5,0.5
Per position reversed nucleotide content - A position 63,Pass,0.5,0.5,0.5
Per position reversed nucleotide content - A position 64,Pass,0.5,0.5,0.5
Per position reversed nucleotide content - A position 65,Pass,0.5,0.5,0.5
Per position reversed nucleotide content - A position 66,Pass,0.5,0.5,0.5
Per position reversed nucleotide content - A position 67,Pass,0.5,0.5,0.5
Per position reversed nucleotide content - A position 68,Pass,0.5,0.5,0.5
Per position reversed nucleotide content - A position 69,Pass,0.5,0.5,0.5
Per position reversed nucleotide content - A position 70,Pass,0.5,0.5,0.5
Per position reversed nucleotide content - A position 71,Pass,0.5,0.5,0.5
Per position reversed nucleotide content - A position 72,Pass,0.5,0.5,0.5
Per position reversed nucleotide content - A position 73,Pass,0.5,0.5,0.5
Per position reversed nucleotide content - A position 74,Pass,0.5,0.5,0.5
Per position reversed nucleotide content - A position 75,Pass,0.5,0.5,0.5
Per position reversed nucleotide content - A position 76,Pass,0.5,0.5,0.5
Per position reversed nucleotide content - A position 77,Pass,0.5,0.5,0.5
Per position reversed nucleotide content - A position 78,Pass,0.5,0.5,0.5
Per position reversed nucleotide content - A position 79,Pass,0.5,0.5,0.5
Per position reversed nucleotide content - A position 80,Pass,0.5,0.5,0.5
Per position reversed nucleotide content - A position 81,Pass,0.5,0.5,0.5
Per position reversed nucleotide content - A position 82,Pass,0.5,0.5,0.5
Per position reversed nucleotide content - A position 83,Pass,0.5,0.5,0.5
Per position reversed nucleotide content - A position 84,Pass,0.5,0.5,0.5
Per position reversed nucleotide content - A position 85,Pass,0.5,0.5,0.5
Per position reversed nucleotide content - A position 86,Pass,0.5,0.5,0.5
Per position reversed nucleotide content - A position 87,Pass,0.5,0.5,0.5
Per position reversed nucleotide content - A position 88,Pass,0.5,0.5,0.5
Per position reversed nucleotide content - A position 89,Pass,0.5,0.5,0.5
Per position reversed nucleotide content - A position 90,Pass,0.5,0.5,0.5
Per position reversed nucleotide content - A position 91,Pass,0.5,0.5,0.5
Per position reversed nucleotide content - A position 92,Pass,0.5,0.5,0.5
Per position reversed nucleotide content - A position 93,Pass,0.5,0.5,0.5
Per position reversed nucleotide content - A position 94,Pass,0.5,0.5,0.5
Per position reversed nucleotide content - A position 95,Pass,0.5,0.5,0.5
Per position reversed nucleotide content - A position 96,Pass,0.5,0.5,0.5
Per position reversed nucleotide content - A position 97,Pass,0.5,0.5,0.5
Per position reversed nucleotide content - A position 98,Pass,0.5,0.5,0.5
Per position reversed nucleotide content - A position 99,Pass,0.5,0.5,0.5
Per position reversed nucleotide content - A position 100,Pass,0.5,0.5,0.5
Per position reversed nucleotide content - A position 101,Pass,0.5,0.5,0.5
Per position reversed nucleotide content - A position 102,Pass,0.5,0.5,0.5
Per position reversed nucleotide content - A position 103,Pass,0.5,0.5,0.5
Per position reversed nucleotide content - A position 104,Pass,0.5,0.5,0.5
Per position reversed nucleotide content - A position 105,Pass,0.5,0.5,0.5
Per position reversed nucleotide content - A position 106,Pass,0.5,0.5,0.5
Per position reversed nucleotide content - A position 107,Pass,0.5,0.5,0.5
Per position reversed nucleotide content - A position 108,Pass,0.5,0.5,0.5
Per position reversed nucleotide content - A position 109,Pass,0.5,0.5,0.5
Per position reversed nucleotide content - A position 110,Pass,0.5,0.5,0.5
Per position reversed nucleotide content - A position 111,Pass,0.5,0.5,0.5
Per position reversed nucleotide content - A position 112,Pass,0.5,0.5,0.5
Per position reversed nucleotide content - A position 113,Pass,0.5,0.5,0.5
Per position reversed nucleotide content - A position 114,Pass,0.5,0.5,0.5
Per position reversed nucleotide content - A position 115,Pass,0.5,0.5,0.5
Per position reversed nucleotide content - A position 116,Pass,0.5,0.5,0.5
Per position reversed nucleotide content - A position 117,Pass,0.5,0.5,0.5
Per position reversed nucleotide content - A position 118,Pass,0.5,0.5,0.5
Per position reversed nucleotide content - A position 119,Pass,0.5,0.5,0.5
Per position reversed nucleotide content - A position 120,Pass,0.5,0.5,0.5
Per position reversed nucleotide content - A position 121,Pass,0.5,0.5,0.5
Per position reversed nucleotide content - A position 122,Pass,0.5,0.5,0.5
Per position reversed nucleotide content - A position 123,Pass,0.5,0.5,0.5
Per position reversed nucleotide content - A position 124,Pass,0.5,0.5,0.5
Per position reversed nucleotide content - A position 125,Pass,0.5,0.5,0.5
Per position reversed nucleotide content - A position 126,Pass,0.5,0.5,0.5
Per position reversed nucleotide content - A position 127,Pass,0.5,0.5,0.5
Per position reversed nucleotide content - A position 128,Pass,0.5,0.5,0.5
Per position reversed nucleotide content - A position 129,Pass,0.5,0.5,0.5
Per position reversed nucleotide content - A position 130,Pass,0.5,0.5,0.5
Per position reversed nucleotide content - A position 131,Pass,0.5,0.5,0.5
Per position reversed nucleotide content - A position 132,Pass,0.5,0.5,0.5
Per position reversed nucleotide content - A position 133,Pass,0.5,0.5,0.5
Per position reversed nucleotide content - A position 134,Pass,0.5,0.5,0.5
Per position reversed nucleotide content - A position 135,Pass,0.5,0.5,0.5
Per position reversed nucleotide content - A position 136,Pass,0.5,0.5,0.5
Per position reversed nucleotide content - A position 137,Pass,0.5,0.5,0.5
Per position reversed nucleotide content - A position 138,Pass,0.5,0.5,0.5
Per position reversed nucleotide content - A position 139,Pass,0.5,0.5,0.5
Per position reversed nucleotide content - A position 140,Pass,0.5,0.5,0.5
Per position reversed nucleotide content - A position 141,Pass,0.5,0.5,0.5
Per position reversed nucleotide content - A position 142,Pass,0.5549999999999999,0.6328571428571428,0.555
Per position reversed nucleotide content - A position 143,Pass,0.5,0.5,0.5
Per position reversed nucleotide content - A position 144,Pass,0.5,0.5,0.5
Per position reversed nucleotide content - A position 145,Pass,0.5,0.5,0.5
Per position reversed nucleotide content - A position 146,Pass,0.5,0.5,0.5
Per position reversed nucleotide content - A position 147,Pass,0.5,0.5,0.5
Per position reversed nucleotide content - A position 148,Pass,0.5,0.5,0.5
Per position reversed nucleotide content - A position 149,Pass,0.5,0.5,0.5
Per position reversed nucleotide content - A position 150,Pass,0.5,0.5,0.5
Per position reversed nucleotide content - A position 151,Pass,0.5,0.5,0.5
Per position reversed nucleotide content - A position 152,Pass,0.5,0.5,0.5
Per position reversed nucleotide content - A position 153,Pass,0.5,0.5,0.5
Per position reversed nucleotide content - A position 154,Pass,0.5,0.5,0.5
Per position reversed nucleotide content - A position 155,Pass,0.5,0.5,0.5
Per position reversed nucleotide content - A position 156,Pass,0.5,0.5,0.5
Per position reversed nucleotide content - A position 157,Pass,0.5,0.5,0.5
Per position reversed nucleotide content - A position 158,Pass,0.5516666666666667,0.6275,0.5516666666666666
Per position reversed nucleotide content - A position 159,Pass,0.5,0.5,0.5
Per position reversed nucleotide content - A position 160,Pass,0.5,0.5,0.5
Per position reversed nucleotide content - A position 161,Pass,0.5,0.5,0.5
Per position reversed nucleotide content - A position 162,Pass,0.5,0.5,0.5
Per position reversed nucleotide content - A position 163,Pass,0.5,0.5,0.5
Per position reversed nucleotide content - A position 164,Pass,0.5,0.5,0.5
Per position reversed nucleotide content - A position 165,Pass,0.5,0.5,0.5
Per position reversed nucleotide content - A position 166,Pass,0.5,0.5,0.5
Per position reversed nucleotide content - A position 167,Pass,0.5,0.5,0.5
Per position reversed nucleotide content - A position 168,Pass,0.5,0.5,0.5
Per position reversed nucleotide content - A position 169,Pass,0.5,0.5,0.5
Per position reversed nucleotide content - A position 170,Pass,0.5,0.5,0.5
Per position reversed nucleotide content - A position 171,Pass,0.5,0.5,0.5
Per position reversed nucleotide content - A position 172,Pass,0.5,0.5,0.5
Per position reversed nucleotide content - A position 173,Pass,0.5,0.5,0.5
Per position reversed nucleotide content - A position 174,Pass,0.5,0.5,0.5
Per position reversed nucleotide content - A position 175,Pass,0.5,0.5,0.5
Per position reversed nucleotide content - A position 176,Pass,0.5,0.5,0.5
Per position reversed nucleotide content - A position 177,Pass,0.5,0.5,0.5
Per position reversed nucleotide content - A position 178,Pass,0.5,0.5,0.5
Per position reversed nucleotide content - A position 179,Pass,0.5558333333333334,0.6329245036572623,0.5558333333333333
Per position reversed nucleotide content - A position 180,Pass,0.5,0.5,0.5
Per position reversed nucleotide content - A position 181,Pass,0.5,0.5,0.5
Per position reversed nucleotide content - A position 182,Pass,0.5,0.5,0.5
Per position reversed nucleotide content - A position 183,Pass,0.5,0.5,0.5
Per position reversed nucleotide content - A position 184,Pass,0.5,0.5,0.5
Per position reversed nucleotide content - A position 185,Pass,0.5,0.5,0.5
Per position reversed nucleotide content - A position 186,Pass,0.5633333333333334,0.6417307692307692,0.5633333333333334
Per position reversed nucleotide content - A position 187,Pass,0.5,0.5,0.5
Per position reversed nucleotide content - A position 188,Pass,0.5525,0.6290654205607477,0.5525
Per position reversed nucleotide content - A position 189,Pass,0.5,0.5,0.5
Per position reversed nucleotide content - A position 190,Pass,0.5,0.5,0.5
Per position reversed nucleotide content - A position 191,Pass,0.5,0.5,0.5
Per position reversed nucleotide content - A position 192,Pass,0.5,0.5,0.5
Per position reversed nucleotide content - A position 193,Pass,0.5,0.5,0.5
Per position reversed nucleotide content - A position 194,Pass,0.5,0.5,0.5
Per position reversed nucleotide content - A position 195,Pass,0.5,0.5,0.5
Per position reversed nucleotide content - A position 196,Pass,0.5,0.5,0.5
Per position reversed nucleotide content - A position 197,Pass,0.5,0.5,0.5
Per position reversed nucleotide content - A position 198,Pass,0.5,0.5,0.5
Per position reversed nucleotide content - A position 199,Pass,0.5,0.5,0.5
Per position reversed nucleotide content - A position 200,Pass,0.5,0.5,0.5
Per position reversed nucleotide content - A,Pass,0.5633333333333334,0.6417307692307692,0.5633333333333334
Per position reversed nucleotide content - C position 1,Pass,0.5,0.5,0.5
Per position reversed nucleotide content - C position 2,Pass,0.5,0.5,0.5
Per position reversed nucleotide content - C position 3,Pass,0.5,0.5,0.5
Per position reversed nucleotide content - C position 4,Pass,0.5,0.5,0.5
Per position reversed nucleotide content - C position 5,Pass,0.56,0.7206413857677902,0.56
Per position reversed nucleotide content - C position 6,Pass,0.5,0.5,0.5
Per position reversed nucleotide content - C position 7,Pass,0.5,0.5,0.5
Per position reversed nucleotide content - C position 8,Pass,0.5,0.5,0.5
Per position reversed nucleotide content - C position 9,Pass,0.5,0.5,0.5
Per position reversed nucleotide content - C position 10,Pass,0.5,0.5,0.5
Per position reversed nucleotide content - C position 11,Pass,0.5,0.5,0.5
Per position reversed nucleotide content - C position 12,Pass,0.5,0.5,0.5
Per position reversed nucleotide content - C position 13,Pass,0.5,0.5,0.5
Per position reversed nucleotide content - C position 14,Pass,0.5,0.5,0.5
Per position reversed nucleotide content - C position 15,Pass,0.5,0.5,0.5
Per position reversed nucleotide content - C position 16,Pass,0.5,0.5,0.5
Per position reversed nucleotide content - C position 17,Pass,0.5,0.5,0.5
Per position reversed nucleotide content - C position 18,Pass,0.555,0.7207119205298013,0.555
Per position reversed nucleotide content - C position 19,Pass,0.5,0.5,0.5
Per position reversed nucleotide content - C position 20,Pass,0.5,0.5,0.5
Per position reversed nucleotide content - C position 21,Pass,0.5,0.5,0.5
Per position reversed nucleotide content - C position 22,Pass,0.5541666666666667,0.7181564245810056,0.5541666666666667
Per position reversed nucleotide content - C position 23,Pass,0.5,0.5,0.5
Per position reversed nucleotide content - C position 24,Pass,0.5,0.5,0.5
Per position reversed nucleotide content - C position 25,Pass,0.5,0.5,0.5
Per position reversed nucleotide content - C position 26,Pass,0.5,0.5,0.5
Per position reversed nucleotide content - C position 27,Pass,0.5,0.5,0.5
Per position reversed nucleotide content - C position 28,Pass,0.5,0.5,0.5
Per position reversed nucleotide content - C position 29,Pass,0.5,0.5,0.5
Per position reversed nucleotide content - C position 30,Pass,0.5,0.5,0.5
Per position reversed nucleotide content - C position 31,Pass,0.5,0.5,0.5
Per position reversed nucleotide content - C position 32,Pass,0.5,0.5,0.5
Per position reversed nucleotide content - C position 33,Pass,0.5,0.5,0.5
Per position reversed nucleotide content - C position 34,Pass,0.5,0.5,0.5
Per position reversed nucleotide content - C position 35,Pass,0.5,0.5,0.5
Per position reversed nucleotide content - C position 36,Pass,0.5,0.5,0.5
Per position reversed nucleotide content - C position 37,Pass,0.5,0.5,0.5
Per position reversed nucleotide content - C position 38,Pass,0.5,0.5,0.5
Per position reversed nucleotide content - C position 39,Pass,0.5,0.5,0.5
Per position reversed nucleotide content - C position 40,Pass,0.5,0.5,0.5
Per position reversed nucleotide content - C position 41,Pass,0.5,0.5,0.5
Per position reversed nucleotide content - C position 42,Pass,0.5,0.5,0.5
Per position reversed nucleotide content - C position 43,Pass,0.5,0.5,0.5
Per position reversed nucleotide content - C position 44,Pass,0.5,0.5,0.5
Per position reversed nucleotide content - C position 45,Pass,0.5,0.5,0.5
Per position reversed nucleotide content - C position 46,Pass,0.5,0.5,0.5
Per position reversed nucleotide content - C position 47,Pass,0.5,0.5,0.5
Per position reversed nucleotide content - C position 48,Pass,0.5,0.5,0.5
Per position reversed nucleotide content - C position 49,Pass,0.5,0.5,0.5
Per position reversed nucleotide content - C position 50,Pass,0.5,0.5,0.5
Per position reversed nucleotide content - C position 51,Pass,0.5,0.5,0.5
Per position reversed nucleotide content - C position 52,Pass,0.5,0.5,0.5
Per position reversed nucleotide content - C position 53,Pass,0.5,0.5,0.5
Per position reversed nucleotide content - C position 54,Pass,0.5,0.5,0.5
Per position reversed nucleotide content - C position 55,Pass,0.5,0.5,0.5
Per position reversed nucleotide content - C position 56,Pass,0.5,0.5,0.5
Per position reversed nucleotide content - C position 57,Pass,0.5,0.5,0.5
Per position reversed nucleotide content - C position 58,Pass,0.5,0.5,0.5
Per position reversed nucleotide content - C position 59,Pass,0.5,0.5,0.5
Per position reversed nucleotide content - C position 60,Pass,0.5,0.5,0.5
Per position reversed nucleotide content - C position 61,Pass,0.5,0.5,0.5
Per position reversed nucleotide content - C position 62,Pass,0.5,0.5,0.5
Per position reversed nucleotide content - C position 63,Pass,0.5,0.5,0.5
Per position reversed nucleotide content - C position 64,Pass,0.5,0.5,0.5
Per position reversed nucleotide content - C position 65,Pass,0.5,0.5,0.5
Per position reversed nucleotide content - C position 66,Pass,0.5,0.5,0.5
Per position reversed nucleotide content - C position 67,Pass,0.5,0.5,0.5
Per position reversed nucleotide content - C position 68,Pass,0.5,0.5,0.5
Per position reversed nucleotide content - C position 69,Pass,0.5,0.5,0.5
Per position reversed nucleotide content - C position 70,Pass,0.5,0.5,0.5
Per position reversed nucleotide content - C position 71,Pass,0.5,0.5,0.5
Per position reversed nucleotide content - C position 72,Pass,0.5,0.5,0.5
Per position reversed nucleotide content - C position 73,Pass,0.5,0.5,0.5
Per position reversed nucleotide content - C position 74,Pass,0.5,0.5,0.5
Per position reversed nucleotide content - C position 75,Pass,0.5,0.5,0.5
Per position reversed nucleotide content - C position 76,Pass,0.5,0.5,0.5
Per position reversed nucleotide content - C position 77,Pass,0.55,0.7216153707703384,0.55
Per position reversed nucleotide content - C position 78,Pass,0.5541666666666667,0.7207934543454345,0.5541666666666667
Per position reversed nucleotide content - C position 79,Pass,0.5,0.5,0.5
Per position reversed nucleotide content - C position 80,Pass,0.5,0.5,0.5
Per position reversed nucleotide content - C position 81,Pass,0.5,0.5,0.5
Per position reversed nucleotide content - C position 82,Pass,0.5,0.5,0.5
Per position reversed nucleotide content - C position 83,Pass,0.5,0.5,0.5
Per position reversed nucleotide content - C position 84,Pass,0.5,0.5,0.5
Per position reversed nucleotide content - C position 85,Pass,0.5,0.5,0.5
Per position reversed nucleotide content - C position 86,Pass,0.5,0.5,0.5
Per position reversed nucleotide content - C position 87,Pass,0.5,0.5,0.5
Per position reversed nucleotide content - C position 88,Pass,0.5,0.5,0.5
Per position reversed nucleotide content - C position 89,Pass,0.5,0.5,0.5
Per position reversed nucleotide content - C position 90,Pass,0.5,0.5,0.5
Per position reversed nucleotide content - C position 91,Pass,0.5,0.5,0.5
Per position reversed nucleotide content - C position 92,Pass,0.5,0.5,0.5
Per position reversed nucleotide content - C position 93,Pass,0.5,0.5,0.5
Per position reversed nucleotide content - C position 94,Pass,0.5,0.5,0.5
Per position reversed nucleotide content - C position 95,Pass,0.5,0.5,0.5
Per position reversed nucleotide content - C position 96,Pass,0.5,0.5,0.5
Per position reversed nucleotide content - C position 97,Pass,0.5,0.5,0.5
Per position reversed nucleotide content - C position 98,Pass,0.5,0.5,0.5
Per position reversed nucleotide content - C position 99,Pass,0.5,0.5,0.5
Per position reversed nucleotide content - C position 100,Pass,0.5,0.5,0.5
Per position reversed nucleotide content - C position 101,Pass,0.5,0.5,0.5
Per position reversed nucleotide content - C position 102,Pass,0.5,0.5,0.5
Per position reversed nucleotide content - C position 103,Pass,0.5,0.5,0.5
Per position reversed nucleotide content - C position 104,Pass,0.5,0.5,0.5
Per position reversed nucleotide content - C position 105,Pass,0.5,0.5,0.5
Per position reversed nucleotide content - C position 106,Pass,0.5,0.5,0.5
Per position reversed nucleotide content - C position 107,Pass,0.5,0.5,0.5
Per position reversed nucleotide content - C position 108,Pass,0.5,0.5,0.5
Per position reversed nucleotide content - C position 109,Pass,0.5,0.5,0.5
Per position reversed nucleotide content - C position 110,Pass,0.5,0.5,0.5
Per position reversed nucleotide content - C position 111,Pass,0.5,0.5,0.5
Per position reversed nucleotide content - C position 112,Pass,0.5,0.5,0.5
Per position reversed nucleotide content - C position 113,Pass,0.5,0.5,0.5
Per position reversed nucleotide content - C position 114,Pass,0.5,0.5,0.5
Per position reversed nucleotide content - C position 115,Pass,0.5,0.5,0.5
Per position reversed nucleotide content - C position 116,Pass,0.5,0.5,0.5
Per position reversed nucleotide content - C position 117,Pass,0.5,0.5,0.5
Per position reversed nucleotide content - C position 118,Pass,0.5,0.5,0.5
Per position reversed nucleotide content - C position 119,Pass,0.5,0.5,0.5
Per position reversed nucleotide content - C position 120,Pass,0.5,0.5,0.5
Per position reversed nucleotide content - C position 121,Pass,0.5,0.5,0.5
Per position reversed nucleotide content - C position 122,Pass,0.55,0.7189473684210527,0.55
Per position reversed nucleotide content - C position 123,Pass,0.5,0.5,0.5
Per position reversed nucleotide content - C position 124,Pass,0.5,0.5,0.5
Per position reversed nucleotide content - C position 125,Pass,0.5,0.5,0.5
Per position reversed nucleotide content - C position 126,Pass,0.5499999999999999,0.7200898692810457,0.55
Per position reversed nucleotide content - C position 127,Pass,0.5,0.5,0.5
Per position reversed nucleotide content - C position 128,Pass,0.5,0.5,0.5
Per position reversed nucleotide content - C position 129,Pass,0.5,0.5,0.5
Per position reversed nucleotide content - C position 130,Pass,0.5549999999999999,0.721842105263158,0.555
Per position reversed nucleotide content - C position 131,Pass,0.5,0.5,0.5
Per position reversed nucleotide content - C position 132,Pass,0.5,0.5,0.5
Per position reversed nucleotide content - C position 133,Pass,0.5,0.5,0.5
Per position reversed nucleotide content - C position 134,Pass,0.5,0.5,0.5
Per position reversed nucleotide content - C position 135,Pass,0.5,0.5,0.5
Per position reversed nucleotide content - C position 136,Pass,0.5,0.5,0.5
Per position reversed nucleotide content - C position 137,Pass,0.5,0.5,0.5
Per position reversed nucleotide content - C position 138,Pass,0.5,0.5,0.5
Per position reversed nucleotide content - C position 139,Pass,0.5,0.5,0.5
Per position reversed nucleotide content - C position 140,Pass,0.5533333333333332,0.7186111111111111,0.5533333333333333
Per position reversed nucleotide content - C position 141,Pass,0.5,0.5,0.5
Per position reversed nucleotide content - C position 142,Pass,0.5,0.5,0.5
Per position reversed nucleotide content - C position 143,Pass,0.5,0.5,0.5
Per position reversed nucleotide content - C position 144,Pass,0.5,0.5,0.5
Per position reversed nucleotide content - C position 145,Pass,0.5,0.5,0.5
Per position reversed nucleotide content - C position 146,Pass,0.5,0.5,0.5
Per position reversed nucleotide content - C position 147,Pass,0.5,0.5,0.5
Per position reversed nucleotide content - C position 148,Pass,0.5516666666666667,0.715749063670412,0.5516666666666666
Per position reversed nucleotide content - C position 149,Pass,0.5,0.5,0.5
Per position reversed nucleotide content - C position 150,Pass,0.5,0.5,0.5
Per position reversed nucleotide content - C position 151,Pass,0.5,0.5,0.5
Per position reversed nucleotide content - C position 152,Pass,0.5,0.5,0.5
Per position reversed nucleotide content - C position 153,Pass,0.5,0.5,0.5
Per position reversed nucleotide content - C position 154,Pass,0.5,0.5,0.5
Per position reversed nucleotide content - C position 155,Pass,0.5,0.5,0.5
Per position reversed nucleotide content - C position 156,Pass,0.5,0.5,0.5
Per position reversed nucleotide content - C position 157,Pass,0.5,0.5,0.5
Per position reversed nucleotide content - C position 158,Pass,0.5,0.5,0.5
Per position reversed nucleotide content - C position 159,Pass,0.5,0.5,0.5
Per position reversed nucleotide content - C position 160,Pass,0.5,0.5,0.5
Per position reversed nucleotide content - C position 161,Pass,0.5,0.5,0.5
Per position reversed nucleotide content - C position 162,Pass,0.5,0.5,0.5
Per position reversed nucleotide content - C position 163,Pass,0.5,0.5,0.5
Per position reversed nucleotide content - C position 164,Pass,0.5,0.5,0.5
Per position reversed nucleotide content - C position 165,Pass,0.5,0.5,0.5
Per position reversed nucleotide content - C position 166,Pass,0.5,0.5,0.5
Per position reversed nucleotide content - C position 167,Pass,0.55,0.7204710144927535,0.55
Per position reversed nucleotide content - C position 168,Pass,0.5,0.5,0.5
Per position reversed nucleotide content - C position 169,Pass,0.5,0.5,0.5
Per position reversed nucleotide content - C position 170,Pass,0.5525,0.7175585284280938,0.5525
Per position reversed nucleotide content - C position 171,Pass,0.5566666666666666,0.7190582959641256,0.5566666666666666
Per position reversed nucleotide content - C position 172,Pass,0.5,0.5,0.5
Per position reversed nucleotide content - C position 173,Pass,0.5,0.5,0.5
Per position reversed nucleotide content - C position 174,Pass,0.5,0.5,0.5
Per position reversed nucleotide content - C position 175,Pass,0.5,0.5,0.5
Per position reversed nucleotide content - C position 176,Pass,0.5491666666666667,0.7209459459459459,0.5491666666666667
Per position reversed nucleotide content - C position 177,Pass,0.5,0.5,0.5
Per position reversed nucleotide content - C position 178,Pass,0.5,0.5,0.5
Per position reversed nucleotide content - C position 179,Pass,0.5641666666666667,0.7243770903010034,0.5641666666666667
Per position reversed nucleotide content - C position 180,Pass,0.5,0.5,0.5
Per position reversed nucleotide content - C position 181,Pass,0.5,0.5,0.5
Per position reversed nucleotide content - C position 182,Pass,0.5549999999999999,0.7192074981440237,0.555
Per position reversed nucleotide content - C position 183,Pass,0.5,0.5,0.5
Per position reversed nucleotide content - C position 184,Pass,0.5,0.5,0.5
Per position reversed nucleotide content - C position 185,Pass,0.5,0.5,0.5
Per position reversed nucleotide content - C position 186,Pass,0.5,0.5,0.5
Per position reversed nucleotide content - C position 187,Pass,0.5,0.5,0.5
Per position reversed nucleotide content - C position 188,Pass,0.5,0.5,0.5
Per position reversed nucleotide content - C position 189,Pass,0.5,0.5,0.5
Per position reversed nucleotide content - C position 190,Pass,0.5,0.5,0.5
Per position reversed nucleotide content - C position 191,Pass,0.5,0.5,0.5
Per position reversed nucleotide content - C position 192,Pass,0.5,0.5,0.5
Per position reversed nucleotide content - C position 193,Pass,0.5,0.5,0.5
Per position reversed nucleotide content - C position 194,Pass,0.5,0.5,0.5
Per position reversed nucleotide content - C position 195,Pass,0.5,0.5,0.5
Per position reversed nucleotide content - C position 196,Pass,0.5,0.5,0.5
Per position reversed nucleotide content - C position 197,Pass,0.5,0.5,0.5
Per position reversed nucleotide content - C position 198,Pass,0.5658333333333334,0.7271917493568542,0.5658333333333333
Per position reversed nucleotide content - C position 199,Pass,0.5,0.5,0.5
Per position reversed nucleotide content - C position 200,Pass,0.5,0.5,0.5
Per position reversed nucleotide content - C,Pass,0.5658333333333334,0.7271917493568542,0.5658333333333333
Per position reversed nucleotide content - G position 1,Pass,0.5,0.5,0.5
Per position reversed nucleotide content - G position 2,Pass,0.5,0.5,0.5
Per position reversed nucleotide content - G position 3,Pass,0.5,0.5,0.5
Per position reversed nucleotide content - G position 4,Pass,0.5,0.5,0.5
Per position reversed nucleotide content - G position 5,Pass,0.5,0.5,0.5
Per position reversed nucleotide content - G position 6,Pass,0.5499999999999999,0.7200898692810457,0.55
Per position reversed nucleotide content - G position 7,Pass,0.5,0.5,0.5
Per position reversed nucleotide content - G position 8,Pass,0.5,0.5,0.5
Per position reversed nucleotide content - G position 9,Pass,0.5,0.5,0.5
Per position reversed nucleotide content - G position 10,Pass,0.5,0.5,0.5
Per position reversed nucleotide content - G position 11,Pass,0.5,0.5,0.5
Per position reversed nucleotide content - G position 12,Pass,0.5,0.5,0.5
Per position reversed nucleotide content - G position 13,Pass,0.5525,0.7262853481795687,0.5525
Per position reversed nucleotide content - G position 14,Pass,0.5558333333333333,0.7195066889632107,0.5558333333333333
Per position reversed nucleotide content - G position 15,Pass,0.5616666666666668,0.7238433111603844,0.5616666666666666
Per position reversed nucleotide content - G position 16,Pass,0.5,0.5,0.5
Per position reversed nucleotide content - G position 17,Pass,0.5,0.5,0.5
Per position reversed nucleotide content - G position 18,Pass,0.5,0.5,0.5
Per position reversed nucleotide content - G position 19,Pass,0.5541666666666667,0.7219262295081968,0.5541666666666667
Per position reversed nucleotide content - G position 20,Pass,0.5516666666666666,0.7210511982570806,0.5516666666666666
Per position reversed nucleotide content - G position 21,Pass,0.5,0.5,0.5
Per position reversed nucleotide content - G position 22,Pass,0.5,0.5,0.5
Per position reversed nucleotide content - G position 23,Pass,0.5541666666666667,0.7200391344383057,0.5541666666666667
Per position reversed nucleotide content - G position 24,Pass,0.5,0.5,0.5
Per position reversed nucleotide content - G position 25,Pass,0.5,0.5,0.5
Per position reversed nucleotide content - G position 26,Pass,0.5,0.5,0.5
Per position reversed nucleotide content - G position 27,Pass,0.5549999999999999,0.7173310810810812,0.555
Per position reversed nucleotide content - G position 28,Pass,0.5,0.5,0.5
Per position reversed nucleotide content - G position 29,Pass,0.5,0.5,0.5
Per position reversed nucleotide content - G position 30,Pass,0.5,0.5,0.5
Per position reversed nucleotide content - G position 31,Pass,0.5,0.5,0.5
Per position reversed nucleotide content - G position 32,Pass,0.5,0.5,0.5
Per position reversed nucleotide content - G position 33,Pass,0.5,0.5,0.5
Per position reversed nucleotide content - G position 34,Pass,0.5,0.5,0.5
Per position reversed nucleotide content - G position 35,Pass,0.5,0.5,0.5
Per position reversed nucleotide content - G position 36,Pass,0.55,0.7189473684210527,0.55
Per position reversed nucleotide content - G position 37,Pass,0.5,0.5,0.5
Per position reversed nucleotide content - G position 38,Pass,0.5,0.5,0.5
Per position reversed nucleotide content - G position 39,Pass,0.5,0.5,0.5
Per position reversed nucleotide content - G position 40,Pass,0.5783333333333334,0.7314044943820225,0.5783333333333334
Per position reversed nucleotide content - G position 41,Pass,0.5,0.5,0.5
Per position reversed nucleotide content - G position 42,Pass,0.5,0.5,0.5
Per position reversed nucleotide content - G position 43,Pass,0.5,0.5,0.5
Per position reversed nucleotide content - G position 44,Pass,0.5,0.5,0.5
Per position reversed nucleotide content - G position 45,Pass,0.5,0.5,0.5
Per position reversed nucleotide content - G position 46,Pass,0.5566666666666668,0.7239351851851853,0.5566666666666666
Per position reversed nucleotide content - G position 47,Pass,0.5,0.5,0.5
Per position reversed nucleotide content - G position 48,Pass,0.5,0.5,0.5
Per position reversed nucleotide content - G position 49,Pass,0.5,0.5,0.5
Per position reversed nucleotide content - G position 50,Pass,0.5,0.5,0.5
Per position reversed nucleotide content - G position 51,Pass,0.55,0.7231432905067808,0.55
Per position reversed nucleotide content - G position 52,Pass,0.5,0.5,0.5
Per position reversed nucleotide content - G position 53,Pass,0.5,0.5,0.5
Per position reversed nucleotide content - G position 54,Pass,0.5,0.5,0.5
Per position reversed nucleotide content - G position 55,Pass,0.5,0.5,0.5
Per position reversed nucleotide content - G position 56,Pass,0.5,0.5,0.5
Per position reversed nucleotide content - G position 57,Pass,0.5,0.5,0.5
Per position reversed nucleotide content - G position 58,Pass,0.5,0.5,0.5
Per position reversed nucleotide content - G position 59,Pass,0.5,0.5,0.5
Per position reversed nucleotide content - G position 60,Pass,0.5,0.5,0.5
Per position reversed nucleotide content - G position 61,Pass,0.5,0.5,0.5
Per position reversed nucleotide content - G position 62,Pass,0.55,0.7189473684210527,0.55
Per position reversed nucleotide content - G position 63,Pass,0.5,0.5,0.5
Per position reversed nucleotide content - G position 64,Pass,0.5,0.5,0.5
Per position reversed nucleotide content - G position 65,Pass,0.5,0.5,0.5
Per position reversed nucleotide content - G position 66,Pass,0.5,0.5,0.5
Per position reversed nucleotide content - G position 67,Pass,0.5,0.5,0.5
Per position reversed nucleotide content - G position 68,Pass,0.5,0.5,0.5
Per position reversed nucleotide content - G position 69,Pass,0.5,0.5,0.5
Per position reversed nucleotide content - G position 70,Pass,0.5,0.5,0.5
Per position reversed nucleotide content - G position 71,Pass,0.5,0.5,0.5
Per position reversed nucleotide content - G position 72,Pass,0.5,0.5,0.5
Per position reversed nucleotide content - G position 73,Pass,0.5,0.5,0.5
Per position reversed nucleotide content - G position 74,Pass,0.5,0.5,0.5
Per position reversed nucleotide content - G position 75,Pass,0.5566666666666666,0.7269512847965739,0.5566666666666666
Per position reversed nucleotide content - G position 76,Pass,0.5516666666666667,0.7199122807017544,0.5516666666666666
Per position reversed nucleotide content - G position 77,Pass,0.5,0.5,0.5
Per position reversed nucleotide content - G position 78,Pass,0.5,0.5,0.5
Per position reversed nucleotide content - G position 79,Pass,0.5,0.5,0.5
Per position reversed nucleotide content - G position 80,Pass,0.5,0.5,0.5
Per position reversed nucleotide content - G position 81,Pass,0.5508333333333333,0.7219031531531531,0.5508333333333333
Per position reversed nucleotide content - G position 82,Pass,0.5,0.5,0.5
Per position reversed nucleotide content - G position 83,Pass,0.5,0.5,0.5
Per position reversed nucleotide content - G position 84,Pass,0.5,0.5,0.5
Per position reversed nucleotide content - G position 85,Pass,0.5,0.5,0.5
Per position reversed nucleotide content - G position 86,Pass,0.5,0.5,0.5
Per position reversed nucleotide content - G position 87,Pass,0.5,0.5,0.5
Per position reversed nucleotide content - G position 88,Pass,0.5,0.5,0.5
Per position reversed nucleotide content - G position 89,Pass,0.5,0.5,0.5
Per position reversed nucleotide content - G position 90,Pass,0.5,0.5,0.5
Per position reversed nucleotide content - G position 91,Pass,0.55,0.7181864904552129,0.55
Per position reversed nucleotide content - G position 92,Pass,0.5,0.5,0.5
Per position reversed nucleotide content - G position 93,Pass,0.5,0.5,0.5
Per position reversed nucleotide content - G position 94,Pass,0.5,0.5,0.5
Per position reversed nucleotide content - G position 95,Pass,0.5,0.5,0.5
Per position reversed nucleotide content - G position 96,Pass,0.5,0.5,0.5
Per position reversed nucleotide content - G position 97,Pass,0.5,0.5,0.5
Per position reversed nucleotide content - G position 98,Pass,0.5,0.5,0.5
Per position reversed nucleotide content - G position 99,Pass,0.5,0.5,0.5
Per position reversed nucleotide content - G position 100,Pass,0.5,0.5,0.5
Per position reversed nucleotide content - G position 101,Pass,0.5,0.5,0.5
Per position reversed nucleotide content - G position 102,Pass,0.5,0.5,0.5
Per position reversed nucleotide content - G position 103,Pass,0.5,0.5,0.5
Per position reversed nucleotide content - G position 104,Pass,0.5,0.5,0.5
Per position reversed nucleotide content - G position 105,Pass,0.5,0.5,0.5
Per position reversed nucleotide content - G position 106,Pass,0.5,0.5,0.5
Per position reversed nucleotide content - G position 107,Pass,0.5,0.5,0.5
Per position reversed nucleotide content - G position 108,Pass,0.5,0.5,0.5
Per position reversed nucleotide content - G position 109,Pass,0.5,0.5,0.5
Per position reversed nucleotide content - G position 110,Pass,0.5,0.5,0.5
Per position reversed nucleotide content - G position 111,Pass,0.5,0.5,0.5
Per position reversed nucleotide content - G position 112,Pass,0.5733333333333334,0.7291918344519015,0.5733333333333334
Per position reversed nucleotide content - G position 113,Pass,0.5,0.5,0.5
Per position reversed nucleotide content - G position 114,Pass,0.5,0.5,0.5
Per position reversed nucleotide content - G position 115,Pass,0.5,0.5,0.5
Per position reversed nucleotide content - G position 116,Pass,0.5508333333333333,0.7188600110011002,0.5508333333333333
Per position reversed nucleotide content - G position 117,Pass,0.5,0.5,0.5
Per position reversed nucleotide content - G position 118,Pass,0.5,0.5,0.5
Per position reversed nucleotide content - G position 119,Pass,0.5,0.5,0.5
Per position reversed nucleotide content - G position 120,Pass,0.5,0.5,0.5
Per position reversed nucleotide content - G position 121,Pass,0.5,0.5,0.5
Per position reversed nucleotide content - G position 122,Pass,0.5,0.5,0.5
Per position reversed nucleotide content - G position 123,Pass,0.5,0.5,0.5
Per position reversed nucleotide content - G position 124,Pass,0.5,0.5,0.5
Per position reversed nucleotide content - G position 125,Pass,0.5,0.5,0.5
Per position reversed nucleotide content - G position 126,Pass,0.5,0.5,0.5
Per position reversed nucleotide content - G position 127,Pass,0.5,0.5,0.5
Per position reversed nucleotide content - G position 128,Pass,0.5,0.5,0.5
Per position reversed nucleotide content - G position 129,Pass,0.5,0.5,0.5
Per position reversed nucleotide content - G position 130,Pass,0.5,0.5,0.5
Per position reversed nucleotide content - G position 131,Pass,0.5,0.5,0.5
Per position reversed nucleotide content - G position 132,Pass,0.5,0.5,0.5
Per position reversed nucleotide content - G position 133,Pass,0.5558333333333333,0.7217601760176018,0.5558333333333333
Per position reversed nucleotide content - G position 134,Pass,0.5,0.5,0.5
Per position reversed nucleotide content - G position 135,Pass,0.5,0.5,0.5
Per position reversed nucleotide content - G position 136,Pass,0.5,0.5,0.5
Per position reversed nucleotide content - G position 137,Pass,0.5,0.5,0.5
Per position reversed nucleotide content - G position 138,Pass,0.5,0.5,0.5
Per position reversed nucleotide content - G position 139,Pass,0.5,0.5,0.5
Per position reversed nucleotide content - G position 140,Pass,0.5,0.5,0.5
Per position reversed nucleotide content - G position 141,Pass,0.5,0.5,0.5
Per position reversed nucleotide content - G position 142,Pass,0.5591666666666667,0.7248155737704919,0.5591666666666667
Per position reversed nucleotide content - G position 143,Pass,0.5633333333333332,0.7244444444444444,0.5633333333333334
Per position reversed nucleotide content - G position 144,Pass,0.5,0.5,0.5
Per position reversed nucleotide content - G position 145,Pass,0.5558333333333333,0.7225127783862724,0.5558333333333333
Per position reversed nucleotide content - G position 146,Pass,0.5,0.5,0.5
Per position reversed nucleotide content - G position 147,Pass,0.5,0.5,0.5
Per position reversed nucleotide content - G position 148,Pass,0.5,0.5,0.5
Per position reversed nucleotide content - G position 149,Pass,0.5,0.5,0.5
Per position reversed nucleotide content - G position 150,Pass,0.5,0.5,0.5
Per position reversed nucleotide content - G position 151,Pass,0.5,0.5,0.5
Per position reversed nucleotide content - G position 152,Pass,0.5,0.5,0.5
Per position reversed nucleotide content - G position 153,Pass,0.5516666666666666,0.7165044742729307,0.5516666666666666
Per position reversed nucleotide content - G position 154,Pass,0.565,0.7294830079537239,0.565
Per position reversed nucleotide content - G position 155,Pass,0.5525,0.7259041799504073,0.5525
Per position reversed nucleotide content - G position 156,Pass,0.5,0.5,0.5
Per position reversed nucleotide content - G position 157,Pass,0.5,0.5,0.5
Per position reversed nucleotide content - G position 158,Pass,0.5,0.5,0.5
Per position reversed nucleotide content - G position 159,Pass,0.5,0.5,0.5
Per position reversed nucleotide content - G position 160,Pass,0.5,0.5,0.5
Per position reversed nucleotide content - G position 161,Pass,0.5,0.5,0.5
Per position reversed nucleotide content - G position 162,Pass,0.5,0.5,0.5
Per position reversed nucleotide content - G position 163,Pass,0.5650000000000001,0.7246800595238094,0.565
Per position reversed nucleotide content - G position 164,Pass,0.5,0.5,0.5
Per position reversed nucleotide content - G position 165,Pass,0.5,0.5,0.5
Per position reversed nucleotide content - G position 166,Pass,0.5,0.5,0.5
Per position reversed nucleotide content - G position 167,Pass,0.5,0.5,0.5
Per position reversed nucleotide content - G position 168,Pass,0.5,0.5,0.5
Per position reversed nucleotide content - G position 169,Pass,0.5558333333333333,0.7247747747747747,0.5558333333333333
Per position reversed nucleotide content - G position 170,Pass,0.5,0.5,0.5
Per position reversed nucleotide content - G position 171,Pass,0.5,0.5,0.5
Per position reversed nucleotide content - G position 172,Pass,0.5,0.5,0.5
Per position reversed nucleotide content - G position 173,Pass,0.5,0.5,0.5
Per position reversed nucleotide content - G position 174,Pass,0.5,0.5,0.5
Per position reversed nucleotide content - G position 175,Pass,0.5,0.5,0.5
Per position reversed nucleotide content - G position 176,Pass,0.5,0.5,0.5
Per position reversed nucleotide content - G position 177,Pass,0.5,0.5,0.5
Per position reversed nucleotide content - G position 178,Pass,0.5,0.5,0.5
Per position reversed nucleotide content - G position 179,Pass,0.5,0.5,0.5
Per position reversed nucleotide content - G position 180,Pass,0.5,0.5,0.5
Per position reversed nucleotide content - G position 181,Pass,0.5,0.5,0.5
Per position reversed nucleotide content - G position 182,Pass,0.5,0.5,0.5
Per position reversed nucleotide content - G position 183,Pass,0.5,0.5,0.5
Per position reversed nucleotide content - G position 184,Pass,0.5,0.5,0.5
Per position reversed nucleotide content - G position 185,Pass,0.5,0.5,0.5
Per position reversed nucleotide content - G position 186,Pass,0.5583333333333333,0.72489651416122,0.5583333333333333
Per position reversed nucleotide content - G position 187,Pass,0.5,0.5,0.5
Per position reversed nucleotide content - G position 188,Pass,0.5525,0.7190699815837938,0.5525
Per position reversed nucleotide content - G position 189,Pass,0.5591666666666666,0.7251899309342057,0.5591666666666667
Per position reversed nucleotide content - G position 190,Pass,0.5625,0.7259984449323088,0.5625
Per position reversed nucleotide content - G position 191,Pass,0.5499999999999999,0.7239081378820185,0.55
Per position reversed nucleotide content - G position 192,Pass,0.5,0.5,0.5
Per position reversed nucleotide content - G position 193,Pass,0.5691666666666667,0.7276645346681498,0.5691666666666667
Per position reversed nucleotide content - G position 194,Pass,0.5575,0.7231019026710576,0.5575
Per position reversed nucleotide content - G position 195,Pass,0.5,0.5,0.5
Per position reversed nucleotide content - G position 196,Pass,0.5,0.5,0.5
Per position reversed nucleotide content - G position 197,Pass,0.5,0.5,0.5
Per position reversed nucleotide content - G position 198,Pass,0.5,0.5,0.5
Per position reversed nucleotide content - G position 199,Pass,0.5,0.5,0.5
Per position reversed nucleotide content - G position 200,Pass,0.5,0.5,0.5
Per position reversed nucleotide content - G,Pass,0.5783333333333334,0.7314044943820225,0.5783333333333334
Per position reversed nucleotide content - T position 1,Pass,0.5,0.5,0.5
Per position reversed nucleotide content - T position 2,Pass,0.5533333333333333,0.6305681818181819,0.5533333333333333
Per position reversed nucleotide content - T position 3,Pass,0.5,0.5,0.5
Per position reversed nucleotide content - T position 4,Pass,0.5,0.5,0.5
Per position reversed nucleotide content - T position 5,Pass,0.5541666666666667,0.6299125148279953,0.5541666666666667
Per position reversed nucleotide content - T position 6,Pass,0.5716666666666667,0.6517842535787322,0.5716666666666667
Per position reversed nucleotide content - T position 7,Pass,0.5,0.5,0.5
Per position reversed nucleotide content - T position 8,Pass,0.5,0.5,0.5
Per position reversed nucleotide content - T position 9,Pass,0.5,0.5,0.5
Per position reversed nucleotide content - T position 10,Pass,0.5,0.5,0.5
Per position reversed nucleotide content - T position 11,Pass,0.5,0.5,0.5
Per position reversed nucleotide content - T position 12,Pass,0.5,0.5,0.5
Per position reversed nucleotide content - T position 13,Pass,0.5,0.5,0.5
Per position reversed nucleotide content - T position 14,Pass,0.5,0.5,0.5
Per position reversed nucleotide content - T position 15,Pass,0.5641666666666667,0.6427144012944984,0.5641666666666667
Per position reversed nucleotide content - T position 16,Pass,0.5,0.5,0.5
Per position reversed nucleotide content - T position 17,Pass,0.5,0.5,0.5
Per position reversed nucleotide content - T position 18,Pass,0.5,0.5,0.5
Per position reversed nucleotide content - T position 19,Pass,0.5,0.5,0.5
Per position reversed nucleotide content - T position 20,Pass,0.5,0.5,0.5
Per position reversed nucleotide content - T position 21,Pass,0.5599999999999999,0.639345238095238,0.56
Per position reversed nucleotide content - T position 22,Pass,0.5,0.5,0.5
Per position reversed nucleotide content - T position 23,Pass,0.5733333333333333,0.6548397435897435,0.5733333333333334
Per position reversed nucleotide content - T position 24,Pass,0.5,0.5,0.5
Per position reversed nucleotide content - T position 25,Pass,0.5,0.5,0.5
Per position reversed nucleotide content - T position 26,Pass,0.5,0.5,0.5
Per position reversed nucleotide content - T position 27,Pass,0.5691666666666666,0.648978978978979,0.5691666666666667
Per position reversed nucleotide content - T position 28,Pass,0.5,0.5,0.5
Per position reversed nucleotide content - T position 29,Pass,0.5624999999999999,0.6410256410256411,0.5625
Per position reversed nucleotide content - T position 30,Pass,0.5,0.5,0.5
Per position reversed nucleotide content - T position 31,Pass,0.5508333333333333,0.6255921052631579,0.5508333333333333
Per position reversed nucleotide content - T position 32,Pass,0.5,0.5,0.5
Per position reversed nucleotide content - T position 33,Pass,0.5,0.5,0.5
Per position reversed nucleotide content - T position 34,Pass,0.5,0.5,0.5
Per position reversed nucleotide content - T position 35,Pass,0.5,0.5,0.5
Per position reversed nucleotide content - T position 36,Pass,0.5,0.5,0.5
Per position reversed nucleotide content - T position 37,Pass,0.5,0.5,0.5
Per position reversed nucleotide content - T position 38,Pass,0.5,0.5,0.5
Per position reversed nucleotide content - T position 39,Pass,0.5,0.5,0.5
Per position reversed nucleotide content - T position 40,Pass,0.5525,0.6281589147286821,0.5525
Per position reversed nucleotide content - T position 41,Pass,0.5,0.5,0.5
Per position reversed nucleotide content - T position 42,Pass,0.5525,0.6297972972972974,0.5525
Per position reversed nucleotide content - T position 43,Pass,0.5,0.5,0.5
Per position reversed nucleotide content - T position 44,Pass,0.5,0.5,0.5
Per position reversed nucleotide content - T position 45,Pass,0.5,0.5,0.5
Per position reversed nucleotide content - T position 46,Pass,0.5,0.5,0.5
Per position reversed nucleotide content - T position 47,Pass,0.5516666666666667,0.6282561728395062,0.5516666666666666
Per position reversed nucleotide content - T position 48,Pass,0.5,0.5,0.5
Per position reversed nucleotide content - T position 49,Pass,0.5516666666666665,0.6275961538461539,0.5516666666666666
Per position reversed nucleotide content - T position 50,Pass,0.5,0.5,0.5
Per position reversed nucleotide content - T position 51,Pass,0.5,0.5,0.5
Per position reversed nucleotide content - T position 52,Pass,0.5,0.5,0.5
Per position reversed nucleotide content - T position 53,Pass,0.5,0.5,0.5
Per position reversed nucleotide content - T position 54,Pass,0.5,0.5,0.5
Per position reversed nucleotide content - T position 55,Pass,0.5,0.5,0.5
Per position reversed nucleotide content - T position 56,Pass,0.5,0.5,0.5
Per position reversed nucleotide content - T position 57,Pass,0.5,0.5,0.5
Per position reversed nucleotide content - T position 58,Pass,0.5,0.5,0.5
Per position reversed nucleotide content - T position 59,Pass,0.5,0.5,0.5
Per position reversed nucleotide content - T position 60,Pass,0.5,0.5,0.5
Per position reversed nucleotide content - T position 61,Pass,0.5,0.5,0.5
Per position reversed nucleotide content - T position 62,Pass,0.5,0.5,0.5
Per position reversed nucleotide content - T position 63,Pass,0.5566666666666666,0.6333747240618101,0.5566666666666666
Per position reversed nucleotide content - T position 64,Pass,0.5,0.5,0.5
Per position reversed nucleotide content - T position 65,Pass,0.5,0.5,0.5
Per position reversed nucleotide content - T position 66,Pass,0.5,0.5,0.5
Per position reversed nucleotide content - T position 67,Pass,0.5,0.5,0.5
Per position reversed nucleotide content - T position 68,Pass,0.5,0.5,0.5
Per position reversed nucleotide content - T position 69,Pass,0.5,0.5,0.5
Per position reversed nucleotide content - T position 70,Pass,0.5,0.5,0.5
Per position reversed nucleotide content - T position 71,Pass,0.5,0.5,0.5
Per position reversed nucleotide content - T position 72,Pass,0.5516666666666667,0.6285060975609755,0.5516666666666666
Per position reversed nucleotide content - T position 73,Pass,0.5533333333333333,0.629298245614035,0.5533333333333333
Per position reversed nucleotide content - T position 74,Pass,0.5,0.5,0.5
Per position reversed nucleotide content - T position 75,Pass,0.5566666666666666,0.6340450310559007,0.5566666666666666
Per position reversed nucleotide content - T position 76,Pass,0.5,0.5,0.5
Per position reversed nucleotide content - T position 77,Pass,0.5549999999999999,0.632175925925926,0.555
Per position reversed nucleotide content - T position 78,Pass,0.5533333333333332,0.6292301324503312,0.5533333333333333
Per position reversed nucleotide content - T position 79,Pass,0.5,0.5,0.5
Per position reversed nucleotide content - T position 80,Pass,0.5499999999999999,0.6247704081632652,0.55
Per position reversed nucleotide content - T position 81,Pass,0.5,0.5,0.5
Per position reversed nucleotide content - T position 82,Pass,0.5,0.5,0.5
Per position reversed nucleotide content - T position 83,Pass,0.5,0.5,0.5
Per position reversed nucleotide content - T position 84,Pass,0.5,0.5,0.5
Per position reversed nucleotide content - T position 85,Pass,0.5,0.5,0.5
Per position reversed nucleotide content - T position 86,Pass,0.5,0.5,0.5
Per position reversed nucleotide content - T position 87,Pass,0.5,0.5,0.5
Per position reversed nucleotide content - T position 88,Pass,0.5,0.5,0.5
Per position reversed nucleotide content - T position 89,Pass,0.5,0.5,0.5
Per position reversed nucleotide content - T position 90,Pass,0.5,0.5,0.5
Per position reversed nucleotide content - T position 91,Pass,0.5,0.5,0.5
Per position reversed nucleotide content - T position 92,Pass,0.5549999999999999,0.6328571428571428,0.555
Per position reversed nucleotide content - T position 93,Pass,0.5558333333333334,0.6323638613861386,0.5558333333333333
Per position reversed nucleotide content - T position 94,Pass,0.5,0.5,0.5
Per position reversed nucleotide content - T position 95,Pass,0.5,0.5,0.5
Per position reversed nucleotide content - T position 96,Pass,0.5,0.5,0.5
Per position reversed nucleotide content - T position 97,Pass,0.5,0.5,0.5
Per position reversed nucleotide content - T position 98,Pass,0.5,0.5,0.5
Per position reversed nucleotide content - T position 99,Pass,0.5,0.5,0.5
Per position reversed nucleotide content - T position 100,Pass,0.5,0.5,0.5
Per position reversed nucleotide content - T position 101,Pass,0.5,0.5,0.5
Per position reversed nucleotide content - T position 102,Pass,0.5,0.5,0.5
Per position reversed nucleotide content - T position 103,Pass,0.5,0.5,0.5
Per position reversed nucleotide content - T position 104,Pass,0.5533333333333333,0.6291666666666667,0.5533333333333333
Per position reversed nucleotide content - T position 105,Pass,0.5658333333333334,0.6447648514851485,0.5658333333333333
Per position reversed nucleotide content - T position 106,Pass,0.5,0.5,0.5
Per position reversed nucleotide content - T position 107,Pass,0.5,0.5,0.5
Per position reversed nucleotide content - T position 108,Pass,0.5,0.5,0.5
Per position reversed nucleotide content - T position 109,Pass,0.5,0.5,0.5
Per position reversed nucleotide content - T position 110,Pass,0.5725,0.6531591415830547,0.5725
Per position reversed nucleotide content - T position 111,Pass,0.5,0.5,0.5
Per position reversed nucleotide content - T position 112,Pass,0.57,0.6503304597701149,0.57
Per position reversed nucleotide content - T position 113,Pass,0.5,0.5,0.5
Per position reversed nucleotide content - T position 114,Pass,0.5,0.5,0.5
Per position reversed nucleotide content - T position 115,Pass,0.5508333333333333,0.6263409337676439,0.5508333333333333
Per position reversed nucleotide content - T position 116,Pass,0.5575,0.6343923034330011,0.5575
Per position reversed nucleotide content - T position 117,Pass,0.5,0.5,0.5
Per position reversed nucleotide content - T position 118,Pass,0.5,0.5,0.5
Per position reversed nucleotide content - T position 119,Pass,0.5,0.5,0.5
Per position reversed nucleotide content - T position 120,Pass,0.5,0.5,0.5
Per position reversed nucleotide content - T position 121,Pass,0.5,0.5,0.5
Per position reversed nucleotide content - T position 122,Pass,0.56,0.6380555555555556,0.56
Per position reversed nucleotide content - T position 123,Pass,0.555,0.6316346153846155,0.555
Per position reversed nucleotide content - T position 124,Pass,0.5641666666666667,0.6427542372881356,0.5641666666666667
Per position reversed nucleotide content - T position 125,Pass,0.5,0.5,0.5
Per position reversed nucleotide content - T position 126,Pass,0.5,0.5,0.5
Per position reversed nucleotide content - T position 127,Pass,0.5,0.5,0.5
Per position reversed nucleotide content - T position 128,Pass,0.5,0.5,0.5
Per position reversed nucleotide content - T position 129,Pass,0.5,0.5,0.5
Per position reversed nucleotide content - T position 130,Pass,0.5566666666666668,0.6337234607218684,0.5566666666666666
Per position reversed nucleotide content - T position 131,Pass,0.5591666666666667,0.63746996996997,0.5591666666666667
Per position reversed nucleotide content - T position 132,Pass,0.5,0.5,0.5
Per position reversed nucleotide content - T position 133,Pass,0.5,0.5,0.5
Per position reversed nucleotide content - T position 134,Pass,0.5,0.5,0.5
Per position reversed nucleotide content - T position 135,Pass,0.5516666666666666,0.6268877551020409,0.5516666666666666
Per position reversed nucleotide content - T position 136,Pass,0.56,0.6375,0.56
Per position reversed nucleotide content - T position 137,Pass,0.5,0.5,0.5
Per position reversed nucleotide content - T position 138,Pass,0.5533333333333332,0.630820858283433,0.5533333333333333
Per position reversed nucleotide content - T position 139,Pass,0.5766666666666668,0.6576306706114399,0.5766666666666667
Per position reversed nucleotide content - T position 140,Pass,0.5,0.5,0.5
Per position reversed nucleotide content - T position 141,Pass,0.5,0.5,0.5
Per position reversed nucleotide content - T position 142,Pass,0.5,0.5,0.5
Per position reversed nucleotide content - T position 143,Pass,0.5,0.5,0.5
Per position reversed nucleotide content - T position 144,Pass,0.5,0.5,0.5
Per position reversed nucleotide content - T position 145,Pass,0.5533333333333333,0.630329754601227,0.5533333333333333
Per position reversed nucleotide content - T position 146,Pass,0.5,0.5,0.5
Per position reversed nucleotide content - T position 147,Pass,0.5,0.5,0.5
Per position reversed nucleotide content - T position 148,Pass,0.5733333333333334,0.6539787581699346,0.5733333333333334
Per position reversed nucleotide content - T position 149,Pass,0.5,0.5,0.5
Per position reversed nucleotide content - T position 150,Pass,0.5,0.5,0.5
Per position reversed nucleotide content - T position 151,Pass,0.5,0.5,0.5
Per position reversed nucleotide content - T position 152,Pass,0.5,0.5,0.5
Per position reversed nucleotide content - T position 153,Pass,0.5616666666666666,0.6396052631578948,0.5616666666666666
Per position reversed nucleotide content - T position 154,Pass,0.5858333333333333,0.6687302839116718,0.5858333333333333
Per position reversed nucleotide content - T position 155,Pass,0.5616666666666666,0.6396774193548387,0.5616666666666666
Per position reversed nucleotide content - T position 156,Pass,0.5616666666666668,0.6399534161490683,0.5616666666666666
Per position reversed nucleotide content - T position 157,Pass,0.5,0.5,0.5
Per position reversed nucleotide content - T position 158,Pass,0.5,0.5,0.5
Per position reversed nucleotide content - T position 159,Pass,0.5,0.5,0.5
Per position reversed nucleotide content - T position 160,Pass,0.5499999999999999,0.6247704081632652,0.55
Per position reversed nucleotide content - T position 161,Pass,0.5,0.5,0.5
Per position reversed nucleotide content - T position 162,Pass,0.5,0.5,0.5
Per position reversed nucleotide content - T position 163,Pass,0.5549999999999999,0.6317985232067511,0.555
Per position reversed nucleotide content - T position 164,Pass,0.5641666666666667,0.6428448275862069,0.5641666666666667
Per position reversed nucleotide content - T position 165,Pass,0.5,0.5,0.5
Per position reversed nucleotide content - T position 166,Pass,0.5,0.5,0.5
Per position reversed nucleotide content - T position 167,Pass,0.5,0.5,0.5
Per position reversed nucleotide content - T position 168,Pass,0.5741666666666667,0.6550341530054644,0.5741666666666667
Per position reversed nucleotide content - T position 169,Pass,0.5616666666666668,0.6397115384615384,0.5616666666666666
Per position reversed nucleotide content - T position 170,Pass,0.5525,0.6283060109289618,0.5525
Per position reversed nucleotide content - T position 171,Pass,0.5516666666666666,0.6269481981981982,0.5516666666666666
Per position reversed nucleotide content - T position 172,Pass,0.5,0.5,0.5
Per position reversed nucleotide content - T position 173,Pass,0.5,0.5,0.5
Per position reversed nucleotide content - T position 174,Pass,0.5,0.5,0.5
Per position reversed nucleotide content - T position 175,Pass,0.5,0.5,0.5
Per position reversed nucleotide content - T position 176,Pass,0.5549999999999999,0.6335211946050096,0.555
Per position reversed nucleotide content - T position 177,Pass,0.5541666666666667,0.6303620218579236,0.5541666666666667
Per position reversed nucleotide content - T position 178,Pass,0.5,0.5,0.5
Per position reversed nucleotide content - T position 179,Pass,0.5516666666666666,0.6281366459627329,0.5516666666666666
Per position reversed nucleotide content - T position 180,Pass,0.5,0.5,0.5
Per position reversed nucleotide content - T position 181,Pass,0.5566666666666666,0.6343292682926829,0.5566666666666666
Per position reversed nucleotide content - T position 182,Pass,0.5,0.5,0.5
Per position reversed nucleotide content - T position 183,Pass,0.5,0.5,0.5
Per position reversed nucleotide content - T position 184,Pass,0.5,0.5,0.5
Per position reversed nucleotide content - T position 185,Pass,0.5,0.5,0.5
Per position reversed nucleotide content - T position 186,Pass,0.5,0.5,0.5
Per position reversed nucleotide content - T position 187,Pass,0.5,0.5,0.5
Per position reversed nucleotide content - T position 188,Pass,0.5,0.5,0.5
Per position reversed nucleotide content - T position 189,Pass,0.5,0.5,0.5
Per position reversed nucleotide content - T position 190,Pass,0.5,0.5,0.5
Per position reversed nucleotide content - T position 191,Pass,0.5,0.5,0.5
Per position reversed nucleotide content - T position 192,Pass,0.5525,0.6290654205607477,0.5525
Per position reversed nucleotide content - T position 193,Pass,0.5741666666666666,0.654876741693462,0.5741666666666667
Per position reversed nucleotide content - T position 194,Pass,0.5566666666666666,0.6341358024691358,0.5566666666666666
Per position reversed nucleotide content - T position 195,Pass,0.5566666666666666,0.6342305725971369,0.5566666666666666
Per position reversed nucleotide content - T position 196,Pass,0.5,0.5,0.5
Per position reversed nucleotide content - T position 197,Pass,0.5,0.5,0.5
Per position reversed nucleotide content - T position 198,Pass,0.5,0.5,0.5
Per position reversed nucleotide content - T position 199,Pass,0.5,0.5,0.5
Per position reversed nucleotide content - T position 200,Pass,0.5,0.5,0.5
Per position reversed nucleotide content - T,Pass,0.5858333333333333,0.6687302839116718,0.5858333333333333
