Check,Flag,AU-ROC,AU-PR,Accuracy
Unique bases,Pass,,,
Sequence Duplications within Labels,Warning,,,
Duplicate Sequences between Labels,Pass,,,
Sequence lengths,Pass,0.5,0.5005555555555555,0.5
Per sequence GC content,Warning,0.6616969135802468,0.6333313297916977,0.63
Per sequence nucleotide content,Warning,0.6336061728395062,0.5992861234943387,0.6122222222222222
Per sequence dinucleotide content,Warning,0.6875604938271604,0.7006532298832077,0.6438888888888888
Per position nucleotide content,Warning,0.6305555555555555,0.7614114114114114,0.6305555555555555
Per position reversed nucleotide content,Warning,0.63,0.7572256305385139,0.63
Per sequence nucleotide content - A,Warning,0.6104950617283951,0.5940136210532703,0.5844444444444444
Per sequence nucleotide content - C,Warning,0.6336061728395062,0.5992861234943387,0.6122222222222222
Per sequence nucleotide content - G,Warning,0.6146166666666666,0.577275183227671,0.5844444444444444
Per sequence nucleotide content - T,Warning,0.6169228395061728,0.5964391125912352,0.5916666666666667
Per sequence dinucleotide content - AA,Pass,0.5833160493827161,0.5644190916872518,0.5761111111111111
Per sequence dinucleotide content - AC,Pass,0.509629012345679,0.5150205472804302,0.5188888888888888
Per sequence dinucleotide content - AG,Pass,0.5406395061728395,0.5209365328356521,0.54
Per sequence dinucleotide content - AT,Warning,0.6875604938271604,0.6970635255458071,0.6438888888888888
Per sequence dinucleotide content - CA,Pass,0.5354444444444444,0.5236136616539829,0.5405555555555556
Per sequence dinucleotide content - CC,Warning,0.6290641975308642,0.5980404646248464,0.5994444444444444
Per sequence dinucleotide content - CG,Warning,0.6087067901234567,0.6248827349650123,0.5994444444444444
Per sequence dinucleotide content - CT,Pass,0.5586938271604938,0.5450965489206518,0.5511111111111111
Per sequence dinucleotide content - GA,Pass,0.5352993827160494,0.5286459637578788,0.5344444444444445
Per sequence dinucleotide content - GC,Warning,0.6218895061728396,0.5972111385423292,0.5988888888888889
Per sequence dinucleotide content - GG,Warning,0.6061086419753087,0.5866264918494853,0.5766666666666667
Per sequence dinucleotide content - GT,Pass,0.5108018518518518,0.5080084455855294,0.5222222222222223
Per sequence dinucleotide content - TA,Warning,0.6830166666666666,0.7006532298832077,0.6394444444444445
Per sequence dinucleotide content - TC,Pass,0.5288185185185186,0.5233248459465709,0.5372222222222223
Per sequence dinucleotide content - TG,Pass,0.5605524691358025,0.5422415555526341,0.5538888888888889
Per sequence dinucleotide content - TT,Warning,0.6093543209876542,0.5832010536468584,0.5983333333333334
Per position nucleotide content - A position 1,Warning,0.6244444444444444,0.7614114114114114,0.6244444444444445
Per position nucleotide content - A position 2,Pass,0.5111111111111111,0.5841343669250647,0.5111111111111111
Per position nucleotide content - A position 3,Pass,0.5433333333333334,0.6952557755775577,0.5433333333333333
Per position nucleotide content - A position 4,Pass,0.5205555555555557,0.6815020576131687,0.5205555555555555
Per position nucleotide content - A position 5,Pass,0.5089086859688197,0.6794249443207127,0.5089086859688196
Per position nucleotide content - A position 6,Pass,0.5044543429844098,0.6700937376088109,0.5044543429844098
Per position nucleotide content - A position 7,Pass,0.5011135857461024,0.6699546140546243,0.5011135857461024
Per position nucleotide content - A position 8,Pass,0.5055679287305123,0.5806664062759699,0.5055679287305123
Per position nucleotide content - A position 9,Pass,0.5027839643652562,0.672234216626517,0.5027839643652561
Per position nucleotide content - A position 10,Pass,0.5044593088071349,0.582724159898073,0.5044593088071349
Per position nucleotide content - A position 11,Pass,0.5066889632107023,0.5819626782475582,0.5066889632107023
Per position nucleotide content - A position 12,Pass,0.5033557046979865,0.582627805313792,0.5033557046979866
Per position nucleotide content - A position 13,Pass,0.5061659192825112,0.6735152451555806,0.5061659192825112
Per position nucleotide content - A position 14,Pass,0.5039281705948372,0.5801146606753508,0.5039281705948373
Per position nucleotide content - A position 15,Pass,0.5033670033670035,0.6801934480412171,0.5033670033670034
Per position nucleotide content - A position 16,Pass,0.5078651685393258,0.6800516781907231,0.5078651685393258
Per position nucleotide content - A position 17,Pass,0.5011261261261262,0.6783241244413986,0.5011261261261262
Per position nucleotide content - A position 18,Pass,0.505079006772009,0.5798902172097267,0.505079006772009
Per position nucleotide content - A position 19,Pass,0.5022573363431151,0.6802468828107754,0.5022573363431151
Per position nucleotide content - A position 20,Pass,0.5169683257918551,0.5917407660738714,0.5169683257918553
Per position nucleotide content - A position 21,Pass,0.5005656108597285,0.575697054136735,0.5005656108597285
Per position nucleotide content - A position 22,Pass,0.5215419501133788,0.5979928092910167,0.5215419501133787
Per position nucleotide content - A position 23,Pass,0.5090909090909091,0.5838286713286713,0.509090909090909
Per position nucleotide content - A position 24,Pass,0.5244596131968147,0.5984215875457524,0.5244596131968146
Per position nucleotide content - A position 25,Pass,0.5091012514220705,0.5816313811874232,0.5091012514220705
Per position nucleotide content - A position 26,Pass,0.5204778156996587,0.5919228773663492,0.5204778156996587
Per position nucleotide content - A position 27,Pass,0.5028441410693971,0.5772001423708235,0.502844141069397
Per position nucleotide content - A position 28,Pass,0.5068337129840547,0.6837553111992751,0.5068337129840547
Per position nucleotide content - A position 29,Pass,0.5136674259681094,0.6850700978288381,0.5136674259681093
Per position nucleotide content - A position 30,Pass,0.5335990888382688,0.6948426386499931,0.5335990888382688
Per position nucleotide content - A position 31,Pass,0.5051311288483467,0.5836308578051105,0.5051311288483467
Per position nucleotide content - A position 32,Pass,0.5125570776255708,0.5871844073698985,0.5125570776255708
Per position nucleotide content - A position 33,Pass,0.5119999999999999,0.5857836010143702,0.512
Per position nucleotide content - A position 34,Pass,0.5039999999999999,0.6782787513055589,0.504
Per position nucleotide content - A position 35,Pass,0.5217142857142857,0.593995257854179,0.5217142857142857
Per position nucleotide content - A position 36,Pass,0.5068649885583524,0.6845854170670941,0.5068649885583524
Per position nucleotide content - A position 37,Pass,0.52290950744559,0.5962959066788227,0.52290950744559
Per position nucleotide content - A position 38,Pass,0.529243119266055,0.6057024250228017,0.529243119266055
Per position nucleotide content - A position 39,Pass,0.5097588978185993,0.6814314333108343,0.5097588978185993
Per position nucleotide content - A position 40,Pass,0.5011481056257175,0.5744591522027869,0.5011481056257175
Per position nucleotide content - A position 41,Pass,0.5091848450057405,0.5780073989029213,0.5091848450057406
Per position nucleotide content - A position 42,Pass,0.5177956371986222,0.5893712743493069,0.5177956371986223
Per position nucleotide content - A position 43,Pass,0.5126291618828932,0.5827859243219152,0.5126291618828932
Per position nucleotide content - A position 44,Pass,0.5086206896551725,0.5770300333704116,0.5086206896551724
Per position nucleotide content - A position 45,Pass,0.5120828538550057,0.5814375971790657,0.5120828538550057
Per position nucleotide content - A position 46,Pass,0.5097813578826237,0.5792189817224083,0.5097813578826237
Per position nucleotide content - A position 47,Pass,0.506336405529954,0.5755144143178652,0.506336405529954
Per position nucleotide content - A position 48,Pass,0.5201845444059977,0.5882707632161802,0.5201845444059977
Per position nucleotide content - A position 49,Pass,0.5046189376443417,0.5773256351039261,0.5046189376443418
Per position nucleotide content - A position 50,Pass,0.5017321016166282,0.5745280051790872,0.5017321016166282
Per position nucleotide content - A position 51,Pass,0.5167630057803468,0.5899102927845732,0.5167630057803468
Per position nucleotide content - A position 52,Pass,0.5109953703703705,0.5827104810996563,0.5109953703703703
Per position nucleotide content - A position 53,Pass,0.5011574074074074,0.5699205930614157,0.5011574074074074
Per position nucleotide content - A position 54,Pass,0.514484356894554,0.5872307805320764,0.5144843568945539
Per position nucleotide content - A position 55,Pass,0.5127610208816706,0.5876829201454227,0.5127610208816705
Per position nucleotide content - A position 56,Pass,0.5162412993039444,0.5877917292206905,0.5162412993039444
Per position nucleotide content - A position 57,Pass,0.5383275261324042,0.614547038327526,0.5383275261324042
Per position nucleotide content - A position 58,Pass,0.5238649592549476,0.5968668165166946,0.5238649592549476
Per position nucleotide content - A position 59,Pass,0.5104895104895105,0.5809208446920312,0.5104895104895105
Per position nucleotide content - A position 60,Pass,0.5040792540792541,0.5761166023385982,0.504079254079254
Per position nucleotide content - A position 61,Pass,0.5477855477855478,0.625414059624586,0.5477855477855478
Per position nucleotide content - A position 62,Pass,0.5227272727272727,0.5960278460278461,0.5227272727272727
Per position nucleotide content - A position 63,Pass,0.5075757575757576,0.5748052760247883,0.5075757575757576
Per position nucleotide content - A position 64,Pass,0.511072261072261,0.5812235028652939,0.5110722610722611
Per position nucleotide content - A position 65,Pass,0.5215869311551926,0.5922943758314205,0.5215869311551925
Per position nucleotide content - A position 66,Pass,0.515169194865811,0.5897211201866978,0.5151691948658109
Per position nucleotide content - A position 67,Pass,0.514002333722287,0.5879427485226032,0.5140023337222871
Per position nucleotide content - A position 68,Pass,0.5093348891481914,0.5814509894310231,0.5093348891481914
Per position nucleotide content - A position 69,Pass,0.5029171528588098,0.5751726031417677,0.5029171528588098
Per position nucleotide content - A position 70,Pass,0.5110851808634772,0.5871112823010955,0.5110851808634772
Per position nucleotide content - A position 71,Pass,0.5163360560093349,0.5893741206524818,0.5163360560093349
Per position nucleotide content - A position 72,Pass,0.5110851808634772,0.5855810295751743,0.5110851808634772
Per position nucleotide content - A position 73,Pass,0.5110851808634772,0.5833060664749966,0.5110851808634772
Per position nucleotide content - A position 74,Pass,0.5250875145857643,0.5993784727297122,0.5250875145857643
Per position nucleotide content - A position 75,Pass,0.5309579439252335,0.6043071704456763,0.5309579439252337
Per position nucleotide content - A position 76,Pass,0.5035046728971962,0.5763302683147423,0.5035046728971962
Per position nucleotide content - A position 77,Pass,0.5192757009345794,0.5933211355806385,0.5192757009345794
Per position nucleotide content - A position 78,Pass,0.5367990654205607,0.6117209788489917,0.5367990654205608
Per position nucleotide content - A position 79,Pass,0.5245327102803737,0.595367938962865,0.5245327102803738
Per position nucleotide content - A position 80,Pass,0.535672514619883,0.6088106579915573,0.5356725146198831
Per position nucleotide content - A position 81,Pass,0.512280701754386,0.5845537757437071,0.512280701754386
Per position nucleotide content - A position 82,Pass,0.504093567251462,0.5735985398741015,0.504093567251462
Per position nucleotide content - A position 83,Pass,0.5280701754385965,0.6003559623696925,0.5280701754385965
Per position nucleotide content - A position 84,Pass,0.5192982456140351,0.5918570009930487,0.519298245614035
Per position nucleotide content - A position 85,Pass,0.5017564402810305,0.5735477938535366,0.5017564402810304
Per position nucleotide content - A position 86,Pass,0.525175644028103,0.6042612145349017,0.525175644028103
Per position nucleotide content - A position 87,Pass,0.5152224824355972,0.5885538641686182,0.5152224824355972
Per position nucleotide content - A position 88,Pass,0.5310668229777257,0.6074440792487672,0.5310668229777257
Per position nucleotide content - A position 89,Pass,0.5387323943661972,0.6158790089937214,0.5387323943661971
Per position nucleotide content - A position 90,Pass,0.5088131609870741,0.5835422249114012,0.5088131609870741
Per position nucleotide content - A position 91,Pass,0.5347058823529411,0.6090969522137213,0.5347058823529411
Per position nucleotide content - A position 92,Pass,0.5170588235294117,0.5868867679522141,0.5170588235294118
Per position nucleotide content - A position 93,Pass,0.528235294117647,0.6007928388746804,0.528235294117647
Per position nucleotide content - A position 94,Pass,0.5235294117647058,0.5935067873303167,0.5235294117647059
Per position nucleotide content - A position 95,Pass,0.5158823529411766,0.5878000248725282,0.5158823529411765
Per position nucleotide content - A position 96,Pass,0.5117785630153121,0.5795769267500717,0.5117785630153121
Per position nucleotide content - A position 97,Pass,0.5312868949232585,0.605288198910994,0.5312868949232585
Per position nucleotide content - A position 98,Pass,0.5106257378984652,0.5798211955508606,0.5106257378984652
Per position nucleotide content - A position 99,Pass,0.526595744680851,0.6009095979113303,0.526595744680851
Per position nucleotide content - A position 100,Pass,0.523696682464455,0.5972226388305637,0.523696682464455
Per position nucleotide content - A position 101,Pass,0.5077197149643705,0.5760898188770269,0.5077197149643705
Per position nucleotide content - A position 102,Pass,0.5213776722090262,0.5931994216668388,0.5213776722090261
Per position nucleotide content - A position 103,Pass,0.5196662693682956,0.5930537607427389,0.5196662693682956
Per position nucleotide content - A position 104,Pass,0.5089498806682577,0.5796635614750943,0.5089498806682577
Per position nucleotide content - A position 105,Pass,0.505973715651135,0.6860362685688699,0.505973715651135
Per position nucleotide content - A position 106,Pass,0.5245215311004785,0.5966901519533098,0.5245215311004785
Per position nucleotide content - A position 107,Pass,0.5209832134292566,0.5931039482139779,0.5209832134292566
Per position nucleotide content - A position 108,Pass,0.5336134453781513,0.6092436974789917,0.5336134453781513
Per position nucleotide content - A position 109,Pass,0.5252707581227437,0.5979360630818924,0.5252707581227437
Per position nucleotide content - A position 110,Pass,0.5198555956678701,0.5900071219823669,0.51985559566787
Per position nucleotide content - A position 111,Pass,0.5114320096269556,0.5850858495262827,0.5114320096269555
Per position nucleotide content - A position 112,Pass,0.5300842358604091,0.605764891696751,0.5300842358604091
Per position nucleotide content - A position 113,Pass,0.5078219013237063,0.580519795048778,0.5078219013237064
Per position nucleotide content - A position 114,Pass,0.5211097708082026,0.5918264819045493,0.5211097708082026
Per position nucleotide content - A position 115,Pass,0.518719806763285,0.5906299220921997,0.518719806763285
Per position nucleotide content - A position 116,Pass,0.5223700120918984,0.5926065685416059,0.5223700120918985
Per position nucleotide content - A position 117,Pass,0.5217917675544794,0.5968371670702179,0.5217917675544794
Per position nucleotide content - A position 118,Pass,0.51278928136419,0.5852854504734587,0.51278928136419
Per position nucleotide content - A position 119,Pass,0.5134146341463415,0.5861928190097351,0.5134146341463415
Per position nucleotide content - A position 120,Pass,0.5195360195360196,0.5917969695502735,0.5195360195360196
Per position nucleotide content - A position 121,Pass,0.5134969325153375,0.587162250358961,0.5134969325153375
Per position nucleotide content - A position 122,Pass,0.5116707616707616,0.5850665067082977,0.5116707616707616
Per position nucleotide content - A position 123,Pass,0.5104551045510455,0.5821780099639071,0.5104551045510455
Per position nucleotide content - A position 124,Pass,0.5037037037037038,0.5766482794851588,0.5037037037037037
Per position nucleotide content - A position 125,Pass,0.5129950495049505,0.5864759661450016,0.5129950495049505
Per position nucleotide content - A position 126,Pass,0.520496894409938,0.5946039530591072,0.5204968944099378
Per position nucleotide content - A position 127,Pass,0.5336658354114713,0.6103942271979625,0.5336658354114713
Per position nucleotide content - A position 128,Pass,0.53625,0.6109304298642534,0.53625
Per position nucleotide content - A position 129,Pass,0.5087609511889862,0.578428023561562,0.5087609511889862
Per position nucleotide content - A position 130,Pass,0.5131909547738693,0.5841951786266184,0.5131909547738693
Per position nucleotide content - A position 131,Pass,0.5062814070351759,0.5749094308753068,0.5062814070351759
Per position nucleotide content - A position 132,Pass,0.5238993710691824,0.6005453387469151,0.5238993710691824
Per position nucleotide content - A position 133,Pass,0.509469696969697,0.5796434169278997,0.509469696969697
Per position nucleotide content - A position 134,Pass,0.5253485424588087,0.5975089726733237,0.5253485424588086
Per position nucleotide content - A position 135,Pass,0.5038022813688213,0.5722625943167147,0.5038022813688213
Per position nucleotide content - A position 136,Pass,0.5228426395939085,0.5989452844164616,0.5228426395939086
Per position nucleotide content - A position 137,Pass,0.5044642857142858,0.6801437556154537,0.5044642857142857
Per position nucleotide content - A position 138,Pass,0.5006377551020408,0.57167149163036,0.5006377551020408
Per position nucleotide content - A position 139,Pass,0.533205619412516,0.6049751526876825,0.533205619412516
Per position nucleotide content - A position 140,Pass,0.5089743589743589,0.5792933810375671,0.5089743589743589
Per position nucleotide content - A position 141,Pass,0.517971758664955,0.5895258718942329,0.517971758664955
Per position nucleotide content - A position 142,Pass,0.5258397932816538,0.600027432657251,0.5258397932816538
Per position nucleotide content - A position 143,Pass,0.5232558139534883,0.5946320314052872,0.5232558139534884
Per position nucleotide content - A position 144,Pass,0.5019404915912031,0.5681428812088579,0.5019404915912031
Per position nucleotide content - A position 145,Pass,0.5078328981723238,0.5808734921966376,0.5078328981723238
Per position nucleotide content - A position 146,Pass,0.5052356020942408,0.5784573840856563,0.5052356020942408
Per position nucleotide content - A position 147,Pass,0.5334207077326343,0.6101093352801992,0.5334207077326344
Per position nucleotide content - A position 148,Pass,0.5381578947368422,0.6163377192982457,0.5381578947368421
Per position nucleotide content - A position 149,Pass,0.5270448548812664,0.6034055828065142,0.5270448548812665
Per position nucleotide content - A position 150,Pass,0.5178335535006605,0.5912887297826627,0.5178335535006605
Per position nucleotide content - A position 151,Pass,0.5052980132450331,0.6859175544677993,0.5052980132450331
Per position nucleotide content - A position 152,Pass,0.50265604249668,0.5695650730411685,0.50265604249668
Per position nucleotide content - A position 153,Pass,0.5186170212765958,0.5901285891344763,0.5186170212765957
Per position nucleotide content - A position 154,Pass,0.5140374331550802,0.5866092084802974,0.5140374331550802
Per position nucleotide content - A position 155,Pass,0.5,0.565114709851552,0.5
Per position nucleotide content - A position 156,Pass,0.5189189189189188,0.5892983892983894,0.518918918918919
Per position nucleotide content - A position 157,Pass,0.5283783783783784,0.600706233872063,0.5283783783783784
Per position nucleotide content - A position 158,Pass,0.5033921302578019,0.6782722793417635,0.5033921302578019
Per position nucleotide content - A position 159,Pass,0.5197547683923706,0.5890929916548687,0.5197547683923706
Per position nucleotide content - A position 160,Pass,0.5355677154582763,0.6108967633113304,0.5355677154582763
Per position nucleotide content - A position 161,Pass,0.5096021947873799,0.5800370575107998,0.50960219478738
Per position nucleotide content - A position 162,Pass,0.5137551581843192,0.5816594251945009,0.5137551581843192
Per position nucleotide content - A position 163,Pass,0.5337931034482759,0.6085227756492123,0.5337931034482759
Per position nucleotide content - A position 164,Pass,0.5158839779005524,0.5920087274954385,0.5158839779005525
Per position nucleotide content - A position 165,Pass,0.5207756232686981,0.5947274292015169,0.5207756232686981
Per position nucleotide content - A position 166,Pass,0.5188284518828452,0.5896175926826894,0.5188284518828452
Per position nucleotide content - A position 167,Pass,0.5056258790436006,0.5773836877358622,0.5056258790436006
Per position nucleotide content - A position 168,Pass,0.5254237288135594,0.59782171189368,0.5254237288135594
Per position nucleotide content - A position 169,Pass,0.519094766619519,0.5935899475382396,0.5190947666195191
Per position nucleotide content - A position 170,Pass,0.5106837606837606,0.583425695021705,0.5106837606837606
Per position nucleotide content - A position 171,Pass,0.5329041487839772,0.6060500563114479,0.5329041487839771
Per position nucleotide content - A position 172,Pass,0.5215827338129496,0.591221829166501,0.5215827338129496
Per position nucleotide content - A position 173,Pass,0.5093930635838151,0.6839286446345849,0.509393063583815
Per position nucleotide content - A position 174,Pass,0.5043795620437956,0.5747296212787099,0.5043795620437956
Per position nucleotide content - A position 175,Pass,0.5117130307467057,0.5861346998535871,0.5117130307467057
Per position nucleotide content - A position 176,Pass,0.5228613569321534,0.595778268115772,0.5228613569321534
Per position nucleotide content - A position 177,Pass,0.5302806499261448,0.605744001397364,0.5302806499261448
Per position nucleotide content - A position 178,Pass,0.5237388724035608,0.6001186943620178,0.5237388724035609
Per position nucleotide content - A position 179,Pass,0.5119940029985008,0.5850589103354082,0.5119940029985007
Per position nucleotide content - A position 180,Pass,0.5,0.6805555555555556,0.5
Per position nucleotide content - A position 181,Pass,0.5075187969924813,0.5826289207868154,0.5075187969924813
Per position nucleotide content - A position 182,Pass,0.5121028744326778,0.5831679935186793,0.5121028744326778
Per position nucleotide content - A position 183,Pass,0.5227617602427922,0.5961428044129107,0.5227617602427921
Per position nucleotide content - A position 184,Pass,0.5068493150684932,0.6820106789083421,0.5068493150684932
Per position nucleotide content - A position 185,Pass,0.512937595129376,0.5846397422019832,0.512937595129376
Per position nucleotide content - A position 186,Pass,0.5184899845916795,0.592999049273842,0.5184899845916795
Per position nucleotide content - A position 187,Pass,0.5100463678516228,0.5843093555398775,0.5100463678516228
Per position nucleotide content - A position 188,Pass,0.5100931677018634,0.5812578937351857,0.5100931677018633
Per position nucleotide content - A position 189,Pass,0.5187207488299532,0.5900757744595498,0.5187207488299532
Per position nucleotide content - A position 190,Pass,0.5031201248049922,0.5752602930204165,0.5031201248049922
Per position nucleotide content - A position 191,Pass,0.5117004680187207,0.58571664582401,0.5117004680187207
Per position nucleotide content - A position 192,Pass,0.50546875,0.5785451061320755,0.50546875
Per position nucleotide content - A position 193,Pass,0.5148669796557119,0.5846621680194546,0.514866979655712
Per position nucleotide content - A position 194,Pass,0.5070532915360502,0.5755252840052276,0.5070532915360502
Per position nucleotide content - A position 195,Pass,0.501577287066246,0.5688996103173131,0.501577287066246
Per position nucleotide content - A position 196,Pass,0.504739336492891,0.567603900838498,0.504739336492891
Per position nucleotide content - A position 197,Pass,0.5103174603174603,0.5828624486006101,0.5103174603174603
Per position nucleotide content - A position 198,Pass,0.5136,0.5870384401114207,0.5136
Per position nucleotide content - A position 199,Pass,0.5152733118971061,0.5856383638497429,0.5152733118971061
Per position nucleotide content - A position 200,Pass,0.5120772946859903,0.5833333333333335,0.5120772946859904
Per position nucleotide content - A position 201,Pass,0.5008064516129032,0.5692858502236179,0.5008064516129033
Per position nucleotide content - A position 202,Pass,0.5233870967741936,0.5984207925240362,0.5233870967741936
Per position nucleotide content - A position 203,Pass,0.517741935483871,0.5955220713073005,0.5177419354838709
Per position nucleotide content - A position 204,Pass,0.5032414910858996,0.5703097205202198,0.5032414910858996
Per position nucleotide content - A position 205,Pass,0.5227272727272727,0.5933068082224524,0.5227272727272727
Per position nucleotide content - A position 206,Pass,0.5024390243902439,0.5725117921733154,0.5024390243902439
Per position nucleotide content - A position 207,Pass,0.5097879282218597,0.5838285016449918,0.5097879282218597
Per position nucleotide content - A position 208,Pass,0.5057565789473685,0.5759165625488052,0.5057565789473685
Per position nucleotide content - A position 209,Pass,0.5016501650165016,0.5720151426907396,0.5016501650165016
Per position nucleotide content - A position 210,Pass,0.5215231788079471,0.5982538143500054,0.5215231788079471
Per position nucleotide content - A position 211,Pass,0.5033333333333333,0.6836467889908256,0.5033333333333333
Per position nucleotide content - A position 212,Pass,0.5025210084033613,0.6823836851813896,0.5025210084033613
Per position nucleotide content - A position 213,Pass,0.5160472972972973,0.5879174196993346,0.5160472972972973
Per position nucleotide content - A position 214,Pass,0.5042517006802721,0.6809116375990205,0.5042517006802721
Per position nucleotide content - A position 215,Pass,0.5256410256410257,0.6005265567765568,0.5256410256410257
Per position nucleotide content - A position 216,Pass,0.5017094017094017,0.6809357045699089,0.5017094017094017
Per position nucleotide content - A position 217,Pass,0.504302925989673,0.6881954236412626,0.504302925989673
Per position nucleotide content - A position 218,Pass,0.5008665511265165,0.6848691619809093,0.5008665511265165
Per position nucleotide content - A position 219,Pass,0.5164930555555556,0.5917027716322518,0.5164930555555556
Per position nucleotide content - A position 220,Pass,0.5208333333333333,0.6921422101449276,0.5208333333333334
Per position nucleotide content - A position 221,Pass,0.5253940455341506,0.5974557779175806,0.5253940455341506
Per position nucleotide content - A position 222,Pass,0.5175438596491228,0.692427605157472,0.5175438596491229
Per position nucleotide content - A position 223,Pass,0.5193661971830986,0.586404954549995,0.5193661971830986
Per position nucleotide content - A position 224,Pass,0.501763668430335,0.5708265499932167,0.5017636684303352
Per position nucleotide content - A position 225,Pass,0.5088495575221239,0.5835912246303852,0.5088495575221239
Per position nucleotide content - A position 226,Pass,0.5230905861456483,0.594954085838006,0.5230905861456483
Per position nucleotide content - A position 227,Pass,0.5142348754448398,0.5872330960854093,0.5142348754448398
Per position nucleotide content - A position 228,Pass,0.5178571428571429,0.5897897465437788,0.5178571428571429
Per position nucleotide content - A position 229,Pass,0.522361359570662,0.5978251355358246,0.5223613595706619
Per position nucleotide content - A position 230,Pass,0.5287253141831239,0.6034134036315706,0.5287253141831239
Per position nucleotide content - A position 231,Pass,0.5317028985507247,0.6051567239635997,0.5317028985507246
Per position nucleotide content - A position 232,Pass,0.5228102189781022,0.594808119522496,0.5228102189781022
Per position nucleotide content - A position 233,Pass,0.5211009174311927,0.5921016375990231,0.5211009174311927
Per position nucleotide content - A position 234,Pass,0.5193726937269373,0.5992544619323745,0.5193726937269373
Per position nucleotide content - A position 235,Pass,0.5027985074626865,0.6810126060206122,0.5027985074626866
Per position nucleotide content - A position 236,Pass,0.531132075471698,0.6058938600366001,0.5311320754716982
Per position nucleotide content - A position 237,Pass,0.5047258979206048,0.5707080254339234,0.504725897920605
Per position nucleotide content - A position 238,Pass,0.5199240986717267,0.5892996377436605,0.5199240986717267
Per position nucleotide content - A position 239,Pass,0.5190114068441065,0.592348865695256,0.5190114068441065
Per position nucleotide content - A position 240,Pass,0.520952380952381,0.5957111528822057,0.520952380952381
Per position nucleotide content - A position 241,Pass,0.5173076923076922,0.5855410447761196,0.5173076923076924
Per position nucleotide content - A position 242,Pass,0.5173076923076924,0.5891826923076923,0.5173076923076924
Per position nucleotide content - A position 243,Pass,0.5019267822736031,0.6813042873481501,0.5019267822736031
Per position nucleotide content - A position 244,Pass,0.5173745173745173,0.5836978161196911,0.5173745173745173
Per position nucleotide content - A position 245,Pass,0.5224171539961013,0.6948526237293458,0.5224171539961013
Per position nucleotide content - A position 246,Pass,0.5108267716535433,0.5816368705691147,0.5108267716535433
Per position nucleotide content - A position 247,Pass,0.5019723865877712,0.5660405485986881,0.5019723865877712
Per position nucleotide content - A position 248,Pass,0.5119284294234593,0.5795418329716359,0.5119284294234593
Per position nucleotide content - A position 249,Pass,0.5100401606425702,0.6886750297894876,0.5100401606425703
Per position nucleotide content - A position 250,Pass,0.5382293762575452,0.6139084507042254,0.5382293762575453
Per position nucleotide content - A position 251,Pass,0.52834008097166,0.6010181884101758,0.52834008097166
Per position nucleotide content - A position 252,Pass,0.5081300813008129,0.5722211115553779,0.508130081300813
Per position nucleotide content - A position 253,Pass,0.5184049079754601,0.5898994292341971,0.5184049079754601
Per position nucleotide content - A position 254,Pass,0.5247422680412371,0.5962727993655828,0.5247422680412371
Per position nucleotide content - A position 255,Pass,0.5020703933747412,0.5702313783130244,0.5020703933747412
Per position nucleotide content - A position 256,Pass,0.5229645093945721,0.5954679888656923,0.5229645093945721
Per position nucleotide content - A position 257,Pass,0.509493670886076,0.5770741192618576,0.509493670886076
Per position nucleotide content - A position 258,Pass,0.524468085106383,0.5972007722007722,0.524468085106383
Per position nucleotide content - A position 259,Pass,0.5149253731343284,0.6880441542288557,0.5149253731343284
Per position nucleotide content - A position 260,Pass,0.525695931477516,0.5987376126686919,0.525695931477516
Per position nucleotide content - A position 261,Pass,0.5300429184549357,0.6051784504178903,0.5300429184549357
Per position nucleotide content - A position 262,Pass,0.5140692640692641,0.5788383838383839,0.5140692640692641
Per position nucleotide content - A position 263,Pass,0.5119565217391304,0.690487117552335,0.5119565217391304
Per position nucleotide content - A position 264,Pass,0.5337690631808278,0.6098553048053602,0.5337690631808278
Per position nucleotide content - A position 265,Pass,0.5251091703056768,0.5962608047154385,0.5251091703056768
Per position nucleotide content - A position 266,Pass,0.5185589519650655,0.5900763757198281,0.5185589519650655
Per position nucleotide content - A position 267,Pass,0.5165198237885463,0.5873187501114698,0.5165198237885462
Per position nucleotide content - A position 268,Pass,0.5022075055187638,0.5677919332510195,0.5022075055187638
Per position nucleotide content - A position 269,Pass,0.5221729490022173,0.594050258684405,0.5221729490022173
Per position nucleotide content - A position 270,Pass,0.5011135857461024,0.6774538344176911,0.5011135857461024
Per position nucleotide content - A position 271,Pass,0.5200892857142858,0.5915453015222483,0.5200892857142857
Per position nucleotide content - A position 272,Pass,0.5201793721973094,0.5978221445528885,0.5201793721973094
Per position nucleotide content - A position 273,Pass,0.5270880361173815,0.601313769751693,0.5270880361173815
Per position nucleotide content - A position 274,Pass,0.504566210045662,0.5764885844748859,0.5045662100456622
Per position nucleotide content - A position 275,Pass,0.5172413793103449,0.590469542556657,0.5172413793103449
Per position nucleotide content - A position 276,Pass,0.5333333333333333,0.6046445103240234,0.5333333333333333
Per position nucleotide content - A position 277,Pass,0.5359628770301624,0.6086903841196185,0.5359628770301624
Per position nucleotide content - A position 278,Pass,0.525522041763341,0.6021108251160092,0.525522041763341
Per position nucleotide content - A position 279,Pass,0.5046511627906975,0.5745505178815712,0.5046511627906977
Per position nucleotide content - A position 280,Pass,0.5162790697674419,0.5870502882130788,0.5162790697674419
Per position nucleotide content - A position 281,Pass,0.5186480186480187,0.589502451571417,0.5186480186480187
Per position nucleotide content - A position 282,Pass,0.5328638497652581,0.6078051643192488,0.5328638497652582
Per position nucleotide content - A position 283,Pass,0.5082547169811321,0.5777408519153802,0.5082547169811321
Per position nucleotide content - A position 284,Pass,0.5142180094786729,0.5823567427832831,0.514218009478673
Per position nucleotide content - A position 285,Pass,0.5082938388625593,0.6812587120156118,0.5082938388625592
Per position nucleotide content - A position 286,Pass,0.5202380952380953,0.6944331158238173,0.5202380952380953
Per position nucleotide content - A position 287,Pass,0.5167064439140812,0.5898848799663063,0.5167064439140812
Per position nucleotide content - A position 288,Pass,0.5095465393794749,0.5745596090464826,0.5095465393794749
Per position nucleotide content - A position 289,Pass,0.5024038461538461,0.5666613751814223,0.5024038461538461
Per position nucleotide content - A position 290,Pass,0.5108958837772397,0.5803076037741994,0.5108958837772397
Per position nucleotide content - A position 291,Pass,0.5061124694376528,0.5837915672081719,0.5061124694376528
Per position nucleotide content - A position 292,Pass,0.5024509803921569,0.568512919186366,0.5024509803921569
Per position nucleotide content - A position 293,Pass,0.5074441687344913,0.5808519437551696,0.5074441687344913
Per position nucleotide content - A position 294,Pass,0.5099750623441397,0.5867503372715752,0.5099750623441397
Per position nucleotide content - A position 295,Pass,0.5012562814070353,0.5720910106085985,0.5012562814070352
Per position nucleotide content - A position 296,Pass,0.5265151515151516,0.5965691396725878,0.5265151515151515
Per position nucleotide content - A position 297,Pass,0.5189873417721519,0.6895721384086156,0.5189873417721519
Per position nucleotide content - A position 298,Pass,0.5255102040816326,0.5967425431711146,0.5255102040816326
Per position nucleotide content - A position 299,Pass,0.5064102564102564,0.5763267740011926,0.5064102564102564
Per position nucleotide content - A position 300,Pass,0.5090439276485788,0.5821369393170415,0.5090439276485789
Per position nucleotide content - A position 301,Pass,0.5013157894736842,0.6879393673110721,0.5013157894736842
Per position nucleotide content - A position 302,Pass,0.5026315789473684,0.5746619990342828,0.5026315789473684
Per position nucleotide content - A position 303,Pass,0.5213333333333333,0.695939393939394,0.5213333333333333
Per position nucleotide content - A position 304,Pass,0.5040106951871657,0.6878486775545599,0.5040106951871658
Per position nucleotide content - A position 305,Pass,0.5202156334231807,0.5954482218937484,0.5202156334231806
Per position nucleotide content - A position 306,Pass,0.5121951219512195,0.5823322412328601,0.5121951219512195
Per position nucleotide content - A position 307,Pass,0.5040871934604905,0.5764427857484149,0.5040871934604905
Per position nucleotide content - A position 308,Pass,0.5124653739612188,0.5827509596861511,0.5124653739612188
Per position nucleotide content - A position 309,Pass,0.5278551532033426,0.6007191177306577,0.5278551532033426
Per position nucleotide content - A position 310,Pass,0.5097765363128492,0.5844111572983135,0.5097765363128491
Per position nucleotide content - A position 311,Pass,0.5352112676056339,0.6110698674807465,0.5352112676056338
Per position nucleotide content - A position 312,Pass,0.5028248587570622,0.5758735121496352,0.5028248587570622
Per position nucleotide content - A position 313,Pass,0.5141242937853107,0.5826498997630764,0.5141242937853108
Per position nucleotide content - A position 314,Pass,0.5099431818181819,0.5838206762749446,0.5099431818181818
Per position nucleotide content - A position 315,Pass,0.5,0.5707142857142857,0.5
Per position nucleotide content - A position 316,Pass,0.5373563218390804,0.6140747695459201,0.5373563218390804
Per position nucleotide content - A position 317,Pass,0.5347826086956522,0.6161574618096357,0.5347826086956522
Per position nucleotide content - A position 318,Pass,0.5043604651162791,0.5682887484877,0.5043604651162791
Per position nucleotide content - A position 319,Pass,0.5072674418604651,0.5777654328503592,0.5072674418604651
Per position nucleotide content - A position 320,Pass,0.5276162790697675,0.6016462826846607,0.5276162790697675
Per position nucleotide content - A position 321,Pass,0.5044117647058823,0.6816870998912912,0.5044117647058823
Per position nucleotide content - A position 322,Pass,0.5282738095238095,0.6044688179840464,0.5282738095238095
Per position nucleotide content - A position 323,Pass,0.503012048192771,0.5727475117862757,0.5030120481927711
Per position nucleotide content - A position 324,Pass,0.5443425076452599,0.6252382218676593,0.5443425076452599
Per position nucleotide content - A position 325,Pass,0.5230061349693251,0.6032386414154887,0.5230061349693251
Per position nucleotide content - A position 326,Pass,0.5492307692307692,0.627820512820513,0.5492307692307692
Per position nucleotide content - A position 327,Pass,0.5156739811912225,0.5846301686818928,0.5156739811912225
Per position nucleotide content - A position 328,Pass,0.5235849056603773,0.6000299490865528,0.5235849056603774
Per position nucleotide content - A position 329,Pass,0.5063291139240507,0.5798018712162906,0.5063291139240507
Per position nucleotide content - A position 330,Pass,0.5222222222222221,0.5993734335839599,0.5222222222222223
Per position nucleotide content - A position 331,Pass,0.5223642172523961,0.5980952215585499,0.5223642172523961
Per position nucleotide content - A position 332,Pass,0.5161290322580645,0.5898513954331279,0.5161290322580645
Per position nucleotide content - A position 333,Pass,0.5081168831168832,0.5823930903350792,0.5081168831168831
Per position nucleotide content - A position 334,Pass,0.5049668874172185,0.5764058324619495,0.5049668874172185
Per position nucleotide content - A position 335,Pass,0.5066666666666667,0.6831589147286823,0.5066666666666667
Per position nucleotide content - A position 336,Pass,0.5385906040268456,0.6125058038917733,0.5385906040268457
Per position nucleotide content - A position 337,Pass,0.5016891891891893,0.5740971234392287,0.5016891891891891
Per position nucleotide content - A position 338,Pass,0.5187074829931972,0.5895745090489026,0.5187074829931972
Per position nucleotide content - A position 339,Pass,0.5051369863013698,0.5764632627646326,0.5051369863013698
Per position nucleotide content - A position 340,Pass,0.5171821305841925,0.5886490549828178,0.5171821305841925
Per position nucleotide content - A position 341,Pass,0.5138888888888888,0.6879906400966184,0.5138888888888888
Per position nucleotide content - A position 342,Pass,0.5384615384615384,0.6183114638170818,0.5384615384615384
Per position nucleotide content - A position 343,Pass,0.5334507042253521,0.6082192842590133,0.5334507042253521
Per position nucleotide content - A position 344,Pass,0.5017667844522968,0.6755445721697902,0.5017667844522968
Per position nucleotide content - A position 345,Pass,0.5124555160142349,0.5871185161220749,0.5124555160142349
Per position nucleotide content - A position 346,Pass,0.5089285714285714,0.5771392617449664,0.5089285714285714
Per position nucleotide content - A position 347,Pass,0.5482142857142858,0.6223214285714286,0.5482142857142858
Per position nucleotide content - A position 348,Pass,0.5376344086021506,0.6172643835332629,0.5376344086021505
Per position nucleotide content - A position 349,Pass,0.5164233576642336,0.5886109918419922,0.5164233576642335
Per position nucleotide content - A position 350,Pass,0.518450184501845,0.6962558058416405,0.518450184501845
Per position nucleotide content - A position 351,Pass,0.5148698884758364,0.5816203804942051,0.5148698884758365
Per position nucleotide content - A position 352,Pass,0.5056818181818182,0.5717623313426233,0.5056818181818182
Per position nucleotide content - A position 353,Pass,0.5114068441064639,0.6883373479585133,0.5114068441064639
Per position nucleotide content - A position 354,Pass,0.5230769230769231,0.6014423076923078,0.5230769230769231
Per position nucleotide content - A position 355,Pass,0.5019305019305019,0.6869427869427869,0.5019305019305019
Per position nucleotide content - A position 356,Pass,0.521484375,0.5937222960992907,0.521484375
Per position nucleotide content - A position 357,Pass,0.5492125984251969,0.6242370139779039,0.5492125984251969
Per position nucleotide content - A position 358,Pass,0.5219123505976095,0.5860892712336494,0.5219123505976095
Per position nucleotide content - A position 359,Pass,0.506,0.5718139534883722,0.506
Per position nucleotide content - A position 360,Unknown,,,
Per position nucleotide content - A position 361,Unknown,,,
Per position nucleotide content - A position 362,Unknown,,,
Per position nucleotide content - A position 363,Unknown,,,
Per position nucleotide content - A position 364,Unknown,,,
Per position nucleotide content - A position 365,Unknown,,,
Per position nucleotide content - A position 366,Unknown,,,
Per position nucleotide content - A position 367,Unknown,,,
Per position nucleotide content - A position 368,Unknown,,,
Per position nucleotide content - A position 369,Unknown,,,
Per position nucleotide content - A position 370,Unknown,,,
Per position nucleotide content - A position 371,Unknown,,,
Per position nucleotide content - A position 372,Unknown,,,
Per position nucleotide content - A position 373,Unknown,,,
Per position nucleotide content - A position 374,Unknown,,,
Per position nucleotide content - A position 375,Unknown,,,
Per position nucleotide content - A position 376,Unknown,,,
Per position nucleotide content - A position 377,Unknown,,,
Per position nucleotide content - A position 378,Unknown,,,
Per position nucleotide content - A position 379,Unknown,,,
Per position nucleotide content - A position 380,Unknown,,,
Per position nucleotide content - A position 381,Unknown,,,
Per position nucleotide content - A position 382,Unknown,,,
Per position nucleotide content - A position 383,Unknown,,,
Per position nucleotide content - A position 384,Unknown,,,
Per position nucleotide content - A position 385,Unknown,,,
Per position nucleotide content - A position 386,Unknown,,,
Per position nucleotide content - A position 387,Unknown,,,
Per position nucleotide content - A position 388,Unknown,,,
Per position nucleotide content - A position 389,Unknown,,,
Per position nucleotide content - A position 390,Unknown,,,
Per position nucleotide content - A position 391,Unknown,,,
Per position nucleotide content - A position 392,Unknown,,,
Per position nucleotide content - A position 393,Unknown,,,
Per position nucleotide content - A position 394,Unknown,,,
Per position nucleotide content - A position 395,Unknown,,,
Per position nucleotide content - A position 396,Unknown,,,
Per position nucleotide content - A position 397,Unknown,,,
Per position nucleotide content - A position 398,Unknown,,,
Per position nucleotide content - A position 399,Unknown,,,
Per position nucleotide content - A position 400,Unknown,,,
Per position nucleotide content - A position 401,Unknown,,,
Per position nucleotide content - A position 402,Unknown,,,
Per position nucleotide content - A position 403,Unknown,,,
Per position nucleotide content - A position 404,Unknown,,,
Per position nucleotide content - A position 405,Unknown,,,
Per position nucleotide content - A position 406,Unknown,,,
Per position nucleotide content - A position 407,Unknown,,,
Per position nucleotide content - A position 408,Unknown,,,
Per position nucleotide content - A position 409,Unknown,,,
Per position nucleotide content - A position 410,Unknown,,,
Per position nucleotide content - A position 411,Unknown,,,
Per position nucleotide content - A position 412,Unknown,,,
Per position nucleotide content - A position 413,Unknown,,,
Per position nucleotide content - A position 414,Unknown,,,
Per position nucleotide content - A position 415,Unknown,,,
Per position nucleotide content - A position 416,Unknown,,,
Per position nucleotide content - A position 417,Unknown,,,
Per position nucleotide content - A position 418,Unknown,,,
Per position nucleotide content - A position 419,Unknown,,,
Per position nucleotide content - A position 420,Unknown,,,
Per position nucleotide content - A position 421,Unknown,,,
Per position nucleotide content - A position 422,Unknown,,,
Per position nucleotide content - A position 423,Unknown,,,
Per position nucleotide content - A position 424,Unknown,,,
Per position nucleotide content - A position 425,Unknown,,,
Per position nucleotide content - A position 426,Unknown,,,
Per position nucleotide content - A position 427,Unknown,,,
Per position nucleotide content - A position 428,Unknown,,,
Per position nucleotide content - A position 429,Unknown,,,
Per position nucleotide content - A position 430,Unknown,,,
Per position nucleotide content - A position 431,Unknown,,,
Per position nucleotide content - A position 432,Unknown,,,
Per position nucleotide content - A position 433,Unknown,,,
Per position nucleotide content - A position 434,Unknown,,,
Per position nucleotide content - A position 435,Unknown,,,
Per position nucleotide content - A position 436,Unknown,,,
Per position nucleotide content - A position 437,Unknown,,,
Per position nucleotide content - A position 438,Unknown,,,
Per position nucleotide content - A position 439,Unknown,,,
Per position nucleotide content - A position 440,Unknown,,,
Per position nucleotide content - A position 441,Unknown,,,
Per position nucleotide content - A position 442,Unknown,,,
Per position nucleotide content - A position 443,Unknown,,,
Per position nucleotide content - A position 444,Unknown,,,
Per position nucleotide content - A position 445,Unknown,,,
Per position nucleotide content - A position 446,Unknown,,,
Per position nucleotide content - A position 447,Unknown,,,
Per position nucleotide content - A position 448,Unknown,,,
Per position nucleotide content - A position 449,Unknown,,,
Per position nucleotide content - A position 450,Unknown,,,
Per position nucleotide content - A position 451,Unknown,,,
Per position nucleotide content - A position 452,Unknown,,,
Per position nucleotide content - A position 453,Unknown,,,
Per position nucleotide content - A position 454,Unknown,,,
Per position nucleotide content - A position 455,Unknown,,,
Per position nucleotide content - A position 456,Unknown,,,
Per position nucleotide content - A position 457,Unknown,,,
Per position nucleotide content - A position 458,Unknown,,,
Per position nucleotide content - A position 459,Unknown,,,
Per position nucleotide content - A position 460,Unknown,,,
Per position nucleotide content - A position 461,Unknown,,,
Per position nucleotide content - A position 462,Unknown,,,
Per position nucleotide content - A position 463,Unknown,,,
Per position nucleotide content - A position 464,Unknown,,,
Per position nucleotide content - A position 465,Unknown,,,
Per position nucleotide content - A position 466,Unknown,,,
Per position nucleotide content - A position 467,Unknown,,,
Per position nucleotide content - A position 468,Unknown,,,
Per position nucleotide content - A position 469,Unknown,,,
Per position nucleotide content - A position 470,Unknown,,,
Per position nucleotide content - A position 471,Unknown,,,
Per position nucleotide content - A position 472,Unknown,,,
Per position nucleotide content - A position 473,Unknown,,,
Per position nucleotide content - A position 474,Unknown,,,
Per position nucleotide content - A position 475,Unknown,,,
Per position nucleotide content - A position 476,Unknown,,,
Per position nucleotide content - A position 477,Unknown,,,
Per position nucleotide content - A position 478,Unknown,,,
Per position nucleotide content - A position 479,Unknown,,,
Per position nucleotide content - A position 480,Unknown,,,
Per position nucleotide content - A position 481,Unknown,,,
Per position nucleotide content - A position 482,Unknown,,,
Per position nucleotide content - A position 483,Unknown,,,
Per position nucleotide content - A,Warning,0.6244444444444444,0.7614114114114114,0.6244444444444445
Per position nucleotide content - C position 1,Pass,0.526111111111111,0.7110934182590234,0.5261111111111111
Per position nucleotide content - C position 2,Pass,0.5033333333333333,0.5537301587301586,0.5033333333333333
Per position nucleotide content - C position 3,Pass,0.5038888888888888,0.6979086822805772,0.5038888888888889
Per position nucleotide content - C position 4,Pass,0.5111111111111111,0.7021572104018912,0.5111111111111111
Per position nucleotide content - C position 5,Pass,0.5055679287305124,0.6988827709434907,0.5055679287305123
Per position nucleotide content - C position 6,Pass,0.5083518930957683,0.5627263417011641,0.5083518930957683
Per position nucleotide content - C position 7,Pass,0.5038975501113585,0.7024967459151755,0.5038975501113586
Per position nucleotide content - C position 8,Pass,0.515033407572383,0.7063091959769854,0.515033407572383
Per position nucleotide content - C position 9,Pass,0.5089086859688197,0.7054503835684236,0.5089086859688196
Per position nucleotide content - C position 10,Pass,0.5239687848383501,0.7131873633208625,0.5239687848383501
Per position nucleotide content - C position 11,Pass,0.5011148272017838,0.6962870060696147,0.5011148272017837
Per position nucleotide content - C position 12,Pass,0.5044742729306487,0.6988517944893784,0.5044742729306487
Per position nucleotide content - C position 13,Pass,0.5145739910313901,0.710773185965304,0.5145739910313901
Per position nucleotide content - C position 14,Pass,0.5028058361391695,0.6992597690492178,0.5028058361391695
Per position nucleotide content - C position 15,Pass,0.5101010101010102,0.6999405584424852,0.51010101010101
Per position nucleotide content - C position 16,Pass,0.5061797752808989,0.5630048195569491,0.5061797752808989
Per position nucleotide content - C position 17,Pass,0.5028153153153153,0.5570881723898965,0.5028153153153153
Per position nucleotide content - C position 18,Pass,0.5084650112866818,0.7043996123443595,0.5084650112866818
Per position nucleotide content - C position 19,Pass,0.5005643340857788,0.6991051960390077,0.5005643340857788
Per position nucleotide content - C position 20,Pass,0.5254524886877828,0.7116844256312946,0.5254524886877828
Per position nucleotide content - C position 21,Pass,0.5067873303167421,0.700684584178499,0.5067873303167421
Per position nucleotide content - C position 22,Pass,0.5226757369614513,0.7090394924829277,0.5226757369614512
Per position nucleotide content - C position 23,Pass,0.5085227272727273,0.6998903363570153,0.5085227272727273
Per position nucleotide content - C position 24,Pass,0.5290102389078497,0.7112473833486656,0.5290102389078498
Per position nucleotide content - C position 25,Pass,0.5017064846416381,0.5563019862460641,0.5017064846416383
Per position nucleotide content - C position 26,Pass,0.5295790671217292,0.7119780627999615,0.5295790671217292
Per position nucleotide content - C position 27,Pass,0.5102389078498294,0.563939320502723,0.5102389078498294
Per position nucleotide content - C position 28,Pass,0.5136674259681093,0.5698336600095354,0.5136674259681093
Per position nucleotide content - C position 29,Pass,0.5119589977220956,0.570378132118451,0.5119589977220956
Per position nucleotide content - C position 30,Pass,0.5125284738041003,0.56809543359644,0.5125284738041003
Per position nucleotide content - C position 31,Pass,0.5182440136830102,0.5769982401908766,0.5182440136830102
Per position nucleotide content - C position 32,Pass,0.5051369863013698,0.7005400738506173,0.5051369863013698
Per position nucleotide content - C position 33,Pass,0.5194285714285715,0.7081594202898551,0.5194285714285715
Per position nucleotide content - C position 34,Pass,0.5034285714285716,0.6962457983193278,0.5034285714285714
Per position nucleotide content - C position 35,Pass,0.5234285714285715,0.7075423105224431,0.5234285714285715
Per position nucleotide content - C position 36,Pass,0.5223112128146453,0.7062908766179403,0.5223112128146453
Per position nucleotide content - C position 37,Pass,0.502290950744559,0.6971800204979803,0.502290950744559
Per position nucleotide content - C position 38,Pass,0.5269495412844036,0.7085510699958453,0.5269495412844036
Per position nucleotide content - C position 39,Pass,0.5068886337543054,0.5639066571902392,0.5068886337543054
Per position nucleotide content - C position 40,Pass,0.5120551090700345,0.7038811489083798,0.5120551090700345
Per position nucleotide content - C position 41,Pass,0.5022962112514351,0.6984889960676964,0.5022962112514351
Per position nucleotide content - C position 42,Pass,0.5241102181400689,0.7069972175924584,0.5241102181400689
Per position nucleotide content - C position 43,Pass,0.5355912743972446,0.7143921663869999,0.5355912743972445
Per position nucleotide content - C position 44,Pass,0.5091954022988506,0.7006423258958756,0.5091954022988506
Per position nucleotide content - C position 45,Pass,0.503452243958573,0.6973070971831248,0.503452243958573
Per position nucleotide content - C position 46,Pass,0.5092059838895282,0.6980368582862442,0.5092059838895282
Per position nucleotide content - C position 47,Pass,0.5005760368663594,0.692871317586315,0.5005760368663594
Per position nucleotide content - C position 48,Pass,0.5063437139561706,0.6909866786002541,0.5063437139561707
Per position nucleotide content - C position 49,Pass,0.5173210161662818,0.7022241641179285,0.5173210161662818
Per position nucleotide content - C position 50,Pass,0.5207852193995381,0.7072820758611044,0.5207852193995381
Per position nucleotide content - C position 51,Pass,0.5132947976878612,0.7036592534535123,0.5132947976878612
Per position nucleotide content - C position 52,Pass,0.521412037037037,0.7076569653480276,0.5214120370370371
Per position nucleotide content - C position 53,Pass,0.5109953703703703,0.7003013919960228,0.5109953703703703
Per position nucleotide content - C position 54,Pass,0.511008111239861,0.7022360935186304,0.5110081112398609
Per position nucleotide content - C position 55,Pass,0.5150812064965197,0.7074638274268938,0.5150812064965197
Per position nucleotide content - C position 56,Pass,0.5185614849187936,0.7083012975348878,0.5185614849187935
Per position nucleotide content - C position 57,Pass,0.5400696864111498,0.7194669803840895,0.5400696864111498
Per position nucleotide content - C position 58,Pass,0.5424912689173458,0.7174780878556145,0.5424912689173458
Per position nucleotide content - C position 59,Pass,0.5017482517482517,0.5604461328145538,0.5017482517482518
Per position nucleotide content - C position 60,Pass,0.5163170163170163,0.7016899766899768,0.5163170163170163
Per position nucleotide content - C position 61,Pass,0.5326340326340326,0.7154832347140039,0.5326340326340326
Per position nucleotide content - C position 62,Pass,0.5238927738927739,0.7064654921797779,0.5238927738927739
Per position nucleotide content - C position 63,Pass,0.5110722610722611,0.7002470669826042,0.5110722610722611
Per position nucleotide content - C position 64,Pass,0.5104895104895105,0.7017747877122877,0.5104895104895105
Per position nucleotide content - C position 65,Pass,0.5204200700116687,0.7058155447645982,0.5204200700116686
Per position nucleotide content - C position 66,Pass,0.5221703617269544,0.7080813842108012,0.5221703617269545
Per position nucleotide content - C position 67,Pass,0.5116686114352392,0.7043874323203326,0.5116686114352392
Per position nucleotide content - C position 68,Pass,0.5035005834305718,0.695993630517367,0.5035005834305718
Per position nucleotide content - C position 69,Pass,0.5064177362893816,0.7012710605519125,0.5064177362893816
Per position nucleotide content - C position 70,Pass,0.5245040840140023,0.7119326588795727,0.5245040840140023
Per position nucleotide content - C position 71,Pass,0.5192532088681447,0.7054305875185249,0.5192532088681447
Per position nucleotide content - C position 72,Pass,0.5046674445740957,0.6963718350648803,0.5046674445740957
Per position nucleotide content - C position 73,Pass,0.5058343057176196,0.6987734896114527,0.5058343057176196
Per position nucleotide content - C position 74,Pass,0.5110851808634773,0.7013356938198251,0.5110851808634772
Per position nucleotide content - C position 75,Pass,0.514018691588785,0.7016627373451177,0.514018691588785
Per position nucleotide content - C position 76,Pass,0.5052570093457943,0.5610373322468105,0.5052570093457944
Per position nucleotide content - C position 77,Pass,0.514018691588785,0.7033744918486233,0.514018691588785
Per position nucleotide content - C position 78,Pass,0.5286214953271029,0.7087757417381617,0.5286214953271028
Per position nucleotide content - C position 79,Pass,0.5198598130841121,0.7089646116042463,0.5198598130841121
Per position nucleotide content - C position 80,Pass,0.524561403508772,0.7056760858890226,0.5245614035087719
Per position nucleotide content - C position 81,Pass,0.532748538011696,0.7123284040918005,0.5327485380116959
Per position nucleotide content - C position 82,Pass,0.5128654970760235,0.7023685525658223,0.5128654970760234
Per position nucleotide content - C position 83,Pass,0.5163742690058479,0.7049392914273727,0.5163742690058479
Per position nucleotide content - C position 84,Pass,0.5304093567251462,0.713210264467138,0.5304093567251462
Per position nucleotide content - C position 85,Pass,0.5245901639344261,0.7067492152075341,0.5245901639344263
Per position nucleotide content - C position 86,Pass,0.5339578454332552,0.7165529294852641,0.5339578454332553
Per position nucleotide content - C position 87,Pass,0.5117096018735363,0.7013589301121658,0.5117096018735363
Per position nucleotide content - C position 88,Pass,0.5234466588511137,0.7105361028029731,0.5234466588511137
Per position nucleotide content - C position 89,Pass,0.5246478873239437,0.7055286730608601,0.5246478873239436
Per position nucleotide content - C position 90,Pass,0.5158636897767332,0.7056873739018105,0.5158636897767332
Per position nucleotide content - C position 91,Pass,0.53,0.7114164848376898,0.53
Per position nucleotide content - C position 92,Pass,0.5147058823529411,0.7075537225960494,0.5147058823529411
Per position nucleotide content - C position 93,Pass,0.5229411764705882,0.7068149537719416,0.5229411764705882
Per position nucleotide content - C position 94,Pass,0.5152941176470587,0.6997135865131877,0.5152941176470588
Per position nucleotide content - C position 95,Pass,0.5088235294117647,0.701338400528751,0.5088235294117647
Per position nucleotide content - C position 96,Pass,0.5276796230859835,0.7122761742168578,0.5276796230859835
Per position nucleotide content - C position 97,Pass,0.5242030696576151,0.7081960629278915,0.5242030696576151
Per position nucleotide content - C position 98,Pass,0.5301062573789846,0.7101683876393482,0.5301062573789846
Per position nucleotide content - C position 99,Pass,0.5295508274231678,0.7062786273640662,0.5295508274231678
Per position nucleotide content - C position 100,Pass,0.5290284360189574,0.711893973964191,0.5290284360189573
Per position nucleotide content - C position 101,Pass,0.5017814726840855,0.5601227949123461,0.5017814726840855
Per position nucleotide content - C position 102,Pass,0.5338479809976246,0.7147986678858775,0.5338479809976246
Per position nucleotide content - C position 103,Pass,0.5184743742550655,0.7064298889226266,0.5184743742550656
Per position nucleotide content - C position 104,Pass,0.502983293556086,0.6981448308606201,0.502983293556086
Per position nucleotide content - C position 105,Pass,0.5161290322580645,0.6994481938543465,0.5161290322580645
Per position nucleotide content - C position 106,Pass,0.5209330143540669,0.7053318013447456,0.520933014354067
Per position nucleotide content - C position 107,Pass,0.5227817745803357,0.7069818642767393,0.5227817745803357
Per position nucleotide content - C position 108,Pass,0.5312124849939975,0.7154456623317005,0.5312124849939976
Per position nucleotide content - C position 109,Pass,0.5060168471720818,0.7004643536252653,0.5060168471720818
Per position nucleotide content - C position 110,Pass,0.5222623345367028,0.7106938151196927,0.5222623345367028
Per position nucleotide content - C position 111,Pass,0.5180505415162455,0.7067054214280845,0.5180505415162455
Per position nucleotide content - C position 112,Pass,0.5324909747292419,0.7109243911120151,0.5324909747292419
Per position nucleotide content - C position 113,Pass,0.5132370637785801,0.7063264280681825,0.51323706377858
Per position nucleotide content - C position 114,Pass,0.5,0.5563932448733413,0.5
Per position nucleotide content - C position 115,Pass,0.5193236714975846,0.7104596497767254,0.5193236714975845
Per position nucleotide content - C position 116,Pass,0.526602176541717,0.7081370137180503,0.526602176541717
Per position nucleotide content - C position 117,Pass,0.5284503631961259,0.7112947702387684,0.5284503631961259
Per position nucleotide content - C position 118,Pass,0.5060901339829477,0.6944418542758181,0.5060901339829477
Per position nucleotide content - C position 119,Pass,0.5115853658536585,0.7027761195444122,0.5115853658536585
Per position nucleotide content - C position 120,Pass,0.5305250305250305,0.7124671103544343,0.5305250305250305
Per position nucleotide content - C position 121,Pass,0.5294478527607362,0.7075145964849887,0.5294478527607362
Per position nucleotide content - C position 122,Pass,0.5110565110565111,0.698618819225848,0.5110565110565111
Per position nucleotide content - C position 123,Pass,0.517220172201722,0.7068747325538778,0.517220172201722
Per position nucleotide content - C position 124,Pass,0.524074074074074,0.7068678390620836,0.524074074074074
Per position nucleotide content - C position 125,Pass,0.5142326732673268,0.7013858611641789,0.5142326732673267
Per position nucleotide content - C position 126,Pass,0.5161490683229814,0.7015236958026871,0.5161490683229814
Per position nucleotide content - C position 127,Pass,0.506857855361596,0.6988940020053783,0.506857855361596
Per position nucleotide content - C position 128,Pass,0.5143749999999999,0.7012183704453442,0.514375
Per position nucleotide content - C position 129,Pass,0.5156445556946183,0.7027915746175859,0.5156445556946183
Per position nucleotide content - C position 130,Pass,0.5006281407035176,0.695239138885402,0.5006281407035176
Per position nucleotide content - C position 131,Pass,0.5081658291457286,0.5693287146186697,0.5081658291457286
Per position nucleotide content - C position 132,Pass,0.5213836477987421,0.7029251510056667,0.5213836477987421
Per position nucleotide content - C position 133,Pass,0.523989898989899,0.7039130927212323,0.523989898989899
Per position nucleotide content - C position 134,Pass,0.5139416983523447,0.7028238894556245,0.5139416983523447
Per position nucleotide content - C position 135,Pass,0.5285171102661597,0.7085774410510555,0.5285171102661597
Per position nucleotide content - C position 136,Pass,0.5190355329949239,0.7056633294201292,0.5190355329949239
Per position nucleotide content - C position 137,Pass,0.5089285714285715,0.6993021346469622,0.5089285714285714
Per position nucleotide content - C position 138,Pass,0.5038265306122449,0.7005042571691056,0.5038265306122449
Per position nucleotide content - C position 139,Pass,0.5217113665389528,0.7068509396095604,0.5217113665389528
Per position nucleotide content - C position 140,Pass,0.5173076923076924,0.7061512297226582,0.5173076923076924
Per position nucleotide content - C position 141,Pass,0.5089858793324775,0.697401638588919,0.5089858793324775
Per position nucleotide content - C position 142,Pass,0.5290697674418605,0.7093654088990254,0.5290697674418605
Per position nucleotide content - C position 143,Pass,0.5155038759689923,0.7055075037232215,0.5155038759689923
Per position nucleotide content - C position 144,Pass,0.5226390685640362,0.7071562292311389,0.5226390685640362
Per position nucleotide content - C position 145,Pass,0.5130548302872062,0.7032528285465622,0.5130548302872062
Per position nucleotide content - C position 146,Pass,0.5130890052356021,0.7040942887508602,0.5130890052356021
Per position nucleotide content - C position 147,Pass,0.5157273918741809,0.704247187453271,0.5157273918741808
Per position nucleotide content - C position 148,Pass,0.5375,0.7169190717542385,0.5375
Per position nucleotide content - C position 149,Pass,0.5151715039577835,0.7059910109486558,0.5151715039577837
Per position nucleotide content - C position 150,Pass,0.5376486129458389,0.7180413537462275,0.5376486129458389
Per position nucleotide content - C position 151,Pass,0.5185430463576159,0.7062532916484575,0.5185430463576159
Per position nucleotide content - C position 152,Pass,0.5119521912350598,0.7010573092246398,0.5119521912350598
Per position nucleotide content - C position 153,Pass,0.5199468085106383,0.7045926868568498,0.5199468085106383
Per position nucleotide content - C position 154,Pass,0.5314171122994653,0.7132598820693219,0.5314171122994652
Per position nucleotide content - C position 155,Pass,0.5134952766531714,0.7060060866451844,0.5134952766531714
Per position nucleotide content - C position 156,Pass,0.5304054054054055,0.7137273128674677,0.5304054054054054
Per position nucleotide content - C position 157,Pass,0.5432432432432432,0.7183534974765341,0.5432432432432432
Per position nucleotide content - C position 158,Pass,0.5135685210312075,0.6991409009113041,0.5135685210312076
Per position nucleotide content - C position 159,Pass,0.5054495912806539,0.699283795034817,0.5054495912806539
Per position nucleotide content - C position 160,Pass,0.5157318741450068,0.705081477046527,0.5157318741450069
Per position nucleotide content - C position 161,Pass,0.5233196159122085,0.7094190959931702,0.5233196159122085
Per position nucleotide content - C position 162,Pass,0.5213204951856947,0.7093014610208559,0.5213204951856947
Per position nucleotide content - C position 163,Pass,0.5213793103448275,0.7078626765912198,0.5213793103448275
Per position nucleotide content - C position 164,Pass,0.5200276243093923,0.7096938125393688,0.5200276243093923
Per position nucleotide content - C position 165,Pass,0.5055401662049862,0.69776273893199,0.5055401662049861
Per position nucleotide content - C position 166,Pass,0.5160390516039052,0.6994823885550217,0.5160390516039052
Per position nucleotide content - C position 167,Pass,0.5253164556962026,0.7075638099190704,0.5253164556962026
Per position nucleotide content - C position 168,Pass,0.5028248587570622,0.6947700089858395,0.5028248587570622
Per position nucleotide content - C position 169,Pass,0.5219236209335218,0.7047959100023553,0.521923620933522
Per position nucleotide content - C position 170,Pass,0.5113960113960114,0.7037525584456993,0.5113960113960114
Per position nucleotide content - C position 171,Pass,0.5164520743919886,0.7069203581069272,0.5164520743919886
Per position nucleotide content - C position 172,Pass,0.5359712230215827,0.7110953203410806,0.5359712230215827
Per position nucleotide content - C position 173,Pass,0.5014450867052024,0.6908654585815074,0.5014450867052023
Per position nucleotide content - C position 174,Pass,0.5043795620437956,0.5648486077318194,0.5043795620437956
Per position nucleotide content - C position 175,Pass,0.5175695461200586,0.7065382759269409,0.5175695461200586
Per position nucleotide content - C position 176,Pass,0.5147492625368731,0.7056315992611585,0.5147492625368731
Per position nucleotide content - C position 177,Pass,0.5184638109305761,0.7021126730470381,0.518463810930576
Per position nucleotide content - C position 178,Pass,0.5311572700296736,0.7118186563480492,0.5311572700296736
Per position nucleotide content - C position 179,Pass,0.52023988005997,0.7102599736889331,0.52023988005997
Per position nucleotide content - C position 180,Pass,0.506006006006006,0.703824611127982,0.506006006006006
Per position nucleotide content - C position 181,Pass,0.5150375939849624,0.7055228720656603,0.5150375939849624
Per position nucleotide content - C position 182,Pass,0.5075642965204237,0.6983519270524606,0.5075642965204236
Per position nucleotide content - C position 183,Pass,0.5197268588770865,0.7080829832086334,0.5197268588770865
Per position nucleotide content - C position 184,Pass,0.5098934550989345,0.7055276050785872,0.5098934550989346
Per position nucleotide content - C position 185,Pass,0.5220700152207001,0.7109084846282603,0.5220700152207002
Per position nucleotide content - C position 186,Pass,0.5077041602465331,0.7012135183135879,0.5077041602465331
Per position nucleotide content - C position 187,Pass,0.517774343122102,0.7095848588541049,0.517774343122102
Per position nucleotide content - C position 188,Pass,0.5,0.6968167701863355,0.5
Per position nucleotide content - C position 189,Pass,0.5273010920436818,0.7077912050492171,0.5273010920436817
Per position nucleotide content - C position 190,Pass,0.5187207488299532,0.7079569348781856,0.5187207488299532
Per position nucleotide content - C position 191,Pass,0.517160686427457,0.7066935944764523,0.517160686427457
Per position nucleotide content - C position 192,Pass,0.5171874999999999,0.7096679687499999,0.5171875
Per position nucleotide content - C position 193,Pass,0.5226917057902973,0.7083527189160992,0.5226917057902973
Per position nucleotide content - C position 194,Pass,0.5141065830721003,0.7054830944917152,0.5141065830721003
Per position nucleotide content - C position 195,Pass,0.5094637223974763,0.7036918865356755,0.5094637223974764
Per position nucleotide content - C position 196,Pass,0.5007898894154819,0.5557998414517996,0.5007898894154819
Per position nucleotide content - C position 197,Pass,0.503968253968254,0.6980918608578184,0.503968253968254
Per position nucleotide content - C position 198,Pass,0.5184,0.7070494404883012,0.5184
Per position nucleotide content - C position 199,Pass,0.5120578778135048,0.7000436643234038,0.5120578778135049
Per position nucleotide content - C position 200,Pass,0.5144927536231885,0.7046911710356115,0.5144927536231884
Per position nucleotide content - C position 201,Pass,0.5185483870967742,0.7078894691752612,0.5185483870967742
Per position nucleotide content - C position 202,Pass,0.5088709677419355,0.7039958982906821,0.5088709677419355
Per position nucleotide content - C position 203,Pass,0.5024193548387097,0.5557183335409143,0.5024193548387097
Per position nucleotide content - C position 204,Pass,0.5048622366288493,0.6988753566309924,0.5048622366288493
Per position nucleotide content - C position 205,Pass,0.5194805194805195,0.7090696189056844,0.5194805194805194
Per position nucleotide content - C position 206,Pass,0.5032520325203251,0.5586374472767285,0.5032520325203252
Per position nucleotide content - C position 207,Pass,0.5073409461663947,0.7013479910454459,0.5073409461663948
Per position nucleotide content - C position 208,Pass,0.5008223684210527,0.695165307341744,0.5008223684210527
Per position nucleotide content - C position 209,Pass,0.5090759075907592,0.5696751126725577,0.509075907590759
Per position nucleotide content - C position 210,Pass,0.5240066225165563,0.7076546785217017,0.5240066225165563
Per position nucleotide content - C position 211,Pass,0.5041666666666667,0.6938601741022851,0.5041666666666667
Per position nucleotide content - C position 212,Pass,0.522689075630252,0.7141814389989573,0.5226890756302521
Per position nucleotide content - C position 213,Pass,0.5016891891891891,0.5539917478954364,0.5016891891891891
Per position nucleotide content - C position 214,Pass,0.5204081632653061,0.712549977707785,0.5204081632653061
Per position nucleotide content - C position 215,Pass,0.5247863247863247,0.7129155305847035,0.5247863247863248
Per position nucleotide content - C position 216,Pass,0.5051282051282051,0.7020367924874362,0.5051282051282051
Per position nucleotide content - C position 217,Pass,0.5189328743545611,0.706977345472114,0.5189328743545611
Per position nucleotide content - C position 218,Pass,0.5112651646447142,0.6977880865412736,0.511265164644714
Per position nucleotide content - C position 219,Pass,0.5138888888888888,0.7053504655067154,0.5138888888888888
Per position nucleotide content - C position 220,Pass,0.509548611111111,0.7013960986526393,0.5095486111111112
Per position nucleotide content - C position 221,Pass,0.5052539404553414,0.5636072984971287,0.5052539404553416
Per position nucleotide content - C position 222,Pass,0.5149122807017544,0.7047486033519552,0.5149122807017544
Per position nucleotide content - C position 223,Pass,0.5264084507042253,0.7045836062888962,0.5264084507042254
Per position nucleotide content - C position 224,Pass,0.5114638447971782,0.6981843753995653,0.5114638447971781
Per position nucleotide content - C position 225,Pass,0.5123893805309735,0.703932584269663,0.5123893805309735
Per position nucleotide content - C position 226,Pass,0.514209591474245,0.7030460395618978,0.5142095914742452
Per position nucleotide content - C position 227,Pass,0.5071174377224199,0.5646247432225211,0.5071174377224199
Per position nucleotide content - C position 228,Pass,0.5258928571428572,0.709643982163312,0.5258928571428572
Per position nucleotide content - C position 229,Pass,0.5187835420393561,0.7037578485003638,0.518783542039356
Per position nucleotide content - C position 230,Pass,0.5233393177737882,0.7042359277642833,0.5233393177737882
Per position nucleotide content - C position 231,Pass,0.5099637681159421,0.7011032251834685,0.509963768115942
Per position nucleotide content - C position 232,Pass,0.5036496350364964,0.6991501081373345,0.5036496350364964
Per position nucleotide content - C position 233,Pass,0.5036697247706421,0.6970480302212628,0.5036697247706422
Per position nucleotide content - C position 234,Pass,0.5064575645756458,0.6985654708618092,0.5064575645756457
Per position nucleotide content - C position 235,Pass,0.5027985074626866,0.5543279243318291,0.5027985074626866
Per position nucleotide content - C position 236,Pass,0.5084905660377359,0.701751214552028,0.5084905660377359
Per position nucleotide content - C position 237,Pass,0.504725897920605,0.5620299239834292,0.504725897920605
Per position nucleotide content - C position 238,Pass,0.5151802656546489,0.7040953556493064,0.5151802656546489
Per position nucleotide content - C position 239,Pass,0.5161596958174904,0.7024708982831273,0.5161596958174905
Per position nucleotide content - C position 240,Pass,0.5076190476190476,0.698641456582633,0.5076190476190476
Per position nucleotide content - C position 241,Pass,0.5163461538461539,0.7042789054348857,0.5163461538461539
Per position nucleotide content - C position 242,Pass,0.5009615384615385,0.554026167896031,0.5009615384615385
Per position nucleotide content - C position 243,Pass,0.5115606936416185,0.5747171980856486,0.5115606936416185
Per position nucleotide content - C position 244,Pass,0.5202702702702704,0.7025831140875389,0.5202702702702703
Per position nucleotide content - C position 245,Pass,0.5077972709551657,0.5638401559454191,0.5077972709551657
Per position nucleotide content - C position 246,Pass,0.514763779527559,0.7045082938973908,0.514763779527559
Per position nucleotide content - C position 247,Pass,0.5,0.5512820512820513,0.5
Per position nucleotide content - C position 248,Pass,0.5198807157057654,0.7085835115253066,0.5198807157057654
Per position nucleotide content - C position 249,Pass,0.5090361445783133,0.6972182849043231,0.5090361445783133
Per position nucleotide content - C position 250,Pass,0.5080482897384306,0.698767735949375,0.5080482897384306
Per position nucleotide content - C position 251,Pass,0.520242914979757,0.7039473684210525,0.520242914979757
Per position nucleotide content - C position 252,Pass,0.5172764227642276,0.7062094416222301,0.5172764227642277
Per position nucleotide content - C position 253,Pass,0.5153374233128835,0.7037900655844034,0.5153374233128835
Per position nucleotide content - C position 254,Pass,0.5257731958762886,0.7024114068548902,0.5257731958762887
Per position nucleotide content - C position 255,Pass,0.5248447204968945,0.710793287566743,0.5248447204968945
Per position nucleotide content - C position 256,Pass,0.5177453027139876,0.7045564725168485,0.5177453027139874
Per position nucleotide content - C position 257,Pass,0.520042194092827,0.7027542557835007,0.520042194092827
Per position nucleotide content - C position 258,Pass,0.522340425531915,0.7092318544323841,0.5223404255319148
Per position nucleotide content - C position 259,Pass,0.502132196162047,0.5599057449733973,0.502132196162047
Per position nucleotide content - C position 260,Pass,0.5310492505353319,0.7133440448536369,0.5310492505353319
Per position nucleotide content - C position 261,Pass,0.5278969957081545,0.7076014955338358,0.5278969957081545
Per position nucleotide content - C position 262,Pass,0.511904761904762,0.7002747252747252,0.5119047619047619
Per position nucleotide content - C position 263,Pass,0.5043478260869565,0.5570067788686301,0.5043478260869565
Per position nucleotide content - C position 264,Pass,0.5065359477124183,0.6997957516339869,0.5065359477124183
Per position nucleotide content - C position 265,Pass,0.534934497816594,0.7122369988090512,0.5349344978165939
Per position nucleotide content - C position 266,Pass,0.517467248908297,0.7048380487566205,0.517467248908297
Per position nucleotide content - C position 267,Pass,0.5374449339207048,0.716300803902536,0.5374449339207048
Per position nucleotide content - C position 268,Pass,0.5143487858719646,0.7000404974034018,0.5143487858719646
Per position nucleotide content - C position 269,Pass,0.5310421286031042,0.7149312389446674,0.5310421286031042
Per position nucleotide content - C position 270,Pass,0.5111358574610245,0.7017795163674897,0.5111358574610245
Per position nucleotide content - C position 271,Pass,0.5401785714285714,0.7145704263848397,0.5401785714285714
Per position nucleotide content - C position 272,Pass,0.5213004484304933,0.7074875668302977,0.5213004484304933
Per position nucleotide content - C position 273,Pass,0.5214446952595937,0.7083018009971255,0.5214446952595937
Per position nucleotide content - C position 274,Pass,0.5034246575342466,0.6934693328978081,0.5034246575342466
Per position nucleotide content - C position 275,Pass,0.5057471264367817,0.6961157647703718,0.5057471264367817
Per position nucleotide content - C position 276,Pass,0.5172413793103449,0.6982539264718786,0.5172413793103449
Per position nucleotide content - C position 277,Pass,0.5336426914153132,0.7143689474355571,0.5336426914153132
Per position nucleotide content - C position 278,Pass,0.5139211136890952,0.6977426083994976,0.5139211136890951
Per position nucleotide content - C position 279,Pass,0.5197674418604651,0.7052090233952791,0.5197674418604651
Per position nucleotide content - C position 280,Pass,0.5197674418604651,0.7023990301228275,0.5197674418604651
Per position nucleotide content - C position 281,Pass,0.5128205128205129,0.7028163093736863,0.5128205128205128
Per position nucleotide content - C position 282,Pass,0.5211267605633803,0.7040638325365034,0.5211267605633803
Per position nucleotide content - C position 283,Pass,0.5412735849056604,0.7178767500787356,0.5412735849056604
Per position nucleotide content - C position 284,Pass,0.5296208530805687,0.7120907018389201,0.5296208530805687
Per position nucleotide content - C position 285,Pass,0.5272511848341233,0.7107395594358823,0.5272511848341233
Per position nucleotide content - C position 286,Pass,0.5071428571428571,0.5677721088435375,0.5071428571428571
Per position nucleotide content - C position 287,Pass,0.5059665871121719,0.699987505477671,0.5059665871121718
Per position nucleotide content - C position 288,Pass,0.5178997613365155,0.7009759431689581,0.5178997613365155
Per position nucleotide content - C position 289,Pass,0.5036057692307693,0.6982639297914948,0.5036057692307693
Per position nucleotide content - C position 290,Pass,0.5217917675544794,0.7114393900365771,0.5217917675544794
Per position nucleotide content - C position 291,Pass,0.5036674816625917,0.7034608263984476,0.5036674816625917
Per position nucleotide content - C position 292,Pass,0.5306372549019608,0.7143769249534961,0.5306372549019608
Per position nucleotide content - C position 293,Pass,0.5037220843672456,0.5577877457530063,0.5037220843672456
Per position nucleotide content - C position 294,Pass,0.5087281795511223,0.7022658598369794,0.5087281795511222
Per position nucleotide content - C position 295,Pass,0.5188442211055276,0.7033536360431848,0.5188442211055276
Per position nucleotide content - C position 296,Pass,0.5378787878787878,0.7184586247086248,0.5378787878787878
Per position nucleotide content - C position 297,Pass,0.5113924050632911,0.6998850193706107,0.5113924050632911
Per position nucleotide content - C position 298,Pass,0.5038265306122449,0.6900488548560341,0.5038265306122449
Per position nucleotide content - C position 299,Pass,0.5230769230769231,0.5881014116969173,0.5230769230769231
Per position nucleotide content - C position 300,Pass,0.5219638242894057,0.707306490801805,0.5219638242894057
Per position nucleotide content - C position 301,Pass,0.513157894736842,0.7048245614035087,0.5131578947368421
Per position nucleotide content - C position 302,Pass,0.5223684210526316,0.7128997061619566,0.5223684210526316
Per position nucleotide content - C position 303,Pass,0.5413333333333333,0.7235618413754853,0.5413333333333333
Per position nucleotide content - C position 304,Pass,0.5267379679144385,0.7066022213081037,0.5267379679144385
Per position nucleotide content - C position 305,Pass,0.5215633423180593,0.7070551861144013,0.5215633423180593
Per position nucleotide content - C position 306,Pass,0.5081300813008129,0.6964171143478219,0.508130081300813
Per position nucleotide content - C position 307,Pass,0.5204359673024523,0.70550059140995,0.5204359673024523
Per position nucleotide content - C position 308,Pass,0.5166204986149585,0.7007256413344574,0.5166204986149584
Per position nucleotide content - C position 309,Pass,0.5083565459610028,0.5626450789229342,0.5083565459610028
Per position nucleotide content - C position 310,Pass,0.5167597765363129,0.7064364673719243,0.5167597765363129
Per position nucleotide content - C position 311,Pass,0.5309859154929577,0.7114084507042253,0.5309859154929577
Per position nucleotide content - C position 312,Pass,0.5353107344632768,0.7160635211482669,0.5353107344632768
Per position nucleotide content - C position 313,Pass,0.5324858757062146,0.7084477480036613,0.5324858757062146
Per position nucleotide content - C position 314,Pass,0.5142045454545455,0.5725210149439601,0.5142045454545454
Per position nucleotide content - C position 315,Pass,0.52,0.7008894878706199,0.52
Per position nucleotide content - C position 316,Pass,0.5172413793103449,0.7073223615464994,0.5172413793103449
Per position nucleotide content - C position 317,Pass,0.5028985507246377,0.5490258968876217,0.5028985507246376
Per position nucleotide content - C position 318,Pass,0.5305232558139534,0.7201475849731664,0.5305232558139535
Per position nucleotide content - C position 319,Pass,0.5305232558139535,0.7029015511490839,0.5305232558139535
Per position nucleotide content - C position 320,Pass,0.5145348837209301,0.7059037277701778,0.5145348837209303
Per position nucleotide content - C position 321,Pass,0.5205882352941177,0.705183404160143,0.5205882352941177
Per position nucleotide content - C position 322,Pass,0.5416666666666666,0.719409175267065,0.5416666666666666
Per position nucleotide content - C position 323,Pass,0.5090361445783133,0.5681170628459784,0.5090361445783133
Per position nucleotide content - C position 324,Pass,0.5244648318042814,0.7096473623853211,0.5244648318042814
Per position nucleotide content - C position 325,Pass,0.5030674846625767,0.552345141500099,0.5030674846625767
Per position nucleotide content - C position 326,Pass,0.54,0.7174612344177562,0.54
Per position nucleotide content - C position 327,Pass,0.5125391849529781,0.7038273239331078,0.512539184952978
Per position nucleotide content - C position 328,Pass,0.5,0.5534591194968554,0.5
Per position nucleotide content - C position 329,Pass,0.509493670886076,0.7039374148973725,0.509493670886076
Per position nucleotide content - C position 330,Pass,0.53015873015873,0.7173424485305673,0.5301587301587302
Per position nucleotide content - C position 331,Pass,0.5191693290734825,0.7127978633396052,0.5191693290734825
Per position nucleotide content - C position 332,Pass,0.5258064516129033,0.7222680670167543,0.5258064516129032
Per position nucleotide content - C position 333,Pass,0.5016233766233766,0.5546977247558643,0.5016233766233766
Per position nucleotide content - C position 334,Pass,0.5000000000000001,0.5480132450331126,0.5
Per position nucleotide content - C position 335,Pass,0.5066666666666666,0.6988034188034188,0.5066666666666667
Per position nucleotide content - C position 336,Pass,0.5419463087248322,0.7174165441337041,0.5419463087248322
Per position nucleotide content - C position 337,Pass,0.5287162162162162,0.7022486609616451,0.5287162162162162
Per position nucleotide content - C position 338,Pass,0.5051020408163265,0.7022794192303787,0.5051020408163265
Per position nucleotide content - C position 339,Pass,0.5136986301369864,0.7063651393481342,0.5136986301369864
Per position nucleotide content - C position 340,Pass,0.5395189003436426,0.7179638231184622,0.5395189003436426
Per position nucleotide content - C position 341,Pass,0.5243055555555556,0.5894230769230769,0.5243055555555556
Per position nucleotide content - C position 342,Pass,0.5227272727272727,0.7167495245653703,0.5227272727272727
Per position nucleotide content - C position 343,Pass,0.5545774647887324,0.7253201750183642,0.5545774647887324
Per position nucleotide content - C position 344,Pass,0.5070671378091872,0.6957670449919395,0.5070671378091873
Per position nucleotide content - C position 345,Pass,0.5124555160142348,0.7015134734561919,0.5124555160142349
Per position nucleotide content - C position 346,Pass,0.5142857142857143,0.5725985221674876,0.5142857142857142
Per position nucleotide content - C position 347,Pass,0.5267857142857142,0.7061036299765807,0.5267857142857143
Per position nucleotide content - C position 348,Pass,0.5394265232974911,0.7152996582478953,0.5394265232974911
Per position nucleotide content - C position 349,Pass,0.5109489051094891,0.7068762441937624,0.5109489051094891
Per position nucleotide content - C position 350,Pass,0.5073800738007379,0.6933984339843399,0.507380073800738
Per position nucleotide content - C position 351,Pass,0.5018587360594795,0.690205328681165,0.5018587360594795
Per position nucleotide content - C position 352,Pass,0.5075757575757576,0.6937878787878787,0.5075757575757576
Per position nucleotide content - C position 353,Pass,0.5114068441064639,0.5680713983945922,0.5114068441064639
Per position nucleotide content - C position 354,Pass,0.5211538461538462,0.7095756129515254,0.5211538461538462
Per position nucleotide content - C position 355,Pass,0.5173745173745173,0.7091158955565735,0.5173745173745173
Per position nucleotide content - C position 356,Pass,0.521484375,0.7108583192567568,0.521484375
Per position nucleotide content - C position 357,Pass,0.5275590551181102,0.7134308771105103,0.5275590551181102
Per position nucleotide content - C position 358,Pass,0.5179282868525896,0.7039912330113991,0.5179282868525896
Per position nucleotide content - C position 359,Pass,0.514,0.6995691906005221,0.514
Per position nucleotide content - C position 360,Unknown,,,
Per position nucleotide content - C position 361,Unknown,,,
Per position nucleotide content - C position 362,Unknown,,,
Per position nucleotide content - C position 363,Unknown,,,
Per position nucleotide content - C position 364,Unknown,,,
Per position nucleotide content - C position 365,Unknown,,,
Per position nucleotide content - C position 366,Unknown,,,
Per position nucleotide content - C position 367,Unknown,,,
Per position nucleotide content - C position 368,Unknown,,,
Per position nucleotide content - C position 369,Unknown,,,
Per position nucleotide content - C position 370,Unknown,,,
Per position nucleotide content - C position 371,Unknown,,,
Per position nucleotide content - C position 372,Unknown,,,
Per position nucleotide content - C position 373,Unknown,,,
Per position nucleotide content - C position 374,Unknown,,,
Per position nucleotide content - C position 375,Unknown,,,
Per position nucleotide content - C position 376,Unknown,,,
Per position nucleotide content - C position 377,Unknown,,,
Per position nucleotide content - C position 378,Unknown,,,
Per position nucleotide content - C position 379,Unknown,,,
Per position nucleotide content - C position 380,Unknown,,,
Per position nucleotide content - C position 381,Unknown,,,
Per position nucleotide content - C position 382,Unknown,,,
Per position nucleotide content - C position 383,Unknown,,,
Per position nucleotide content - C position 384,Unknown,,,
Per position nucleotide content - C position 385,Unknown,,,
Per position nucleotide content - C position 386,Unknown,,,
Per position nucleotide content - C position 387,Unknown,,,
Per position nucleotide content - C position 388,Unknown,,,
Per position nucleotide content - C position 389,Unknown,,,
Per position nucleotide content - C position 390,Unknown,,,
Per position nucleotide content - C position 391,Unknown,,,
Per position nucleotide content - C position 392,Unknown,,,
Per position nucleotide content - C position 393,Unknown,,,
Per position nucleotide content - C position 394,Unknown,,,
Per position nucleotide content - C position 395,Unknown,,,
Per position nucleotide content - C position 396,Unknown,,,
Per position nucleotide content - C position 397,Unknown,,,
Per position nucleotide content - C position 398,Unknown,,,
Per position nucleotide content - C position 399,Unknown,,,
Per position nucleotide content - C position 400,Unknown,,,
Per position nucleotide content - C position 401,Unknown,,,
Per position nucleotide content - C position 402,Unknown,,,
Per position nucleotide content - C position 403,Unknown,,,
Per position nucleotide content - C position 404,Unknown,,,
Per position nucleotide content - C position 405,Unknown,,,
Per position nucleotide content - C position 406,Unknown,,,
Per position nucleotide content - C position 407,Unknown,,,
Per position nucleotide content - C position 408,Unknown,,,
Per position nucleotide content - C position 409,Unknown,,,
Per position nucleotide content - C position 410,Unknown,,,
Per position nucleotide content - C position 411,Unknown,,,
Per position nucleotide content - C position 412,Unknown,,,
Per position nucleotide content - C position 413,Unknown,,,
Per position nucleotide content - C position 414,Unknown,,,
Per position nucleotide content - C position 415,Unknown,,,
Per position nucleotide content - C position 416,Unknown,,,
Per position nucleotide content - C position 417,Unknown,,,
Per position nucleotide content - C position 418,Unknown,,,
Per position nucleotide content - C position 419,Unknown,,,
Per position nucleotide content - C position 420,Unknown,,,
Per position nucleotide content - C position 421,Unknown,,,
Per position nucleotide content - C position 422,Unknown,,,
Per position nucleotide content - C position 423,Unknown,,,
Per position nucleotide content - C position 424,Unknown,,,
Per position nucleotide content - C position 425,Unknown,,,
Per position nucleotide content - C position 426,Unknown,,,
Per position nucleotide content - C position 427,Unknown,,,
Per position nucleotide content - C position 428,Unknown,,,
Per position nucleotide content - C position 429,Unknown,,,
Per position nucleotide content - C position 430,Unknown,,,
Per position nucleotide content - C position 431,Unknown,,,
Per position nucleotide content - C position 432,Unknown,,,
Per position nucleotide content - C position 433,Unknown,,,
Per position nucleotide content - C position 434,Unknown,,,
Per position nucleotide content - C position 435,Unknown,,,
Per position nucleotide content - C position 436,Unknown,,,
Per position nucleotide content - C position 437,Unknown,,,
Per position nucleotide content - C position 438,Unknown,,,
Per position nucleotide content - C position 439,Unknown,,,
Per position nucleotide content - C position 440,Unknown,,,
Per position nucleotide content - C position 441,Unknown,,,
Per position nucleotide content - C position 442,Unknown,,,
Per position nucleotide content - C position 443,Unknown,,,
Per position nucleotide content - C position 444,Unknown,,,
Per position nucleotide content - C position 445,Unknown,,,
Per position nucleotide content - C position 446,Unknown,,,
Per position nucleotide content - C position 447,Unknown,,,
Per position nucleotide content - C position 448,Unknown,,,
Per position nucleotide content - C position 449,Unknown,,,
Per position nucleotide content - C position 450,Unknown,,,
Per position nucleotide content - C position 451,Unknown,,,
Per position nucleotide content - C position 452,Unknown,,,
Per position nucleotide content - C position 453,Unknown,,,
Per position nucleotide content - C position 454,Unknown,,,
Per position nucleotide content - C position 455,Unknown,,,
Per position nucleotide content - C position 456,Unknown,,,
Per position nucleotide content - C position 457,Unknown,,,
Per position nucleotide content - C position 458,Unknown,,,
Per position nucleotide content - C position 459,Unknown,,,
Per position nucleotide content - C position 460,Unknown,,,
Per position nucleotide content - C position 461,Unknown,,,
Per position nucleotide content - C position 462,Unknown,,,
Per position nucleotide content - C position 463,Unknown,,,
Per position nucleotide content - C position 464,Unknown,,,
Per position nucleotide content - C position 465,Unknown,,,
Per position nucleotide content - C position 466,Unknown,,,
Per position nucleotide content - C position 467,Unknown,,,
Per position nucleotide content - C position 468,Unknown,,,
Per position nucleotide content - C position 469,Unknown,,,
Per position nucleotide content - C position 470,Unknown,,,
Per position nucleotide content - C position 471,Unknown,,,
Per position nucleotide content - C position 472,Unknown,,,
Per position nucleotide content - C position 473,Unknown,,,
Per position nucleotide content - C position 474,Unknown,,,
Per position nucleotide content - C position 475,Unknown,,,
Per position nucleotide content - C position 476,Unknown,,,
Per position nucleotide content - C position 477,Unknown,,,
Per position nucleotide content - C position 478,Unknown,,,
Per position nucleotide content - C position 479,Unknown,,,
Per position nucleotide content - C position 480,Unknown,,,
Per position nucleotide content - C position 481,Unknown,,,
Per position nucleotide content - C position 482,Unknown,,,
Per position nucleotide content - C position 483,Unknown,,,
Per position nucleotide content - C,Pass,0.5545774647887324,0.7253201750183642,0.5545774647887324
Per position nucleotide content - G position 1,Pass,0.5322222222222223,0.5980555555555557,0.5322222222222223
Per position nucleotide content - G position 2,Pass,0.5744444444444444,0.7218506889935461,0.5744444444444444
Per position nucleotide content - G position 3,Pass,0.5083333333333334,0.7009872611464968,0.5083333333333333
Per position nucleotide content - G position 4,Pass,0.5105555555555555,0.7071670117322292,0.5105555555555555
Per position nucleotide content - G position 5,Pass,0.5133630289532294,0.7044103193329196,0.5133630289532294
Per position nucleotide content - G position 6,Pass,0.5077951002227171,0.7045497489398479,0.5077951002227171
Per position nucleotide content - G position 7,Pass,0.5144766146993318,0.7058580883967502,0.5144766146993318
Per position nucleotide content - G position 8,Pass,0.5094654788418709,0.7015129828765445,0.5094654788418709
Per position nucleotide content - G position 9,Pass,0.5055679287305123,0.7002621959659254,0.5055679287305123
Per position nucleotide content - G position 10,Pass,0.5072463768115942,0.7023953899584074,0.5072463768115942
Per position nucleotide content - G position 11,Pass,0.5066889632107023,0.6975317404938925,0.5066889632107023
Per position nucleotide content - G position 12,Pass,0.5262863534675615,0.7111154030752256,0.5262863534675615
Per position nucleotide content - G position 13,Pass,0.522982062780269,0.7099299028134625,0.522982062780269
Per position nucleotide content - G position 14,Pass,0.5185185185185186,0.7048904609674767,0.5185185185185185
Per position nucleotide content - G position 15,Pass,0.5101010101010102,0.7027000777000777,0.51010101010101
Per position nucleotide content - G position 16,Pass,0.5179775280898876,0.7101123595505618,0.5179775280898876
Per position nucleotide content - G position 17,Pass,0.5202702702702703,0.7053019589356799,0.5202702702702703
Per position nucleotide content - G position 18,Pass,0.5186230248306998,0.70327871902364,0.5186230248306998
Per position nucleotide content - G position 19,Pass,0.5208803611738149,0.7004954303734328,0.5208803611738149
Per position nucleotide content - G position 20,Pass,0.5186651583710408,0.7029032193621207,0.5186651583710408
Per position nucleotide content - G position 21,Pass,0.5203619909502262,0.709209261453013,0.5203619909502263
Per position nucleotide content - G position 22,Pass,0.5164399092970522,0.7017712390777977,0.5164399092970522
Per position nucleotide content - G position 23,Pass,0.5261363636363636,0.7092587054758107,0.5261363636363636
Per position nucleotide content - G position 24,Pass,0.5096700796359499,0.695447456890491,0.5096700796359499
Per position nucleotide content - G position 25,Pass,0.5119453924914676,0.7006663595077779,0.5119453924914675
Per position nucleotide content - G position 26,Pass,0.5034129692832764,0.5596311753228763,0.5034129692832765
Per position nucleotide content - G position 27,Pass,0.5056882821387941,0.5559261557555073,0.5056882821387941
Per position nucleotide content - G position 28,Pass,0.5108200455580866,0.5651824661487385,0.5108200455580866
Per position nucleotide content - G position 29,Pass,0.5051252847380411,0.5544743297704573,0.505125284738041
Per position nucleotide content - G position 30,Pass,0.5199316628701595,0.5794625466310126,0.5199316628701595
Per position nucleotide content - G position 31,Pass,0.5239452679589509,0.714127853866487,0.523945267958951
Per position nucleotide content - G position 32,Pass,0.5199771689497716,0.7092195385724586,0.5199771689497716
Per position nucleotide content - G position 33,Pass,0.5291428571428571,0.712714805951514,0.5291428571428571
Per position nucleotide content - G position 34,Pass,0.5194285714285715,0.7070524781341108,0.5194285714285715
Per position nucleotide content - G position 35,Pass,0.5165714285714286,0.7058441558441559,0.5165714285714286
Per position nucleotide content - G position 36,Pass,0.5034324942791761,0.5578297977611479,0.5034324942791762
Per position nucleotide content - G position 37,Pass,0.5240549828178694,0.7068156634409809,0.5240549828178694
Per position nucleotide content - G position 38,Pass,0.5344036697247707,0.7175625506180379,0.5344036697247706
Per position nucleotide content - G position 39,Pass,0.516073478760046,0.7054613907520426,0.516073478760046
Per position nucleotide content - G position 40,Pass,0.5126291618828932,0.7035038203046844,0.5126291618828932
Per position nucleotide content - G position 41,Pass,0.5149253731343284,0.7003302522394934,0.5149253731343284
Per position nucleotide content - G position 42,Pass,0.5195177956371986,0.7065852540078328,0.5195177956371986
Per position nucleotide content - G position 43,Pass,0.5149253731343284,0.7034087239118783,0.5149253731343284
Per position nucleotide content - G position 44,Pass,0.5155172413793103,0.7035447682063027,0.5155172413793103
Per position nucleotide content - G position 45,Pass,0.525891829689298,0.7055561586729487,0.525891829689298
Per position nucleotide content - G position 46,Pass,0.5149597238204833,0.7019019021590225,0.5149597238204833
Per position nucleotide content - G position 47,Pass,0.5253456221198156,0.7100010689343912,0.5253456221198156
Per position nucleotide content - G position 48,Pass,0.5196078431372548,0.7033248646570445,0.5196078431372549
Per position nucleotide content - G position 49,Pass,0.5103926096997691,0.7073228028613592,0.5103926096997691
Per position nucleotide content - G position 50,Pass,0.51905311778291,0.7067146912510786,0.51905311778291
Per position nucleotide content - G position 51,Pass,0.5196531791907514,0.7068557303984768,0.5196531791907515
Per position nucleotide content - G position 52,Pass,0.521412037037037,0.7057031964181834,0.5214120370370371
Per position nucleotide content - G position 53,Pass,0.511574074074074,0.6993556056056056,0.5115740740740741
Per position nucleotide content - G position 54,Pass,0.5173812282734647,0.7062841600098442,0.5173812282734647
Per position nucleotide content - G position 55,Pass,0.509860788863109,0.6980983045335414,0.509860788863109
Per position nucleotide content - G position 56,Pass,0.5040603248259861,0.5640657672366876,0.5040603248259861
Per position nucleotide content - G position 57,Pass,0.5255516840882695,0.7069144288767014,0.5255516840882695
Per position nucleotide content - G position 58,Pass,0.519790454016298,0.7026271211968184,0.519790454016298
Per position nucleotide content - G position 59,Pass,0.5174825174825175,0.7040572040572041,0.5174825174825175
Per position nucleotide content - G position 60,Pass,0.5186480186480187,0.7067011121617361,0.5186480186480187
Per position nucleotide content - G position 61,Pass,0.5157342657342657,0.7026314543244565,0.5157342657342657
Per position nucleotide content - G position 62,Pass,0.5134032634032635,0.703860819952134,0.5134032634032634
Per position nucleotide content - G position 63,Pass,0.5128205128205128,0.7013902013902014,0.5128205128205128
Per position nucleotide content - G position 64,Pass,0.5157342657342657,0.7031989640766836,0.5157342657342657
Per position nucleotide content - G position 65,Pass,0.514585764294049,0.7013402145507497,0.514585764294049
Per position nucleotide content - G position 66,Pass,0.5233372228704785,0.7090268273723712,0.5233372228704785
Per position nucleotide content - G position 67,Pass,0.5186697782963827,0.7072182653587665,0.5186697782963827
Per position nucleotide content - G position 68,Pass,0.5239206534422404,0.7092188121336157,0.5239206534422404
Per position nucleotide content - G position 69,Pass,0.5134189031505252,0.7003854351703078,0.5134189031505251
Per position nucleotide content - G position 70,Pass,0.5093348891481912,0.5668789001065395,0.5093348891481914
Per position nucleotide content - G position 71,Pass,0.5186697782963827,0.7069353683761558,0.5186697782963827
Per position nucleotide content - G position 72,Pass,0.5163360560093349,0.7061770171571806,0.5163360560093349
Per position nucleotide content - G position 73,Pass,0.5215869311551926,0.7095787829629648,0.5215869311551925
Per position nucleotide content - G position 74,Pass,0.5338389731621938,0.7144543397990348,0.5338389731621938
Per position nucleotide content - G position 75,Pass,0.5274532710280373,0.7106122457908922,0.5274532710280374
Per position nucleotide content - G position 76,Pass,0.5280373831775702,0.7077444723045362,0.5280373831775701
Per position nucleotide content - G position 77,Pass,0.5227803738317757,0.7076647958718651,0.5227803738317757
Per position nucleotide content - G position 78,Pass,0.5239485981308412,0.7094542972534098,0.5239485981308412
Per position nucleotide content - G position 79,Pass,0.5134345794392523,0.6989020119517646,0.5134345794392523
Per position nucleotide content - G position 80,Pass,0.5216374269005848,0.7063858150777598,0.5216374269005848
Per position nucleotide content - G position 81,Pass,0.5011695906432749,0.6986148902536994,0.5011695906432748
Per position nucleotide content - G position 82,Pass,0.512280701754386,0.7016052214181836,0.512280701754386
Per position nucleotide content - G position 83,Pass,0.52046783625731,0.7085427004779953,0.52046783625731
Per position nucleotide content - G position 84,Pass,0.5157894736842105,0.6996247974759102,0.5157894736842106
Per position nucleotide content - G position 85,Pass,0.5052693208430913,0.5603895956457148,0.5052693208430913
Per position nucleotide content - G position 86,Pass,0.515807962529274,0.7075503202235266,0.515807962529274
Per position nucleotide content - G position 87,Pass,0.5099531615925058,0.7007878286901935,0.5099531615925058
Per position nucleotide content - G position 88,Pass,0.5082063305978899,0.6964038597359202,0.5082063305978898
Per position nucleotide content - G position 89,Pass,0.528169014084507,0.7131539235412475,0.528169014084507
Per position nucleotide content - G position 90,Pass,0.5223266745005876,0.7092153081137288,0.5223266745005876
Per position nucleotide content - G position 91,Pass,0.5088235294117648,0.6952531731950321,0.5088235294117647
Per position nucleotide content - G position 92,Pass,0.5082352941176471,0.6956376325568747,0.508235294117647
Per position nucleotide content - G position 93,Pass,0.5217647058823529,0.7092610815797565,0.5217647058823529
Per position nucleotide content - G position 94,Pass,0.5158823529411765,0.702199722234667,0.5158823529411765
Per position nucleotide content - G position 95,Pass,0.5270588235294118,0.7124056189640036,0.5270588235294118
Per position nucleotide content - G position 96,Pass,0.5247349823321554,0.7090494770816208,0.5247349823321554
Per position nucleotide content - G position 97,Pass,0.5159386068476978,0.7026103706985753,0.5159386068476978
Per position nucleotide content - G position 98,Pass,0.5123966942148761,0.7052078598988503,0.512396694214876
Per position nucleotide content - G position 99,Pass,0.5035460992907801,0.7002903115564434,0.5035460992907801
Per position nucleotide content - G position 100,Pass,0.5124407582938388,0.7053426373929755,0.5124407582938388
Per position nucleotide content - G position 101,Pass,0.516627078384798,0.7086008934797923,0.5166270783847982
Per position nucleotide content - G position 102,Pass,0.5255344418052257,0.7123400505708375,0.5255344418052257
Per position nucleotide content - G position 103,Pass,0.5035756853396901,0.5597971835000259,0.5035756853396901
Per position nucleotide content - G position 104,Pass,0.5214797136038187,0.7085095501664841,0.5214797136038186
Per position nucleotide content - G position 105,Pass,0.504778972520908,0.5597118441568962,0.504778972520908
Per position nucleotide content - G position 106,Pass,0.513755980861244,0.7058946465649545,0.513755980861244
Per position nucleotide content - G position 107,Pass,0.5197841726618706,0.7057013602687626,0.5197841726618705
Per position nucleotide content - G position 108,Pass,0.5192076830732293,0.7057431601299995,0.5192076830732293
Per position nucleotide content - G position 109,Pass,0.5156438026474128,0.7059245276086018,0.5156438026474127
Per position nucleotide content - G position 110,Pass,0.5180505415162455,0.7026194471280147,0.5180505415162455
Per position nucleotide content - G position 111,Pass,0.5102286401925391,0.7012260194595676,0.5102286401925391
Per position nucleotide content - G position 112,Pass,0.5174488567990373,0.7085568585225611,0.5174488567990373
Per position nucleotide content - G position 113,Pass,0.5,0.555655836341757,0.5
Per position nucleotide content - G position 114,Pass,0.5277442702050663,0.7083490892452665,0.5277442702050663
Per position nucleotide content - G position 115,Pass,0.518719806763285,0.7052877750418816,0.518719806763285
Per position nucleotide content - G position 116,Pass,0.5096735187424426,0.6999060668232533,0.5096735187424426
Per position nucleotide content - G position 117,Pass,0.5163438256658596,0.7046837108459948,0.5163438256658596
Per position nucleotide content - G position 118,Pass,0.5164433617539586,0.7061948390706824,0.5164433617539586
Per position nucleotide content - G position 119,Pass,0.5103658536585366,0.7029820515722558,0.5103658536585366
Per position nucleotide content - G position 120,Pass,0.5097680097680098,0.699725850669247,0.5097680097680097
Per position nucleotide content - G position 121,Pass,0.5171779141104293,0.7051877570282479,0.5171779141104295
Per position nucleotide content - G position 122,Pass,0.5110565110565111,0.7007289495441155,0.5110565110565111
Per position nucleotide content - G position 123,Pass,0.5116851168511685,0.7011719148812041,0.5116851168511685
Per position nucleotide content - G position 124,Pass,0.5111111111111111,0.705340223944875,0.5111111111111111
Per position nucleotide content - G position 125,Pass,0.511138613861386,0.7043200804455445,0.5111386138613861
Per position nucleotide content - G position 126,Pass,0.5254658385093168,0.7138772748145105,0.5254658385093167
Per position nucleotide content - G position 127,Pass,0.5342892768079801,0.7142507023074819,0.53428927680798
Per position nucleotide content - G position 128,Pass,0.525,0.7125615157480315,0.525
Per position nucleotide content - G position 129,Pass,0.5143929912390488,0.704824696343779,0.5143929912390488
Per position nucleotide content - G position 130,Pass,0.5276381909547738,0.7105041335710811,0.5276381909547738
Per position nucleotide content - G position 131,Pass,0.5226130653266331,0.7115688037343114,0.5226130653266332
Per position nucleotide content - G position 132,Pass,0.5238993710691824,0.7173818453159675,0.5238993710691824
Per position nucleotide content - G position 133,Pass,0.5012626262626262,0.5560620742306789,0.5012626262626263
Per position nucleotide content - G position 134,Pass,0.5063371356147022,0.6972296034467379,0.5063371356147022
Per position nucleotide content - G position 135,Pass,0.5063371356147022,0.566120349865597,0.5063371356147022
Per position nucleotide content - G position 136,Pass,0.5196700507614214,0.7120178265938566,0.5196700507614214
Per position nucleotide content - G position 137,Pass,0.5006377551020408,0.5552611990544019,0.5006377551020408
Per position nucleotide content - G position 138,Pass,0.5044642857142858,0.6978571428571428,0.5044642857142857
Per position nucleotide content - G position 139,Pass,0.5408684546615581,0.7160128476391986,0.5408684546615581
Per position nucleotide content - G position 140,Pass,0.5025641025641026,0.697611865258924,0.5025641025641026
Per position nucleotide content - G position 141,Pass,0.527599486521181,0.7156168385640299,0.527599486521181
Per position nucleotide content - G position 142,Pass,0.5161498708010336,0.7060315461692879,0.5161498708010336
Per position nucleotide content - G position 143,Pass,0.5032299741602067,0.6999851531750093,0.5032299741602068
Per position nucleotide content - G position 144,Pass,0.5148771021992238,0.7014562633039432,0.5148771021992238
Per position nucleotide content - G position 145,Pass,0.5065274151436031,0.6972776385947455,0.5065274151436031
Per position nucleotide content - G position 146,Pass,0.5248691099476439,0.7051370416603056,0.524869109947644
Per position nucleotide content - G position 147,Pass,0.5327653997378767,0.7117907598235008,0.5327653997378768
Per position nucleotide content - G position 148,Pass,0.5072368421052632,0.6993562386378751,0.5072368421052632
Per position nucleotide content - G position 149,Pass,0.5052770448548812,0.6982591100335165,0.5052770448548812
Per position nucleotide content - G position 150,Pass,0.5079260237780714,0.6990460288019235,0.5079260237780714
Per position nucleotide content - G position 151,Pass,0.5139072847682119,0.5736709399112947,0.5139072847682119
Per position nucleotide content - G position 152,Pass,0.5126162018592297,0.7035504081167581,0.5126162018592297
Per position nucleotide content - G position 153,Pass,0.507313829787234,0.7007953431592956,0.507313829787234
Per position nucleotide content - G position 154,Pass,0.500668449197861,0.6974045574741577,0.5006684491978609
Per position nucleotide content - G position 155,Pass,0.5067476383265858,0.6978554245144634,0.5067476383265856
Per position nucleotide content - G position 156,Pass,0.5155405405405405,0.7019900806318129,0.5155405405405405
Per position nucleotide content - G position 157,Pass,0.5128378378378379,0.7057317423806786,0.5128378378378379
Per position nucleotide content - G position 158,Pass,0.508819538670285,0.5667731858971921,0.508819538670285
Per position nucleotide content - G position 159,Pass,0.5177111716621254,0.7039406578777242,0.5177111716621253
Per position nucleotide content - G position 160,Pass,0.5116279069767442,0.7054327279913145,0.5116279069767442
Per position nucleotide content - G position 161,Pass,0.50480109739369,0.5623119130526537,0.50480109739369
Per position nucleotide content - G position 162,Pass,0.5075653370013755,0.697088655123459,0.5075653370013755
Per position nucleotide content - G position 163,Pass,0.5234482758620689,0.7102017030013889,0.523448275862069
Per position nucleotide content - G position 164,Pass,0.5103591160220995,0.7021931806586102,0.5103591160220995
Per position nucleotide content - G position 165,Pass,0.5145429362880887,0.7061167215593895,0.5145429362880887
Per position nucleotide content - G position 166,Pass,0.5146443514644352,0.7041170976824132,0.5146443514644351
Per position nucleotide content - G position 167,Pass,0.5007032348804501,0.6995877417408694,0.5007032348804501
Per position nucleotide content - G position 168,Pass,0.5240112994350283,0.7076001049674292,0.5240112994350282
Per position nucleotide content - G position 169,Pass,0.5325318246110324,0.7157502040526633,0.5325318246110325
Per position nucleotide content - G position 170,Pass,0.5056980056980057,0.6948786790794225,0.5056980056980057
Per position nucleotide content - G position 171,Pass,0.5064377682403434,0.6959413780483747,0.5064377682403434
Per position nucleotide content - G position 172,Pass,0.5158273381294964,0.700142936498259,0.5158273381294964
Per position nucleotide content - G position 173,Pass,0.5144508670520231,0.7061516391713429,0.5144508670520231
Per position nucleotide content - G position 174,Pass,0.5211678832116788,0.7067947516401124,0.5211678832116788
Per position nucleotide content - G position 175,Pass,0.5197657393850659,0.7100896930447818,0.5197657393850659
Per position nucleotide content - G position 176,Pass,0.5140117994100295,0.6978314714001909,0.5140117994100295
Per position nucleotide content - G position 177,Pass,0.5228951255539143,0.7057318183685001,0.5228951255539144
Per position nucleotide content - G position 178,Pass,0.5140949554896143,0.7036863459293741,0.5140949554896143
Per position nucleotide content - G position 179,Pass,0.5239880059970015,0.7071522378345712,0.5239880059970015
Per position nucleotide content - G position 180,Pass,0.506006006006006,0.5644744744744744,0.506006006006006
Per position nucleotide content - G position 181,Pass,0.5225563909774436,0.7076153220890063,0.5225563909774437
Per position nucleotide content - G position 182,Pass,0.5204236006051437,0.7077194484847336,0.5204236006051437
Per position nucleotide content - G position 183,Pass,0.5166919575113809,0.7048845706203869,0.5166919575113809
Per position nucleotide content - G position 184,Pass,0.5167427701674276,0.7029019703016575,0.5167427701674278
Per position nucleotide content - G position 185,Pass,0.5015220700152208,0.556542772296197,0.5015220700152208
Per position nucleotide content - G position 186,Pass,0.5138674884437596,0.7047112975253212,0.5138674884437596
Per position nucleotide content - G position 187,Pass,0.5038639876352395,0.5593489111587532,0.5038639876352395
Per position nucleotide content - G position 188,Pass,0.5031055900621118,0.6993518834885111,0.5031055900621118
Per position nucleotide content - G position 189,Pass,0.517160686427457,0.706314383527722,0.517160686427457
Per position nucleotide content - G position 190,Pass,0.5085803432137286,0.5673714316993732,0.5085803432137286
Per position nucleotide content - G position 191,Pass,0.5156006240249609,0.6974536745444974,0.515600624024961
Per position nucleotide content - G position 192,Pass,0.503125,0.699036974009901,0.503125
Per position nucleotide content - G position 193,Pass,0.5125195618153364,0.7000661848032074,0.5125195618153364
Per position nucleotide content - G position 194,Pass,0.5031347962382445,0.562155807845463,0.5031347962382445
Per position nucleotide content - G position 195,Pass,0.5063091482649842,0.5653040658955485,0.5063091482649842
Per position nucleotide content - G position 196,Pass,0.5339652448657188,0.7101920290744789,0.5339652448657188
Per position nucleotide content - G position 197,Pass,0.5198412698412699,0.7048229548229548,0.5198412698412699
Per position nucleotide content - G position 198,Pass,0.532,0.7157214574898785,0.532
Per position nucleotide content - G position 199,Pass,0.5241157556270096,0.7079247468594595,0.5241157556270096
Per position nucleotide content - G position 200,Pass,0.5152979066022544,0.7025975589567626,0.5152979066022544
Per position nucleotide content - G position 201,Pass,0.5193548387096774,0.7065887928167609,0.5193548387096775
Per position nucleotide content - G position 202,Pass,0.5274193548387097,0.710027104805247,0.5274193548387097
Per position nucleotide content - G position 203,Pass,0.5201612903225806,0.7103645782266236,0.5201612903225806
Per position nucleotide content - G position 204,Pass,0.5072933549432739,0.6984564046489539,0.5072933549432739
Per position nucleotide content - G position 205,Pass,0.5097402597402597,0.6935806499116435,0.5097402597402597
Per position nucleotide content - G position 206,Pass,0.5121951219512195,0.7034714690476791,0.5121951219512195
Per position nucleotide content - G position 207,Pass,0.5187601957585644,0.7062405271940763,0.5187601957585645
Per position nucleotide content - G position 208,Pass,0.519736842105263,0.7049714004358029,0.5197368421052632
Per position nucleotide content - G position 209,Pass,0.5123762376237624,0.7056267542642115,0.5123762376237624
Per position nucleotide content - G position 210,Pass,0.5024834437086092,0.7023452472701728,0.5024834437086093
Per position nucleotide content - G position 211,Pass,0.5133333333333333,0.571998031496063,0.5133333333333333
Per position nucleotide content - G position 212,Pass,0.507563025210084,0.6969914683430625,0.507563025210084
Per position nucleotide content - G position 213,Pass,0.5244932432432432,0.7084630946092673,0.5244932432432432
Per position nucleotide content - G position 214,Pass,0.516156462585034,0.705401364229332,0.516156462585034
Per position nucleotide content - G position 215,Pass,0.5145299145299145,0.7054592512338992,0.5145299145299145
Per position nucleotide content - G position 216,Pass,0.5102564102564102,0.7040874594753905,0.5102564102564102
Per position nucleotide content - G position 217,Pass,0.5086058519793459,0.7006818482722097,0.5086058519793459
Per position nucleotide content - G position 218,Pass,0.5251299826689775,0.7132616267776557,0.5251299826689775
Per position nucleotide content - G position 219,Pass,0.5052083333333334,0.6995722958057394,0.5052083333333334
Per position nucleotide content - G position 220,Pass,0.5026041666666666,0.6978773403928791,0.5026041666666666
Per position nucleotide content - G position 221,Pass,0.5166374781085814,0.7092306497123664,0.5166374781085814
Per position nucleotide content - G position 222,Pass,0.5122807017543859,0.5766250157768521,0.512280701754386
Per position nucleotide content - G position 223,Pass,0.5140845070422535,0.5739186133058514,0.5140845070422535
Per position nucleotide content - G position 224,Pass,0.5282186948853616,0.7118308784975452,0.5282186948853616
Per position nucleotide content - G position 225,Pass,0.5123893805309734,0.7069690265486726,0.5123893805309735
Per position nucleotide content - G position 226,Pass,0.5133214920071049,0.7005852871862269,0.5133214920071048
Per position nucleotide content - G position 227,Pass,0.5186832740213523,0.7087392309812238,0.5186832740213523
Per position nucleotide content - G position 228,Pass,0.5125000000000001,0.701781618610747,0.5125
Per position nucleotide content - G position 229,Pass,0.5205724508050089,0.7073764375159723,0.5205724508050089
Per position nucleotide content - G position 230,Pass,0.5179533213644524,0.7120187512467584,0.5179533213644524
Per position nucleotide content - G position 231,Pass,0.5090579710144928,0.7017026480999131,0.5090579710144928
Per position nucleotide content - G position 232,Pass,0.5246350364963503,0.7090808682289665,0.5246350364963503
Per position nucleotide content - G position 233,Pass,0.5155963302752293,0.7040766933666813,0.5155963302752293
Per position nucleotide content - G position 234,Pass,0.5387453874538746,0.7219676229020354,0.5387453874538746
Per position nucleotide content - G position 235,Pass,0.521455223880597,0.7065296267760836,0.5214552238805971
Per position nucleotide content - G position 236,Pass,0.5273584905660378,0.705255057684626,0.5273584905660378
Per position nucleotide content - G position 237,Pass,0.5085066162570888,0.6951390764245207,0.5085066162570888
Per position nucleotide content - G position 238,Pass,0.5009487666034156,0.6981179568601635,0.5009487666034156
Per position nucleotide content - G position 239,Pass,0.5085551330798479,0.7042026765522961,0.5085551330798479
Per position nucleotide content - G position 240,Pass,0.5180952380952382,0.7053235653235652,0.518095238095238
Per position nucleotide content - G position 241,Pass,0.5038461538461538,0.6949968827930174,0.5038461538461538
Per position nucleotide content - G position 242,Pass,0.5230769230769231,0.7041912904475878,0.5230769230769231
Per position nucleotide content - G position 243,Pass,0.5038535645472062,0.7006355575509288,0.5038535645472062
Per position nucleotide content - G position 244,Pass,0.5154440154440154,0.7019111969111969,0.5154440154440154
Per position nucleotide content - G position 245,Pass,0.5126705653021443,0.6981078174363111,0.5126705653021443
Per position nucleotide content - G position 246,Pass,0.5206692913385826,0.7073911751597088,0.5206692913385826
Per position nucleotide content - G position 247,Pass,0.5167652859960553,0.7021873034874118,0.5167652859960552
Per position nucleotide content - G position 248,Pass,0.529821073558648,0.7099631591891947,0.5298210735586482
Per position nucleotide content - G position 249,Pass,0.5170682730923695,0.5780003735873729,0.5170682730923695
Per position nucleotide content - G position 250,Pass,0.5211267605633803,0.71232160844616,0.5211267605633803
Per position nucleotide content - G position 251,Pass,0.5050607287449393,0.7050057511160206,0.5050607287449392
Per position nucleotide content - G position 252,Pass,0.5142276422764227,0.5768346170303809,0.5142276422764228
Per position nucleotide content - G position 253,Pass,0.5102249488752557,0.7011250120450969,0.5102249488752556
Per position nucleotide content - G position 254,Pass,0.5010309278350515,0.5502918234876999,0.5010309278350515
Per position nucleotide content - G position 255,Pass,0.5062111801242235,0.5621469778287,0.5062111801242236
Per position nucleotide content - G position 256,Pass,0.5187891440501043,0.7028782222928202,0.5187891440501043
Per position nucleotide content - G position 257,Pass,0.5147679324894515,0.7015113785709346,0.5147679324894515
Per position nucleotide content - G position 258,Pass,0.5095744680851064,0.700410002612406,0.5095744680851064
Per position nucleotide content - G position 259,Pass,0.5,0.5495735607675907,0.5
Per position nucleotide content - G position 260,Pass,0.5085653104925053,0.6992216303584806,0.5085653104925053
Per position nucleotide content - G position 261,Pass,0.5042918454935622,0.7025207400844562,0.5042918454935622
Per position nucleotide content - G position 262,Pass,0.5119047619047619,0.7023966697203212,0.5119047619047619
Per position nucleotide content - G position 263,Pass,0.5010869565217392,0.6905750450954781,0.5010869565217392
Per position nucleotide content - G position 264,Pass,0.5403050108932461,0.7218042255661955,0.5403050108932462
Per position nucleotide content - G position 265,Pass,0.517467248908297,0.7005996546589758,0.517467248908297
Per position nucleotide content - G position 266,Pass,0.5305676855895196,0.7201072921068695,0.5305676855895196
Per position nucleotide content - G position 267,Pass,0.5231277533039648,0.7142304006942395,0.5231277533039648
Per position nucleotide content - G position 268,Pass,0.5044150110375276,0.7039084943602771,0.5044150110375276
Per position nucleotide content - G position 269,Pass,0.5011086474501109,0.558857396874364,0.5011086474501109
Per position nucleotide content - G position 270,Pass,0.5066815144766148,0.5629349944320713,0.5066815144766147
Per position nucleotide content - G position 271,Pass,0.515625,0.7047625407000407,0.515625
Per position nucleotide content - G position 272,Pass,0.5067264573991032,0.7022307516911149,0.5067264573991032
Per position nucleotide content - G position 273,Pass,0.5270880361173814,0.7155613137061647,0.5270880361173815
Per position nucleotide content - G position 274,Pass,0.5114155251141552,0.7005942788074134,0.5114155251141552
Per position nucleotide content - G position 275,Pass,0.5137931034482759,0.7111338398597311,0.5137931034482759
Per position nucleotide content - G position 276,Pass,0.5034482758620691,0.6970815770318082,0.503448275862069
Per position nucleotide content - G position 277,Pass,0.511600928074246,0.7020850688826621,0.511600928074246
Per position nucleotide content - G position 278,Pass,0.54292343387471,0.7175060621391065,0.54292343387471
Per position nucleotide content - G position 279,Pass,0.516279069767442,0.7057589101417366,0.5162790697674419
Per position nucleotide content - G position 280,Pass,0.5093023255813953,0.7000780978826796,0.5093023255813953
Per position nucleotide content - G position 281,Pass,0.5174825174825175,0.7049060804666186,0.5174825174825175
Per position nucleotide content - G position 282,Pass,0.5164319248826292,0.7070708126105794,0.5164319248826291
Per position nucleotide content - G position 283,Pass,0.5035377358490566,0.5638728527175444,0.5035377358490566
Per position nucleotide content - G position 284,Pass,0.504739336492891,0.5632652053712479,0.504739336492891
Per position nucleotide content - G position 285,Pass,0.5059241706161137,0.5599505520094239,0.5059241706161137
Per position nucleotide content - G position 286,Pass,0.5166666666666667,0.7047401277584205,0.5166666666666667
Per position nucleotide content - G position 287,Pass,0.5178997613365155,0.7044477194989167,0.5178997613365155
Per position nucleotide content - G position 288,Pass,0.5083532219570406,0.6960475316387357,0.5083532219570406
Per position nucleotide content - G position 289,Pass,0.5072115384615385,0.6934867216117215,0.5072115384615384
Per position nucleotide content - G position 290,Pass,0.5060532687651332,0.6950739971464529,0.5060532687651331
Per position nucleotide content - G position 291,Pass,0.5268948655256724,0.7103321810977152,0.5268948655256723
Per position nucleotide content - G position 292,Pass,0.5220588235294118,0.7068526937588915,0.5220588235294118
Per position nucleotide content - G position 293,Pass,0.5136476426799007,0.7040962528273336,0.5136476426799007
Per position nucleotide content - G position 294,Pass,0.5236907730673317,0.7089473286480767,0.5236907730673317
Per position nucleotide content - G position 295,Pass,0.5301507537688442,0.7155238216398448,0.5301507537688442
Per position nucleotide content - G position 296,Pass,0.5050505050505051,0.5693939393939393,0.5050505050505051
Per position nucleotide content - G position 297,Pass,0.5,0.5518987341772152,0.5
Per position nucleotide content - G position 298,Pass,0.5318877551020408,0.7094136485980035,0.5318877551020408
Per position nucleotide content - G position 299,Pass,0.5551282051282052,0.7277931149872422,0.5551282051282052
Per position nucleotide content - G position 300,Pass,0.5374677002583981,0.7197989538034915,0.537467700258398
Per position nucleotide content - G position 301,Pass,0.5078947368421054,0.5723684210526316,0.5078947368421053
Per position nucleotide content - G position 302,Pass,0.5157894736842106,0.6999092558983666,0.5157894736842106
Per position nucleotide content - G position 303,Pass,0.5346666666666666,0.6023333333333334,0.5346666666666666
Per position nucleotide content - G position 304,Pass,0.5147058823529412,0.5764326171565991,0.5147058823529411
Per position nucleotide content - G position 305,Pass,0.5215633423180592,0.7129108703124152,0.5215633423180593
Per position nucleotide content - G position 306,Pass,0.5311653116531165,0.7106474535747116,0.5311653116531165
Per position nucleotide content - G position 307,Pass,0.510899182561308,0.5632904957501322,0.510899182561308
Per position nucleotide content - G position 308,Pass,0.5110803324099724,0.7084108071187342,0.5110803324099723
Per position nucleotide content - G position 309,Pass,0.5459610027855153,0.7196002409094331,0.5459610027855153
Per position nucleotide content - G position 310,Pass,0.5195530726256983,0.7046417118770546,0.5195530726256983
Per position nucleotide content - G position 311,Pass,0.5154929577464789,0.7021922060596731,0.5154929577464789
Per position nucleotide content - G position 312,Pass,0.5169491525423728,0.7087089794446447,0.5169491525423728
Per position nucleotide content - G position 313,Pass,0.5084745762711864,0.7004476942217872,0.5084745762711864
Per position nucleotide content - G position 314,Pass,0.5255681818181819,0.7098863636363637,0.5255681818181818
Per position nucleotide content - G position 315,Pass,0.52,0.7098663926002056,0.52
Per position nucleotide content - G position 316,Pass,0.5201149425287356,0.7089498432601881,0.5201149425287356
Per position nucleotide content - G position 317,Pass,0.5202898550724637,0.7058052130651092,0.5202898550724637
Per position nucleotide content - G position 318,Pass,0.5203488372093024,0.6916780434987289,0.5203488372093024
Per position nucleotide content - G position 319,Pass,0.5043604651162791,0.5557009043927648,0.5043604651162791
Per position nucleotide content - G position 320,Pass,0.5406976744186046,0.7207164842681258,0.5406976744186046
Per position nucleotide content - G position 321,Pass,0.5088235294117648,0.5673529411764706,0.5088235294117647
Per position nucleotide content - G position 322,Pass,0.5133928571428572,0.7044021176523539,0.5133928571428571
Per position nucleotide content - G position 323,Pass,0.5180722891566265,0.7002294893861158,0.5180722891566265
Per position nucleotide content - G position 324,Pass,0.533639143730887,0.7155933554659146,0.5336391437308868
Per position nucleotide content - G position 325,Pass,0.5199386503067485,0.7087646673417118,0.5199386503067485
Per position nucleotide content - G position 326,Pass,0.5138461538461538,0.7036512014508085,0.5138461538461538
Per position nucleotide content - G position 327,Pass,0.5078369905956113,0.7023185077128402,0.5078369905956113
Per position nucleotide content - G position 328,Pass,0.5220125786163523,0.7120784430248106,0.5220125786163522
Per position nucleotide content - G position 329,Pass,0.5237341772151898,0.70324020242594,0.5237341772151899
Per position nucleotide content - G position 330,Pass,0.5063492063492063,0.6988579171506,0.5063492063492063
Per position nucleotide content - G position 331,Pass,0.5127795527156549,0.7006178544081535,0.512779552715655
Per position nucleotide content - G position 332,Pass,0.5129032258064516,0.6930575035063113,0.5129032258064516
Per position nucleotide content - G position 333,Pass,0.512987012987013,0.5737460003764352,0.512987012987013
Per position nucleotide content - G position 334,Pass,0.5049668874172185,0.6969633855321312,0.5049668874172185
Per position nucleotide content - G position 335,Pass,0.5066666666666667,0.56787558685446,0.5066666666666667
Per position nucleotide content - G position 336,Pass,0.5016778523489933,0.6985173627438407,0.5016778523489933
Per position nucleotide content - G position 337,Pass,0.5135135135135136,0.7019829612220917,0.5135135135135135
Per position nucleotide content - G position 338,Pass,0.5391156462585034,0.7071569967478909,0.5391156462585034
Per position nucleotide content - G position 339,Pass,0.541095890410959,0.7162442922374429,0.541095890410959
Per position nucleotide content - G position 340,Pass,0.520618556701031,0.7059498829182251,0.520618556701031
Per position nucleotide content - G position 341,Pass,0.5364583333333334,0.7132399046902433,0.5364583333333334
Per position nucleotide content - G position 342,Pass,0.541958041958042,0.7164335664335665,0.541958041958042
Per position nucleotide content - G position 343,Pass,0.5352112676056338,0.7146572876171053,0.5352112676056338
Per position nucleotide content - G position 344,Pass,0.5265017667844523,0.7141452445684109,0.5265017667844523
Per position nucleotide content - G position 345,Pass,0.5373665480427047,0.719930019823736,0.5373665480427047
Per position nucleotide content - G position 346,Pass,0.532142857142857,0.7096211615487317,0.5321428571428571
Per position nucleotide content - G position 347,Pass,0.5357142857142857,0.7091697698036561,0.5357142857142857
Per position nucleotide content - G position 348,Pass,0.5358422939068099,0.7233788072568802,0.53584229390681
Per position nucleotide content - G position 349,Pass,0.5182481751824817,0.7100873246008732,0.5182481751824818
Per position nucleotide content - G position 350,Pass,0.5202952029520296,0.7093622859305516,0.5202952029520295
Per position nucleotide content - G position 351,Pass,0.5204460966542751,0.7099718795434561,0.5204460966542751
Per position nucleotide content - G position 352,Pass,0.5303030303030303,0.7150618022328549,0.5303030303030303
Per position nucleotide content - G position 353,Pass,0.5190114068441065,0.7038762666466876,0.5190114068441065
Per position nucleotide content - G position 354,Pass,0.5384615384615384,0.7153224263298891,0.5384615384615384
Per position nucleotide content - G position 355,Pass,0.5077220077220077,0.5681788931788931,0.5077220077220077
Per position nucleotide content - G position 356,Pass,0.51171875,0.7000769412878788,0.51171875
Per position nucleotide content - G position 357,Pass,0.5236220472440944,0.704582352463674,0.5236220472440944
Per position nucleotide content - G position 358,Pass,0.5079681274900398,0.6938666387083245,0.5079681274900398
Per position nucleotide content - G position 359,Pass,0.512,0.7018461538461539,0.512
Per position nucleotide content - G position 360,Unknown,,,
Per position nucleotide content - G position 361,Unknown,,,
Per position nucleotide content - G position 362,Unknown,,,
Per position nucleotide content - G position 363,Unknown,,,
Per position nucleotide content - G position 364,Unknown,,,
Per position nucleotide content - G position 365,Unknown,,,
Per position nucleotide content - G position 366,Unknown,,,
Per position nucleotide content - G position 367,Unknown,,,
Per position nucleotide content - G position 368,Unknown,,,
Per position nucleotide content - G position 369,Unknown,,,
Per position nucleotide content - G position 370,Unknown,,,
Per position nucleotide content - G position 371,Unknown,,,
Per position nucleotide content - G position 372,Unknown,,,
Per position nucleotide content - G position 373,Unknown,,,
Per position nucleotide content - G position 374,Unknown,,,
Per position nucleotide content - G position 375,Unknown,,,
Per position nucleotide content - G position 376,Unknown,,,
Per position nucleotide content - G position 377,Unknown,,,
Per position nucleotide content - G position 378,Unknown,,,
Per position nucleotide content - G position 379,Unknown,,,
Per position nucleotide content - G position 380,Unknown,,,
Per position nucleotide content - G position 381,Unknown,,,
Per position nucleotide content - G position 382,Unknown,,,
Per position nucleotide content - G position 383,Unknown,,,
Per position nucleotide content - G position 384,Unknown,,,
Per position nucleotide content - G position 385,Unknown,,,
Per position nucleotide content - G position 386,Unknown,,,
Per position nucleotide content - G position 387,Unknown,,,
Per position nucleotide content - G position 388,Unknown,,,
Per position nucleotide content - G position 389,Unknown,,,
Per position nucleotide content - G position 390,Unknown,,,
Per position nucleotide content - G position 391,Unknown,,,
Per position nucleotide content - G position 392,Unknown,,,
Per position nucleotide content - G position 393,Unknown,,,
Per position nucleotide content - G position 394,Unknown,,,
Per position nucleotide content - G position 395,Unknown,,,
Per position nucleotide content - G position 396,Unknown,,,
Per position nucleotide content - G position 397,Unknown,,,
Per position nucleotide content - G position 398,Unknown,,,
Per position nucleotide content - G position 399,Unknown,,,
Per position nucleotide content - G position 400,Unknown,,,
Per position nucleotide content - G position 401,Unknown,,,
Per position nucleotide content - G position 402,Unknown,,,
Per position nucleotide content - G position 403,Unknown,,,
Per position nucleotide content - G position 404,Unknown,,,
Per position nucleotide content - G position 405,Unknown,,,
Per position nucleotide content - G position 406,Unknown,,,
Per position nucleotide content - G position 407,Unknown,,,
Per position nucleotide content - G position 408,Unknown,,,
Per position nucleotide content - G position 409,Unknown,,,
Per position nucleotide content - G position 410,Unknown,,,
Per position nucleotide content - G position 411,Unknown,,,
Per position nucleotide content - G position 412,Unknown,,,
Per position nucleotide content - G position 413,Unknown,,,
Per position nucleotide content - G position 414,Unknown,,,
Per position nucleotide content - G position 415,Unknown,,,
Per position nucleotide content - G position 416,Unknown,,,
Per position nucleotide content - G position 417,Unknown,,,
Per position nucleotide content - G position 418,Unknown,,,
Per position nucleotide content - G position 419,Unknown,,,
Per position nucleotide content - G position 420,Unknown,,,
Per position nucleotide content - G position 421,Unknown,,,
Per position nucleotide content - G position 422,Unknown,,,
Per position nucleotide content - G position 423,Unknown,,,
Per position nucleotide content - G position 424,Unknown,,,
Per position nucleotide content - G position 425,Unknown,,,
Per position nucleotide content - G position 426,Unknown,,,
Per position nucleotide content - G position 427,Unknown,,,
Per position nucleotide content - G position 428,Unknown,,,
Per position nucleotide content - G position 429,Unknown,,,
Per position nucleotide content - G position 430,Unknown,,,
Per position nucleotide content - G position 431,Unknown,,,
Per position nucleotide content - G position 432,Unknown,,,
Per position nucleotide content - G position 433,Unknown,,,
Per position nucleotide content - G position 434,Unknown,,,
Per position nucleotide content - G position 435,Unknown,,,
Per position nucleotide content - G position 436,Unknown,,,
Per position nucleotide content - G position 437,Unknown,,,
Per position nucleotide content - G position 438,Unknown,,,
Per position nucleotide content - G position 439,Unknown,,,
Per position nucleotide content - G position 440,Unknown,,,
Per position nucleotide content - G position 441,Unknown,,,
Per position nucleotide content - G position 442,Unknown,,,
Per position nucleotide content - G position 443,Unknown,,,
Per position nucleotide content - G position 444,Unknown,,,
Per position nucleotide content - G position 445,Unknown,,,
Per position nucleotide content - G position 446,Unknown,,,
Per position nucleotide content - G position 447,Unknown,,,
Per position nucleotide content - G position 448,Unknown,,,
Per position nucleotide content - G position 449,Unknown,,,
Per position nucleotide content - G position 450,Unknown,,,
Per position nucleotide content - G position 451,Unknown,,,
Per position nucleotide content - G position 452,Unknown,,,
Per position nucleotide content - G position 453,Unknown,,,
Per position nucleotide content - G position 454,Unknown,,,
Per position nucleotide content - G position 455,Unknown,,,
Per position nucleotide content - G position 456,Unknown,,,
Per position nucleotide content - G position 457,Unknown,,,
Per position nucleotide content - G position 458,Unknown,,,
Per position nucleotide content - G position 459,Unknown,,,
Per position nucleotide content - G position 460,Unknown,,,
Per position nucleotide content - G position 461,Unknown,,,
Per position nucleotide content - G position 462,Unknown,,,
Per position nucleotide content - G position 463,Unknown,,,
Per position nucleotide content - G position 464,Unknown,,,
Per position nucleotide content - G position 465,Unknown,,,
Per position nucleotide content - G position 466,Unknown,,,
Per position nucleotide content - G position 467,Unknown,,,
Per position nucleotide content - G position 468,Unknown,,,
Per position nucleotide content - G position 469,Unknown,,,
Per position nucleotide content - G position 470,Unknown,,,
Per position nucleotide content - G position 471,Unknown,,,
Per position nucleotide content - G position 472,Unknown,,,
Per position nucleotide content - G position 473,Unknown,,,
Per position nucleotide content - G position 474,Unknown,,,
Per position nucleotide content - G position 475,Unknown,,,
Per position nucleotide content - G position 476,Unknown,,,
Per position nucleotide content - G position 477,Unknown,,,
Per position nucleotide content - G position 478,Unknown,,,
Per position nucleotide content - G position 479,Unknown,,,
Per position nucleotide content - G position 480,Unknown,,,
Per position nucleotide content - G position 481,Unknown,,,
Per position nucleotide content - G position 482,Unknown,,,
Per position nucleotide content - G position 483,Unknown,,,
Per position nucleotide content - G,Pass,0.5744444444444444,0.7277931149872422,0.5744444444444444
Per position nucleotide content - T position 1,Warning,0.6305555555555555,0.7328168444875525,0.6305555555555555
Per position nucleotide content - T position 2,Pass,0.5599999999999999,0.6378431372549019,0.56
Per position nucleotide content - T position 3,Pass,0.5555555555555556,0.6317703533026113,0.5555555555555556
Per position nucleotide content - T position 4,Pass,0.5422222222222223,0.616473277074543,0.5422222222222223
Per position nucleotide content - T position 5,Pass,0.5278396436525613,0.5996472868578244,0.5278396436525612
Per position nucleotide content - T position 6,Pass,0.5038975501113586,0.5718303153545722,0.5038975501113586
Per position nucleotide content - T position 7,Pass,0.5194877505567929,0.5902206190891193,0.5194877505567929
Per position nucleotide content - T position 8,Pass,0.5189309576837416,0.5911217252081824,0.5189309576837416
Per position nucleotide content - T position 9,Pass,0.517260579064588,0.5882317442533055,0.517260579064588
Per position nucleotide content - T position 10,Pass,0.5267558528428093,0.6005487525927505,0.5267558528428093
Per position nucleotide content - T position 11,Pass,0.5011148272017837,0.5660162707107985,0.5011148272017837
Per position nucleotide content - T position 12,Pass,0.5274049217002238,0.5972320992044091,0.5274049217002237
Per position nucleotide content - T position 13,Pass,0.5437219730941704,0.6196306348831722,0.5437219730941704
Per position nucleotide content - T position 14,Pass,0.5173961840628507,0.5868808395347674,0.5173961840628507
Per position nucleotide content - T position 15,Pass,0.5235690235690236,0.5964514692584868,0.5235690235690236
Per position nucleotide content - T position 16,Pass,0.5196629213483146,0.5931694293024808,0.5196629213483146
Per position nucleotide content - T position 17,Pass,0.5185810810810811,0.5899269759450171,0.518581081081081
Per position nucleotide content - T position 18,Pass,0.5220090293453725,0.5936337014215118,0.5220090293453724
Per position nucleotide content - T position 19,Pass,0.5237020316027088,0.594388493372692,0.5237020316027088
Per position nucleotide content - T position 20,Pass,0.5271493212669683,0.5987785212284586,0.5271493212669683
Per position nucleotide content - T position 21,Pass,0.5265837104072398,0.600005414197639,0.5265837104072398
Per position nucleotide content - T position 22,Pass,0.5175736961451247,0.5854946930730902,0.5175736961451247
Per position nucleotide content - T position 23,Pass,0.5255681818181819,0.5962784707158352,0.5255681818181818
Per position nucleotide content - T position 24,Pass,0.5142207053469852,0.5813259651709906,0.5142207053469852
Per position nucleotide content - T position 25,Pass,0.5011376564277588,0.5698655582777488,0.5011376564277589
Per position nucleotide content - T position 26,Pass,0.505688282138794,0.578584513539903,0.5056882821387941
Per position nucleotide content - T position 27,Pass,0.5187713310580204,0.6807156232089566,0.5187713310580204
Per position nucleotide content - T position 28,Pass,0.5176537585421412,0.6788398820667683,0.5176537585421412
Per position nucleotide content - T position 29,Pass,0.5034168564920274,0.6749257898548822,0.5034168564920274
Per position nucleotide content - T position 30,Pass,0.5011389521640092,0.5775273688505083,0.5011389521640092
Per position nucleotide content - T position 31,Pass,0.500570125427594,0.5737484468805361,0.500570125427594
Per position nucleotide content - T position 32,Pass,0.5125570776255707,0.586212030970816,0.5125570776255708
Per position nucleotide content - T position 33,Pass,0.5365714285714286,0.612258064516129,0.5365714285714286
Per position nucleotide content - T position 34,Pass,0.5268571428571428,0.5982351126195619,0.5268571428571428
Per position nucleotide content - T position 35,Pass,0.5182857142857143,0.592221969265794,0.5182857142857142
Per position nucleotide content - T position 36,Pass,0.5257437070938216,0.6001529773607318,0.5257437070938215
Per position nucleotide content - T position 37,Pass,0.5034364261168385,0.5727126288659794,0.5034364261168385
Per position nucleotide content - T position 38,Pass,0.5321100917431192,0.6053490903436479,0.5321100917431193
Per position nucleotide content - T position 39,Pass,0.5189437428243399,0.5898465779870856,0.5189437428243399
Per position nucleotide content - T position 40,Pass,0.52353616532721,0.5970231428980628,0.5235361653272101
Per position nucleotide content - T position 41,Pass,0.5080367393800229,0.5807657864523537,0.5080367393800229
Per position nucleotide content - T position 42,Pass,0.5258323765786452,0.5994496401266451,0.5258323765786452
Per position nucleotide content - T position 43,Pass,0.5378874856486796,0.6137682035168288,0.5378874856486797
Per position nucleotide content - T position 44,Pass,0.5160919540229885,0.591024340770791,0.5160919540229885
Per position nucleotide content - T position 45,Pass,0.5172612197928653,0.5887628736921677,0.5172612197928653
Per position nucleotide content - T position 46,Pass,0.5143843498273878,0.5850796438737811,0.5143843498273878
Per position nucleotide content - T position 47,Pass,0.5195852534562212,0.5923745045608846,0.5195852534562212
Per position nucleotide content - T position 48,Pass,0.505767012687428,0.5729325637267494,0.505767012687428
Per position nucleotide content - T position 49,Pass,0.523094688221709,0.5975284958653058,0.523094688221709
Per position nucleotide content - T position 50,Pass,0.5381062355658199,0.6128971218972578,0.5381062355658198
Per position nucleotide content - T position 51,Pass,0.5161849710982659,0.589141205615194,0.5161849710982659
Per position nucleotide content - T position 52,Pass,0.5318287037037037,0.6056256091617933,0.5318287037037037
Per position nucleotide content - T position 53,Pass,0.521412037037037,0.5931344361877801,0.5214120370370371
Per position nucleotide content - T position 54,Pass,0.5139049826187717,0.5871747177016433,0.5139049826187717
Per position nucleotide content - T position 55,Pass,0.5121809744779583,0.5820076312743134,0.5121809744779582
Per position nucleotide content - T position 56,Pass,0.5017401392111369,0.6809987828840973,0.5017401392111369
Per position nucleotide content - T position 57,Pass,0.5272938443670151,0.5996009890974485,0.5272938443670151
Per position nucleotide content - T position 58,Pass,0.5384167636786963,0.6115007543446598,0.5384167636786962
Per position nucleotide content - T position 59,Pass,0.5052447552447552,0.5733538876163605,0.5052447552447552
Per position nucleotide content - T position 60,Pass,0.5308857808857809,0.6034591769885888,0.5308857808857809
Per position nucleotide content - T position 61,Pass,0.5005827505827506,0.5692953543272014,0.5005827505827506
Per position nucleotide content - T position 62,Pass,0.5145687645687645,0.5857659782078386,0.5145687645687645
Per position nucleotide content - T position 63,Pass,0.5163170163170163,0.5904532295661329,0.5163170163170163
Per position nucleotide content - T position 64,Pass,0.5151515151515151,0.5886775825800216,0.5151515151515151
Per position nucleotide content - T position 65,Pass,0.5134189031505251,0.5857087292326499,0.5134189031505251
Per position nucleotide content - T position 66,Pass,0.530338389731622,0.6036237521068326,0.530338389731622
Per position nucleotide content - T position 67,Pass,0.5163360560093349,0.5903077301007659,0.5163360560093349
Per position nucleotide content - T position 68,Pass,0.5180863477246208,0.5896748891977397,0.5180863477246208
Per position nucleotide content - T position 69,Pass,0.5169194865810968,0.5880955283592041,0.5169194865810969
Per position nucleotide content - T position 70,Pass,0.5040840140023337,0.573987594423632,0.5040840140023337
Per position nucleotide content - T position 71,Pass,0.5215869311551926,0.5945736084754558,0.5215869311551925
Per position nucleotide content - T position 72,Pass,0.5099183197199533,0.5789390422626476,0.5099183197199533
Per position nucleotide content - T position 73,Pass,0.5163360560093349,0.5903077301007659,0.5163360560093349
Per position nucleotide content - T position 74,Pass,0.5198366394399067,0.5920281720652456,0.5198366394399067
Per position nucleotide content - T position 75,Pass,0.5105140186915889,0.582350118276651,0.5105140186915887
Per position nucleotide content - T position 76,Pass,0.5192757009345794,0.588759678829382,0.5192757009345794
Per position nucleotide content - T position 77,Pass,0.5175233644859812,0.5887476036424634,0.5175233644859814
Per position nucleotide content - T position 78,Pass,0.5157710280373832,0.5870531728079053,0.5157710280373832
Per position nucleotide content - T position 79,Pass,0.5087616822429907,0.5825734412750735,0.5087616822429907
Per position nucleotide content - T position 80,Pass,0.5105263157894737,0.5814234954474795,0.5105263157894737
Per position nucleotide content - T position 81,Pass,0.5216374269005848,0.5953879544221377,0.5216374269005848
Per position nucleotide content - T position 82,Pass,0.5210526315789473,0.5946184331351796,0.5210526315789473
Per position nucleotide content - T position 83,Pass,0.5087719298245614,0.5847669335150173,0.5087719298245614
Per position nucleotide content - T position 84,Pass,0.5269005847953216,0.5986111111111112,0.5269005847953216
Per position nucleotide content - T position 85,Pass,0.5175644028103044,0.5886939522167836,0.5175644028103045
Per position nucleotide content - T position 86,Pass,0.5245901639344263,0.5968881607381573,0.5245901639344263
Per position nucleotide content - T position 87,Pass,0.5064402810304449,0.5758535221579767,0.5064402810304449
Per position nucleotide content - T position 88,Pass,0.5005861664712777,0.5665005208918086,0.5005861664712778
Per position nucleotide content - T position 89,Pass,0.5140845070422535,0.5824083138592391,0.5140845070422535
Per position nucleotide content - T position 90,Pass,0.5293772032902467,0.6031575514350017,0.5293772032902467
Per position nucleotide content - T position 91,Pass,0.5041176470588236,0.570403172504957,0.5041176470588236
Per position nucleotide content - T position 92,Pass,0.5058823529411766,0.58,0.5058823529411764
Per position nucleotide content - T position 93,Pass,0.5164705882352941,0.5911717267552182,0.5164705882352941
Per position nucleotide content - T position 94,Pass,0.5076470588235293,0.5778119904678289,0.5076470588235295
Per position nucleotide content - T position 95,Pass,0.52,0.5957558003280994,0.52
Per position nucleotide content - T position 96,Pass,0.5406360424028269,0.6196435446867745,0.5406360424028268
Per position nucleotide content - T position 97,Pass,0.5088547815820543,0.5789027687854668,0.5088547815820543
Per position nucleotide content - T position 98,Pass,0.5318772136953955,0.6087591499409681,0.5318772136953955
Per position nucleotide content - T position 99,Pass,0.506501182033097,0.5743599723231275,0.5065011820330969
Per position nucleotide content - T position 100,Pass,0.5177725118483413,0.5930238113438312,0.5177725118483413
Per position nucleotide content - T position 101,Pass,0.5071258907363421,0.5822825089191925,0.5071258907363421
Per position nucleotide content - T position 102,Pass,0.5380047505938242,0.6162405058537457,0.5380047505938242
Per position nucleotide content - T position 103,Pass,0.5047675804529201,0.6825284582253611,0.5047675804529201
Per position nucleotide content - T position 104,Pass,0.5155131264916468,0.5904786852164464,0.5155131264916468
Per position nucleotide content - T position 105,Pass,0.5173237753882916,0.58959869934174,0.5173237753882916
Per position nucleotide content - T position 106,Pass,0.5101674641148325,0.5846127422796947,0.5101674641148325
Per position nucleotide content - T position 107,Pass,0.5215827338129496,0.5943365996857686,0.5215827338129496
Per position nucleotide content - T position 108,Pass,0.5168067226890757,0.5900980645422725,0.5168067226890757
Per position nucleotide content - T position 109,Pass,0.5036101083032491,0.6766841985144613,0.5036101083032491
Per position nucleotide content - T position 110,Pass,0.5204572803850782,0.5963979630771037,0.5204572803850782
Per position nucleotide content - T position 111,Pass,0.5168471720818291,0.5888578930095175,0.5168471720818292
Per position nucleotide content - T position 112,Pass,0.51985559566787,0.591758894269381,0.51985559566787
Per position nucleotide content - T position 113,Pass,0.5054151624548737,0.5775406928874532,0.5054151624548736
Per position nucleotide content - T position 114,Pass,0.5066344993968637,0.5768598016877305,0.5066344993968637
Per position nucleotide content - T position 115,Pass,0.5193236714975845,0.5960763343227984,0.5193236714975845
Per position nucleotide content - T position 116,Pass,0.5139056831922612,0.5871262184568897,0.5139056831922612
Per position nucleotide content - T position 117,Pass,0.5230024213075061,0.5947525726392252,0.5230024213075061
Per position nucleotide content - T position 118,Pass,0.5097442143727162,0.5785184364965119,0.5097442143727162
Per position nucleotide content - T position 119,Pass,0.5085365853658537,0.5817742101471647,0.5085365853658537
Per position nucleotide content - T position 120,Pass,0.5207570207570208,0.5936505270566406,0.5207570207570208
Per position nucleotide content - T position 121,Pass,0.5331288343558283,0.6045378126474752,0.5331288343558283
Per position nucleotide content - T position 122,Pass,0.5104422604422605,0.5773554541369268,0.5104422604422605
Per position nucleotide content - T position 123,Pass,0.5184501845018451,0.5921170526360436,0.518450184501845
Per position nucleotide content - T position 124,Pass,0.5314814814814816,0.6057396457802963,0.5314814814814814
Per position nucleotide content - T position 125,Pass,0.5123762376237624,0.5835617043847242,0.5123762376237624
Per position nucleotide content - T position 126,Pass,0.5211180124223602,0.5942711482438301,0.5211180124223602
Per position nucleotide content - T position 127,Pass,0.5074812967581047,0.5753090864388325,0.5074812967581047
Per position nucleotide content - T position 128,Pass,0.5031249999999999,0.5758247840172787,0.503125
Per position nucleotide content - T position 129,Pass,0.5212765957446809,0.5959952646435751,0.5212765957446809
Per position nucleotide content - T position 130,Pass,0.5150753768844221,0.5877680067001674,0.5150753768844221
Per position nucleotide content - T position 131,Pass,0.5081658291457286,0.5817681821635174,0.5081658291457286
Per position nucleotide content - T position 132,Pass,0.5213836477987421,0.5945299940773332,0.5213836477987421
Per position nucleotide content - T position 133,Pass,0.5132575757575758,0.5827443553178847,0.5132575757575758
Per position nucleotide content - T position 134,Pass,0.5050697084917617,0.6823751494713083,0.5050697084917617
Per position nucleotide content - T position 135,Pass,0.5183776932826363,0.5885136782782259,0.5183776932826363
Per position nucleotide content - T position 136,Pass,0.5158629441624366,0.5896217825887204,0.5158629441624365
Per position nucleotide content - T position 137,Pass,0.5127551020408163,0.5823202800077376,0.5127551020408163
Per position nucleotide content - T position 138,Pass,0.5076530612244898,0.5811962943071965,0.5076530612244898
Per position nucleotide content - T position 139,Pass,0.5293742017879949,0.6051515969866267,0.5293742017879949
Per position nucleotide content - T position 140,Pass,0.5108974358974359,0.5855413105413105,0.5108974358974359
Per position nucleotide content - T position 141,Pass,0.5186136071887034,0.5941007268689819,0.5186136071887034
Per position nucleotide content - T position 142,Pass,0.5193798449612403,0.5912490446555301,0.5193798449612403
Per position nucleotide content - T position 143,Pass,0.5045219638242895,0.6750897248679555,0.5045219638242894
Per position nucleotide content - T position 144,Pass,0.535575679172057,0.6113861240917238,0.535575679172057
Per position nucleotide content - T position 145,Pass,0.5117493472584856,0.581092042890821,0.5117493472584856
Per position nucleotide content - T position 146,Pass,0.5327225130890052,0.6045368607541383,0.5327225130890052
Per position nucleotide content - T position 147,Pass,0.5150720838794234,0.5832909666535716,0.5150720838794234
Per position nucleotide content - T position 148,Pass,0.5065789473684211,0.5736842105263158,0.506578947368421
Per position nucleotide content - T position 149,Pass,0.5065963060686016,0.6849945451312293,0.5065963060686016
Per position nucleotide content - T position 150,Pass,0.5277410832232496,0.6017126317888388,0.5277410832232496
Per position nucleotide content - T position 151,Pass,0.509933774834437,0.5851730851487486,0.5099337748344371
Per position nucleotide content - T position 152,Pass,0.5219123505976095,0.5981376507393247,0.5219123505976095
Per position nucleotide content - T position 153,Pass,0.5086436170212766,0.5810465022566086,0.5086436170212766
Per position nucleotide content - T position 154,Pass,0.5180481283422459,0.5919374742904154,0.518048128342246
Per position nucleotide content - T position 155,Pass,0.520242914979757,0.5986967334358739,0.520242914979757
Per position nucleotide content - T position 156,Pass,0.527027027027027,0.6026477058453803,0.527027027027027
Per position nucleotide content - T position 157,Pass,0.5277027027027027,0.6048944542736867,0.5277027027027027
Per position nucleotide content - T position 158,Pass,0.5081411126187245,0.5731934170788288,0.5081411126187245
Per position nucleotide content - T position 159,Pass,0.5034059945504087,0.5784604594290964,0.5034059945504087
Per position nucleotide content - T position 160,Pass,0.5082079343365253,0.680420556635547,0.5082079343365253
Per position nucleotide content - T position 161,Pass,0.5089163237311386,0.5815249035339629,0.5089163237311386
Per position nucleotide content - T position 162,Pass,0.515130674002751,0.5913629595043096,0.515130674002751
Per position nucleotide content - T position 163,Pass,0.5110344827586207,0.5849959143650924,0.5110344827586207
Per position nucleotide content - T position 164,Pass,0.5145027624309392,0.586512686719869,0.5145027624309392
Per position nucleotide content - T position 165,Pass,0.5006925207756232,0.6792586340513739,0.5006925207756233
Per position nucleotide content - T position 166,Pass,0.5118549511854951,0.5822926315117058,0.5118549511854951
Per position nucleotide content - T position 167,Pass,0.520393811533052,0.5942022190967339,0.5203938115330521
Per position nucleotide content - T position 168,Pass,0.501412429378531,0.5704910908300739,0.501412429378531
Per position nucleotide content - T position 169,Pass,0.5353606789250354,0.6089201965309314,0.5353606789250354
Per position nucleotide content - T position 170,Pass,0.5064102564102564,0.5750249945500605,0.5064102564102564
Per position nucleotide content - T position 171,Pass,0.5100143061516452,0.6834280827449352,0.5100143061516452
Per position nucleotide content - T position 172,Pass,0.5302158273381294,0.6022736158898967,0.5302158273381294
Per position nucleotide content - T position 173,Pass,0.5252890173410405,0.5964575687892772,0.5252890173410405
Per position nucleotide content - T position 174,Pass,0.5124087591240876,0.5807509553753767,0.5124087591240876
Per position nucleotide content - T position 175,Pass,0.5256222547584187,0.6008488240636062,0.5256222547584187
Per position nucleotide content - T position 176,Pass,0.5058997050147492,0.5744172832341989,0.5058997050147492
Per position nucleotide content - T position 177,Pass,0.5110782865583456,0.5761202109147969,0.5110782865583456
Per position nucleotide content - T position 178,Pass,0.521513353115727,0.5913839409554392,0.521513353115727
Per position nucleotide content - T position 179,Pass,0.5322338830584709,0.6072252335370777,0.5322338830584707
Per position nucleotide content - T position 180,Pass,0.5,0.5746996996996997,0.5
Per position nucleotide content - T position 181,Pass,0.5300751879699248,0.6027449909690428,0.5300751879699248
Per position nucleotide content - T position 182,Pass,0.5158850226928896,0.5888865355521936,0.5158850226928896
Per position nucleotide content - T position 183,Pass,0.5136570561456753,0.587335276735085,0.5136570561456753
Per position nucleotide content - T position 184,Pass,0.5334855403348554,0.608939923001164,0.5334855403348554
Per position nucleotide content - T position 185,Pass,0.5076103500761036,0.5825137571712914,0.5076103500761036
Per position nucleotide content - T position 186,Pass,0.5030816640986133,0.5747366010077875,0.5030816640986132
Per position nucleotide content - T position 187,Pass,0.5038639876352395,0.5767490984028851,0.5038639876352395
Per position nucleotide content - T position 188,Pass,0.5069875776397516,0.6795103278925321,0.5069875776397516
Per position nucleotide content - T position 189,Pass,0.5257410296411856,0.5996862589185007,0.5257410296411856
Per position nucleotide content - T position 190,Pass,0.5070202808112325,0.5780302799855727,0.5070202808112324
Per position nucleotide content - T position 191,Pass,0.5210608424336973,0.5888907518917579,0.5210608424336973
Per position nucleotide content - T position 192,Pass,0.5148437499999999,0.5909177137728461,0.51484375
Per position nucleotide content - T position 193,Pass,0.5203442879499217,0.5941482226693494,0.5203442879499217
Per position nucleotide content - T position 194,Pass,0.5039184952978056,0.5766633959443043,0.5039184952978056
Per position nucleotide content - T position 195,Pass,0.501577287066246,0.5762438869694391,0.501577287066246
Per position nucleotide content - T position 196,Pass,0.5284360189573459,0.6052947800073947,0.5284360189573459
Per position nucleotide content - T position 197,Pass,0.5134920634920634,0.5838192419825072,0.5134920634920634
Per position nucleotide content - T position 198,Pass,0.5367999999999999,0.613367955801105,0.5368
Per position nucleotide content - T position 199,Pass,0.5209003215434084,0.5935449696113599,0.5209003215434084
Per position nucleotide content - T position 200,Pass,0.5177133655394525,0.5909068035426731,0.5177133655394525
Per position nucleotide content - T position 201,Pass,0.5370967741935484,0.6149520488230166,0.5370967741935484
Per position nucleotide content - T position 202,Pass,0.5129032258064516,0.5855571847507332,0.5129032258064516
Per position nucleotide content - T position 203,Pass,0.5000000000000001,0.5701612903225807,0.5
Per position nucleotide content - T position 204,Pass,0.5089141004862237,0.5837092870939811,0.5089141004862237
Per position nucleotide content - T position 205,Pass,0.5064935064935064,0.5772425249169435,0.5064935064935064
Per position nucleotide content - T position 206,Pass,0.5065040650406504,0.57997683608121,0.5065040650406504
Per position nucleotide content - T position 207,Pass,0.5163132137030996,0.588437175047461,0.5163132137030995
Per position nucleotide content - T position 208,Pass,0.5148026315789475,0.5861724624060151,0.5148026315789473
Per position nucleotide content - T position 209,Pass,0.5016501650165016,0.5728231253357894,0.5016501650165016
Per position nucleotide content - T position 210,Pass,0.5049668874172185,0.5756299228026176,0.5049668874172185
Per position nucleotide content - T position 211,Pass,0.5058333333333334,0.6832778099652375,0.5058333333333334
Per position nucleotide content - T position 212,Pass,0.5327731092436975,0.6105042016806723,0.5327731092436975
Per position nucleotide content - T position 213,Pass,0.5067567567567568,0.5809160453557005,0.5067567567567568
Per position nucleotide content - T position 214,Pass,0.5408163265306123,0.619592218910036,0.5408163265306123
Per position nucleotide content - T position 215,Pass,0.5136752136752137,0.589272030651341,0.5136752136752136
Per position nucleotide content - T position 216,Pass,0.517094017094017,0.5954360863200643,0.5170940170940171
Per position nucleotide content - T position 217,Pass,0.53184165232358,0.6112514958925531,0.53184165232358
Per position nucleotide content - T position 218,Pass,0.537261698440208,0.6152148795619521,0.537261698440208
Per position nucleotide content - T position 219,Pass,0.5026041666666667,0.5734882478632479,0.5026041666666666
Per position nucleotide content - T position 220,Pass,0.5329861111111112,0.6089095967202143,0.5329861111111112
Per position nucleotide content - T position 221,Pass,0.5140105078809107,0.682783444367195,0.5140105078809106
Per position nucleotide content - T position 222,Pass,0.5201754385964913,0.5910980627464427,0.5201754385964912
Per position nucleotide content - T position 223,Pass,0.5070422535211268,0.6811847452876464,0.5070422535211268
Per position nucleotide content - T position 224,Pass,0.5379188712522046,0.6126082444410418,0.5379188712522046
Per position nucleotide content - T position 225,Pass,0.5159292035398231,0.5906275140788415,0.515929203539823
Per position nucleotide content - T position 226,Pass,0.5044404973357016,0.5750162113394796,0.5044404973357016
Per position nucleotide content - T position 227,Pass,0.5026690391459074,0.6793194562598265,0.5026690391459074
Per position nucleotide content - T position 228,Pass,0.5205357142857143,0.5937003968253967,0.5205357142857143
Per position nucleotide content - T position 229,Pass,0.5169946332737031,0.5859790459560281,0.516994633273703
Per position nucleotide content - T position 230,Pass,0.5125673249551167,0.5858926166965889,0.5125673249551167
Per position nucleotide content - T position 231,Pass,0.5126811594202899,0.6838465407399128,0.5126811594202898
Per position nucleotide content - T position 232,Pass,0.5054744525547445,0.5799033522573669,0.5054744525547445
Per position nucleotide content - T position 233,Pass,0.501834862385321,0.678170604173599,0.501834862385321
Per position nucleotide content - T position 234,Pass,0.525830258302583,0.5968924986452662,0.525830258302583
Per position nucleotide content - T position 235,Pass,0.5214552238805971,0.5970785951196398,0.5214552238805971
Per position nucleotide content - T position 236,Pass,0.5047169811320754,0.5714614188138231,0.5047169811320755
Per position nucleotide content - T position 237,Pass,0.500945179584121,0.6808569545644866,0.500945179584121
Per position nucleotide content - T position 238,Pass,0.5037950664136621,0.6745273155916592,0.5037950664136622
Per position nucleotide content - T position 239,Pass,0.5057034220532319,0.5781608037670285,0.5057034220532319
Per position nucleotide content - T position 240,Pass,0.5047619047619047,0.5725436366717506,0.5047619047619047
Per position nucleotide content - T position 241,Pass,0.5028846153846154,0.5764974779319041,0.5028846153846154
Per position nucleotide content - T position 242,Pass,0.5048076923076923,0.5745477083891719,0.5048076923076923
Per position nucleotide content - T position 243,Pass,0.5057803468208093,0.684557301274956,0.5057803468208093
Per position nucleotide content - T position 244,Pass,0.5183397683397682,0.5926237393628697,0.5183397683397684
Per position nucleotide content - T position 245,Pass,0.5272904483430799,0.6009862457230878,0.5272904483430799
Per position nucleotide content - T position 246,Pass,0.5246062992125984,0.599926598158281,0.5246062992125984
Per position nucleotide content - T position 247,Pass,0.5147928994082841,0.5932657086503239,0.514792899408284
Per position nucleotide content - T position 248,Pass,0.5377733598409543,0.615949995391887,0.5377733598409543
Per position nucleotide content - T position 249,Pass,0.5020080321285141,0.573058190207639,0.5020080321285141
Per position nucleotide content - T position 250,Pass,0.5090543259557344,0.6812872945829483,0.5090543259557344
Per position nucleotide content - T position 251,Pass,0.5030364372469636,0.6751839593368598,0.5030364372469636
Per position nucleotide content - T position 252,Pass,0.5050813008130082,0.6766269090216525,0.5050813008130082
Per position nucleotide content - T position 253,Pass,0.5071574642126789,0.579847389908958,0.5071574642126789
Per position nucleotide content - T position 254,Pass,0.5,0.5716494845360824,0.5
Per position nucleotide content - T position 255,Pass,0.5165631469979296,0.5934087750645226,0.5165631469979296
Per position nucleotide content - T position 256,Pass,0.5135699373695198,0.5835294734042124,0.5135699373695198
Per position nucleotide content - T position 257,Pass,0.5253164556962026,0.5979714378448555,0.5253164556962026
Per position nucleotide content - T position 258,Pass,0.5074468085106383,0.5808783415166394,0.5074468085106383
Per position nucleotide content - T position 259,Pass,0.5127931769722816,0.586722375517371,0.5127931769722814
Per position nucleotide content - T position 260,Pass,0.5139186295503212,0.5866752858470365,0.5139186295503212
Per position nucleotide content - T position 261,Pass,0.502145922746781,0.5727238475903418,0.5021459227467812
Per position nucleotide content - T position 262,Pass,0.5097402597402597,0.5884131727557333,0.5097402597402597
Per position nucleotide content - T position 263,Pass,0.5086956521739131,0.5824626865671642,0.508695652173913
Per position nucleotide content - T position 264,Pass,0.5130718954248367,0.5874467531622931,0.5130718954248366
Per position nucleotide content - T position 265,Pass,0.5272925764192139,0.5988642694125469,0.527292576419214
Per position nucleotide content - T position 266,Pass,0.5294759825327511,0.6099862693017601,0.5294759825327511
Per position nucleotide content - T position 267,Pass,0.5440528634361234,0.6244183160637835,0.5440528634361234
Per position nucleotide content - T position 268,Pass,0.5165562913907286,0.5954804639661776,0.5165562913907285
Per position nucleotide content - T position 269,Pass,0.5077605321507761,0.5804818121891293,0.5077605321507761
Per position nucleotide content - T position 270,Pass,0.5055679287305123,0.5752166307493937,0.5055679287305123
Per position nucleotide content - T position 271,Pass,0.5357142857142857,0.610383064516129,0.5357142857142857
Per position nucleotide content - T position 272,Pass,0.507847533632287,0.5767681372457808,0.507847533632287
Per position nucleotide content - T position 273,Pass,0.5214446952595937,0.5989221009172002,0.5214446952595937
Per position nucleotide content - T position 274,Pass,0.5102739726027398,0.5767808219178082,0.5102739726027398
Per position nucleotide content - T position 275,Pass,0.5022988505747126,0.5777704659120821,0.5022988505747127
Per position nucleotide content - T position 276,Pass,0.5126436781609196,0.6877192982456141,0.5126436781609195
Per position nucleotide content - T position 277,Pass,0.5092807424593967,0.5854185257897555,0.5092807424593968
Per position nucleotide content - T position 278,Pass,0.531322505800464,0.5997073795754406,0.531322505800464
Per position nucleotide content - T position 279,Pass,0.5313953488372093,0.6066207878500237,0.5313953488372093
Per position nucleotide content - T position 280,Pass,0.5127906976744185,0.5827328076654357,0.5127906976744186
Per position nucleotide content - T position 281,Pass,0.5116550116550116,0.5857575757575758,0.5116550116550117
Per position nucleotide content - T position 282,Pass,0.5046948356807512,0.5746598233468608,0.5046948356807511
Per position nucleotide content - T position 283,Pass,0.5294811320754718,0.6018254924777657,0.5294811320754716
Per position nucleotide content - T position 284,Pass,0.5106635071090048,0.5849386956271466,0.5106635071090048
Per position nucleotide content - T position 285,Pass,0.5296208530805687,0.6039779430879677,0.5296208530805687
Per position nucleotide content - T position 286,Pass,0.5297619047619048,0.6036097486204781,0.5297619047619048
Per position nucleotide content - T position 287,Pass,0.5071599045346062,0.5780093017563185,0.5071599045346062
Per position nucleotide content - T position 288,Pass,0.5167064439140812,0.5884752283762653,0.5167064439140812
Per position nucleotide content - T position 289,Pass,0.5084134615384615,0.5812404449629868,0.5084134615384616
Per position nucleotide content - T position 290,Pass,0.516949152542373,0.59194465011106,0.5169491525423728
Per position nucleotide content - T position 291,Pass,0.5244498777506112,0.5973072678884392,0.5244498777506112
Per position nucleotide content - T position 292,Pass,0.5502450980392157,0.6297332698261491,0.5502450980392157
Per position nucleotide content - T position 293,Pass,0.5024813895781638,0.5741342108102276,0.5024813895781638
Per position nucleotide content - T position 294,Pass,0.5224438902743143,0.59334723937819,0.5224438902743143
Per position nucleotide content - T position 295,Pass,0.5477386934673366,0.6246971464465183,0.5477386934673367
Per position nucleotide content - T position 296,Pass,0.5063131313131314,0.5769944924356689,0.5063131313131313
Per position nucleotide content - T position 297,Pass,0.530379746835443,0.604487917146145,0.5303797468354431
Per position nucleotide content - T position 298,Pass,0.510204081632653,0.5752551020408163,0.5102040816326531
Per position nucleotide content - T position 299,Pass,0.5256410256410257,0.5996503496503496,0.5256410256410257
Per position nucleotide content - T position 300,Pass,0.5503875968992248,0.6280969752241983,0.5503875968992248
Per position nucleotide content - T position 301,Pass,0.5065789473684211,0.5793919730833934,0.506578947368421
Per position nucleotide content - T position 302,Pass,0.5355263157894737,0.6102799950112248,0.5355263157894737
Per position nucleotide content - T position 303,Pass,0.528,0.610095238095238,0.528
Per position nucleotide content - T position 304,Pass,0.5160427807486632,0.5884835752482811,0.516042780748663
Per position nucleotide content - T position 305,Pass,0.5229110512129381,0.5979345577634302,0.522911051212938
Per position nucleotide content - T position 306,Pass,0.5271002710027101,0.5986809357889497,0.5271002710027101
Per position nucleotide content - T position 307,Pass,0.5054495912806539,0.5821209614636045,0.5054495912806539
Per position nucleotide content - T position 308,Pass,0.515235457063712,0.5916201794809604,0.5152354570637119
Per position nucleotide content - T position 309,Pass,0.5097493036211699,0.5854375850229967,0.5097493036211699
Per position nucleotide content - T position 310,Pass,0.526536312849162,0.5981931322940126,0.526536312849162
Per position nucleotide content - T position 311,Pass,0.5112676056338028,0.5790625473269726,0.5112676056338028
Per position nucleotide content - T position 312,Pass,0.5494350282485876,0.6274286895411327,0.5494350282485876
Per position nucleotide content - T position 313,Pass,0.5268361581920904,0.6003828615675815,0.5268361581920904
Per position nucleotide content - T position 314,Pass,0.5014204545454546,0.5722790086797624,0.5014204545454546
Per position nucleotide content - T position 315,Pass,0.5399999999999999,0.6143768996960487,0.54
Per position nucleotide content - T position 316,Pass,0.5,0.5725574712643678,0.5
Per position nucleotide content - T position 317,Pass,0.5173913043478261,0.6908067050811945,0.5173913043478261
Per position nucleotide content - T position 318,Pass,0.5465116279069768,0.6230620155038761,0.5465116279069767
Per position nucleotide content - T position 319,Pass,0.5188953488372093,0.5889804930740883,0.5188953488372093
Per position nucleotide content - T position 320,Pass,0.5276162790697674,0.6050689529266375,0.5276162790697675
Per position nucleotide content - T position 321,Pass,0.5161764705882352,0.5863508518161362,0.5161764705882353
Per position nucleotide content - T position 322,Pass,0.5267857142857143,0.6000864055299538,0.5267857142857143
Per position nucleotide content - T position 323,Pass,0.5060240963855421,0.572079013729336,0.5060240963855421
Per position nucleotide content - T position 324,Pass,0.5137614678899082,0.5801501251042536,0.5137614678899083
Per position nucleotide content - T position 325,Pass,0.5061349693251533,0.6831183472287766,0.5061349693251533
Per position nucleotide content - T position 326,Pass,0.5046153846153847,0.5720275678079145,0.5046153846153846
Per position nucleotide content - T position 327,Pass,0.5047021943573669,0.5836686473588173,0.5047021943573667
Per position nucleotide content - T position 328,Pass,0.5015723270440251,0.6790109958765463,0.5015723270440252
Per position nucleotide content - T position 329,Pass,0.5268987341772151,0.5977512466436516,0.5268987341772152
Per position nucleotide content - T position 330,Pass,0.5142857142857143,0.5865213882163034,0.5142857142857142
Per position nucleotide content - T position 331,Pass,0.5095846645367412,0.5826144834930778,0.5095846645367412
Per position nucleotide content - T position 332,Pass,0.5225806451612902,0.5970822761870243,0.5225806451612903
Per position nucleotide content - T position 333,Pass,0.5227272727272727,0.6953125,0.5227272727272727
Per position nucleotide content - T position 334,Pass,0.5,0.6746688741721854,0.5
Per position nucleotide content - T position 335,Pass,0.5066666666666666,0.573076923076923,0.5066666666666667
Per position nucleotide content - T position 336,Pass,0.5050335570469799,0.5797406438402912,0.5050335570469798
Per position nucleotide content - T position 337,Pass,0.5405405405405405,0.6116852146263911,0.5405405405405406
Per position nucleotide content - T position 338,Pass,0.5255102040816326,0.5964724599517226,0.5255102040816326
Per position nucleotide content - T position 339,Pass,0.5496575342465753,0.6269873391448734,0.5496575342465754
Per position nucleotide content - T position 340,Pass,0.5429553264604812,0.619493908153702,0.5429553264604811
Per position nucleotide content - T position 341,Pass,0.5260416666666666,0.5968830481972038,0.5260416666666666
Per position nucleotide content - T position 342,Pass,0.5262237762237763,0.5990601754932965,0.5262237762237763
Per position nucleotide content - T position 343,Pass,0.5563380281690141,0.6340285301552908,0.5563380281690141
Per position nucleotide content - T position 344,Pass,0.5353356890459363,0.6079887307802502,0.5353356890459364
Per position nucleotide content - T position 345,Pass,0.5373665480427047,0.6126209851077816,0.5373665480427047
Per position nucleotide content - T position 346,Pass,0.5089285714285715,0.5826687116564417,0.5089285714285714
Per position nucleotide content - T position 347,Pass,0.5142857142857143,0.5853084415584415,0.5142857142857142
Per position nucleotide content - T position 348,Pass,0.5376344086021505,0.6122707147375079,0.5376344086021505
Per position nucleotide content - T position 349,Pass,0.5127737226277372,0.5938286114891336,0.5127737226277372
Per position nucleotide content - T position 350,Pass,0.5461254612546126,0.6237572566808471,0.5461254612546126
Per position nucleotide content - T position 351,Pass,0.5074349442379181,0.5824581784386617,0.5074349442379182
Per position nucleotide content - T position 352,Pass,0.5321969696969697,0.608270202020202,0.5321969696969697
Per position nucleotide content - T position 353,Pass,0.5190114068441064,0.5941805342946026,0.5190114068441065
Per position nucleotide content - T position 354,Pass,0.5365384615384616,0.6087912087912087,0.5365384615384615
Per position nucleotide content - T position 355,Pass,0.5115830115830116,0.5894908301158301,0.5115830115830116
Per position nucleotide content - T position 356,Pass,0.51171875,0.586171875,0.51171875
Per position nucleotide content - T position 357,Pass,0.5019685039370079,0.5774213885029078,0.5019685039370079
Per position nucleotide content - T position 358,Pass,0.5039840637450199,0.5809359962746418,0.5039840637450199
Per position nucleotide content - T position 359,Pass,0.52,0.5943611111111111,0.52
Per position nucleotide content - T position 360,Unknown,,,
Per position nucleotide content - T position 361,Unknown,,,
Per position nucleotide content - T position 362,Unknown,,,
Per position nucleotide content - T position 363,Unknown,,,
Per position nucleotide content - T position 364,Unknown,,,
Per position nucleotide content - T position 365,Unknown,,,
Per position nucleotide content - T position 366,Unknown,,,
Per position nucleotide content - T position 367,Unknown,,,
Per position nucleotide content - T position 368,Unknown,,,
Per position nucleotide content - T position 369,Unknown,,,
Per position nucleotide content - T position 370,Unknown,,,
Per position nucleotide content - T position 371,Unknown,,,
Per position nucleotide content - T position 372,Unknown,,,
Per position nucleotide content - T position 373,Unknown,,,
Per position nucleotide content - T position 374,Unknown,,,
Per position nucleotide content - T position 375,Unknown,,,
Per position nucleotide content - T position 376,Unknown,,,
Per position nucleotide content - T position 377,Unknown,,,
Per position nucleotide content - T position 378,Unknown,,,
Per position nucleotide content - T position 379,Unknown,,,
Per position nucleotide content - T position 380,Unknown,,,
Per position nucleotide content - T position 381,Unknown,,,
Per position nucleotide content - T position 382,Unknown,,,
Per position nucleotide content - T position 383,Unknown,,,
Per position nucleotide content - T position 384,Unknown,,,
Per position nucleotide content - T position 385,Unknown,,,
Per position nucleotide content - T position 386,Unknown,,,
Per position nucleotide content - T position 387,Unknown,,,
Per position nucleotide content - T position 388,Unknown,,,
Per position nucleotide content - T position 389,Unknown,,,
Per position nucleotide content - T position 390,Unknown,,,
Per position nucleotide content - T position 391,Unknown,,,
Per position nucleotide content - T position 392,Unknown,,,
Per position nucleotide content - T position 393,Unknown,,,
Per position nucleotide content - T position 394,Unknown,,,
Per position nucleotide content - T position 395,Unknown,,,
Per position nucleotide content - T position 396,Unknown,,,
Per position nucleotide content - T position 397,Unknown,,,
Per position nucleotide content - T position 398,Unknown,,,
Per position nucleotide content - T position 399,Unknown,,,
Per position nucleotide content - T position 400,Unknown,,,
Per position nucleotide content - T position 401,Unknown,,,
Per position nucleotide content - T position 402,Unknown,,,
Per position nucleotide content - T position 403,Unknown,,,
Per position nucleotide content - T position 404,Unknown,,,
Per position nucleotide content - T position 405,Unknown,,,
Per position nucleotide content - T position 406,Unknown,,,
Per position nucleotide content - T position 407,Unknown,,,
Per position nucleotide content - T position 408,Unknown,,,
Per position nucleotide content - T position 409,Unknown,,,
Per position nucleotide content - T position 410,Unknown,,,
Per position nucleotide content - T position 411,Unknown,,,
Per position nucleotide content - T position 412,Unknown,,,
Per position nucleotide content - T position 413,Unknown,,,
Per position nucleotide content - T position 414,Unknown,,,
Per position nucleotide content - T position 415,Unknown,,,
Per position nucleotide content - T position 416,Unknown,,,
Per position nucleotide content - T position 417,Unknown,,,
Per position nucleotide content - T position 418,Unknown,,,
Per position nucleotide content - T position 419,Unknown,,,
Per position nucleotide content - T position 420,Unknown,,,
Per position nucleotide content - T position 421,Unknown,,,
Per position nucleotide content - T position 422,Unknown,,,
Per position nucleotide content - T position 423,Unknown,,,
Per position nucleotide content - T position 424,Unknown,,,
Per position nucleotide content - T position 425,Unknown,,,
Per position nucleotide content - T position 426,Unknown,,,
Per position nucleotide content - T position 427,Unknown,,,
Per position nucleotide content - T position 428,Unknown,,,
Per position nucleotide content - T position 429,Unknown,,,
Per position nucleotide content - T position 430,Unknown,,,
Per position nucleotide content - T position 431,Unknown,,,
Per position nucleotide content - T position 432,Unknown,,,
Per position nucleotide content - T position 433,Unknown,,,
Per position nucleotide content - T position 434,Unknown,,,
Per position nucleotide content - T position 435,Unknown,,,
Per position nucleotide content - T position 436,Unknown,,,
Per position nucleotide content - T position 437,Unknown,,,
Per position nucleotide content - T position 438,Unknown,,,
Per position nucleotide content - T position 439,Unknown,,,
Per position nucleotide content - T position 440,Unknown,,,
Per position nucleotide content - T position 441,Unknown,,,
Per position nucleotide content - T position 442,Unknown,,,
Per position nucleotide content - T position 443,Unknown,,,
Per position nucleotide content - T position 444,Unknown,,,
Per position nucleotide content - T position 445,Unknown,,,
Per position nucleotide content - T position 446,Unknown,,,
Per position nucleotide content - T position 447,Unknown,,,
Per position nucleotide content - T position 448,Unknown,,,
Per position nucleotide content - T position 449,Unknown,,,
Per position nucleotide content - T position 450,Unknown,,,
Per position nucleotide content - T position 451,Unknown,,,
Per position nucleotide content - T position 452,Unknown,,,
Per position nucleotide content - T position 453,Unknown,,,
Per position nucleotide content - T position 454,Unknown,,,
Per position nucleotide content - T position 455,Unknown,,,
Per position nucleotide content - T position 456,Unknown,,,
Per position nucleotide content - T position 457,Unknown,,,
Per position nucleotide content - T position 458,Unknown,,,
Per position nucleotide content - T position 459,Unknown,,,
Per position nucleotide content - T position 460,Unknown,,,
Per position nucleotide content - T position 461,Unknown,,,
Per position nucleotide content - T position 462,Unknown,,,
Per position nucleotide content - T position 463,Unknown,,,
Per position nucleotide content - T position 464,Unknown,,,
Per position nucleotide content - T position 465,Unknown,,,
Per position nucleotide content - T position 466,Unknown,,,
Per position nucleotide content - T position 467,Unknown,,,
Per position nucleotide content - T position 468,Unknown,,,
Per position nucleotide content - T position 469,Unknown,,,
Per position nucleotide content - T position 470,Unknown,,,
Per position nucleotide content - T position 471,Unknown,,,
Per position nucleotide content - T position 472,Unknown,,,
Per position nucleotide content - T position 473,Unknown,,,
Per position nucleotide content - T position 474,Unknown,,,
Per position nucleotide content - T position 475,Unknown,,,
Per position nucleotide content - T position 476,Unknown,,,
Per position nucleotide content - T position 477,Unknown,,,
Per position nucleotide content - T position 478,Unknown,,,
Per position nucleotide content - T position 479,Unknown,,,
Per position nucleotide content - T position 480,Unknown,,,
Per position nucleotide content - T position 481,Unknown,,,
Per position nucleotide content - T position 482,Unknown,,,
Per position nucleotide content - T position 483,Unknown,,,
Per position nucleotide content - T,Warning,0.6305555555555555,0.7328168444875525,0.6305555555555555
Per position reversed nucleotide content - A position 1,Warning,0.6088888888888888,0.7231752608962554,0.6088888888888889
Per position reversed nucleotide content - A position 2,Pass,0.5572222222222222,0.6340153349475383,0.5572222222222222
Per position reversed nucleotide content - A position 3,Pass,0.5544444444444444,0.6304579579579579,0.5544444444444444
Per position reversed nucleotide content - A position 4,Pass,0.5255555555555556,0.5937958773252892,0.5255555555555556
Per position reversed nucleotide content - A position 5,Pass,0.5400890868596883,0.6149640925412481,0.5400890868596881
Per position reversed nucleotide content - A position 6,Pass,0.5361915367483296,0.6093775641777048,0.5361915367483296
Per position reversed nucleotide content - A position 7,Pass,0.52728285077951,0.6011912932206316,0.52728285077951
Per position reversed nucleotide content - A position 8,Pass,0.5139198218262806,0.5847821618471518,0.5139198218262806
Per position reversed nucleotide content - A position 9,Pass,0.522271714922049,0.5939884625214502,0.522271714922049
Per position reversed nucleotide content - A position 10,Pass,0.5239687848383501,0.593375886214761,0.5239687848383501
Per position reversed nucleotide content - A position 11,Pass,0.5362318840579711,0.6108661869531435,0.5362318840579711
Per position reversed nucleotide content - A position 12,Pass,0.5190156599552573,0.5867583298687415,0.5190156599552572
Per position reversed nucleotide content - A position 13,Pass,0.5269058295964125,0.5959732153678341,0.5269058295964125
Per position reversed nucleotide content - A position 14,Pass,0.5443322109988777,0.6185992243475975,0.5443322109988776
Per position reversed nucleotide content - A position 15,Pass,0.5235690235690236,0.5951073232323232,0.5235690235690236
Per position reversed nucleotide content - A position 16,Pass,0.5325842696629214,0.6085471953832029,0.5325842696629214
Per position reversed nucleotide content - A position 17,Pass,0.5405405405405406,0.6155843343343342,0.5405405405405406
Per position reversed nucleotide content - A position 18,Pass,0.5428893905191874,0.6192641083521444,0.5428893905191874
Per position reversed nucleotide content - A position 19,Pass,0.5135440180586908,0.584761827981757,0.5135440180586908
Per position reversed nucleotide content - A position 20,Pass,0.5226244343891403,0.5971737271528841,0.5226244343891403
Per position reversed nucleotide content - A position 21,Pass,0.5356334841628959,0.6090899524552055,0.5356334841628959
Per position reversed nucleotide content - A position 22,Pass,0.5277777777777778,0.6027721649715992,0.5277777777777778
Per position reversed nucleotide content - A position 23,Pass,0.5210227272727272,0.5942550505050505,0.5210227272727272
Per position reversed nucleotide content - A position 24,Pass,0.5273037542662117,0.6006299245775923,0.5273037542662116
Per position reversed nucleotide content - A position 25,Pass,0.5250284414106939,0.5997548621268757,0.5250284414106939
Per position reversed nucleotide content - A position 26,Pass,0.5199089874857794,0.6879609370904505,0.5199089874857793
Per position reversed nucleotide content - A position 27,Pass,0.515358361774744,0.6780511513371064,0.515358361774744
Per position reversed nucleotide content - A position 28,Pass,0.5170842824601367,0.6827359325288503,0.5170842824601367
Per position reversed nucleotide content - A position 29,Pass,0.5085421412300684,0.6770818196058301,0.5085421412300684
Per position reversed nucleotide content - A position 30,Pass,0.501138952164009,0.6735325905438824,0.5011389521640092
Per position reversed nucleotide content - A position 31,Pass,0.5153933865450399,0.6858926397221432,0.5153933865450399
Per position reversed nucleotide content - A position 32,Pass,0.5045662100456622,0.577567144860317,0.5045662100456622
Per position reversed nucleotide content - A position 33,Pass,0.5188571428571429,0.5874355400696865,0.5188571428571429
Per position reversed nucleotide content - A position 34,Pass,0.5017142857142858,0.5737767679636467,0.5017142857142857
Per position reversed nucleotide content - A position 35,Pass,0.5028571428571428,0.6855426795426794,0.5028571428571429
Per position reversed nucleotide content - A position 36,Pass,0.5062929061784897,0.5800383552687556,0.5062929061784897
Per position reversed nucleotide content - A position 37,Pass,0.5366552119129439,0.6110787598192162,0.5366552119129439
Per position reversed nucleotide content - A position 38,Pass,0.5068807339449541,0.6838717022957729,0.5068807339449541
Per position reversed nucleotide content - A position 39,Pass,0.5149253731343284,0.5838778515449508,0.5149253731343284
Per position reversed nucleotide content - A position 40,Pass,0.5080367393800229,0.5781871890547264,0.5080367393800229
Per position reversed nucleotide content - A position 41,Pass,0.5028702640642939,0.572622434887198,0.5028702640642939
Per position reversed nucleotide content - A position 42,Pass,0.5321469575200919,0.607445094626125,0.5321469575200919
Per position reversed nucleotide content - A position 43,Pass,0.5109070034443168,0.581386067894029,0.5109070034443168
Per position reversed nucleotide content - A position 44,Pass,0.5068965517241378,0.5766784494781898,0.506896551724138
Per position reversed nucleotide content - A position 45,Pass,0.5230149597238205,0.5948343117941916,0.5230149597238205
Per position reversed nucleotide content - A position 46,Pass,0.5069044879171462,0.5744158703157053,0.5069044879171462
Per position reversed nucleotide content - A position 47,Pass,0.5190092165898618,0.5924831278451314,0.5190092165898618
Per position reversed nucleotide content - A position 48,Pass,0.5149942329873125,0.590979635097282,0.5149942329873126
Per position reversed nucleotide content - A position 49,Pass,0.5138568129330254,0.5871545109141026,0.5138568129330254
Per position reversed nucleotide content - A position 50,Pass,0.5219399538106235,0.5999106714889537,0.5219399538106235
Per position reversed nucleotide content - A position 51,Pass,0.5184971098265896,0.590655105973025,0.5184971098265896
Per position reversed nucleotide content - A position 52,Pass,0.5179398148148148,0.5886439001903403,0.5179398148148148
Per position reversed nucleotide content - A position 53,Pass,0.5075231481481481,0.579798310607768,0.5075231481481481
Per position reversed nucleotide content - A position 54,Pass,0.5318655851680185,0.6062224315410875,0.5318655851680185
Per position reversed nucleotide content - A position 55,Pass,0.5069605568445477,0.5728820467799587,0.5069605568445475
Per position reversed nucleotide content - A position 56,Pass,0.5069605568445475,0.5760158248557321,0.5069605568445475
Per position reversed nucleotide content - A position 57,Pass,0.5058072009291521,0.6814816604236889,0.5058072009291521
Per position reversed nucleotide content - A position 58,Pass,0.5116414435389989,0.5829282370762928,0.5116414435389989
Per position reversed nucleotide content - A position 59,Pass,0.5081585081585082,0.5740967365967365,0.5081585081585082
Per position reversed nucleotide content - A position 60,Pass,0.5238927738927739,0.5967537725432462,0.5238927738927739
Per position reversed nucleotide content - A position 61,Pass,0.5244755244755246,0.5965415128505258,0.5244755244755245
Per position reversed nucleotide content - A position 62,Pass,0.5186480186480187,0.5921510183805266,0.5186480186480187
Per position reversed nucleotide content - A position 63,Pass,0.5034965034965034,0.5675587853007208,0.5034965034965035
Per position reversed nucleotide content - A position 64,Pass,0.5268065268065268,0.60155796584368,0.5268065268065268
Per position reversed nucleotide content - A position 65,Pass,0.5157526254375729,0.5862780893589792,0.5157526254375729
Per position reversed nucleotide content - A position 66,Pass,0.5175029171528588,0.5925365050881654,0.5175029171528588
Per position reversed nucleotide content - A position 67,Pass,0.5250875145857643,0.5972139621836614,0.5250875145857643
Per position reversed nucleotide content - A position 68,Pass,0.5180863477246208,0.5914680167433792,0.5180863477246208
Per position reversed nucleotide content - A position 69,Pass,0.5011668611435239,0.568186218809394,0.5011668611435239
Per position reversed nucleotide content - A position 70,Pass,0.5320886814469078,0.6042917722059369,0.5320886814469078
Per position reversed nucleotide content - A position 71,Pass,0.5005834305717619,0.5742990168328386,0.5005834305717619
Per position reversed nucleotide content - A position 72,Pass,0.5280046674445741,0.6020128354725788,0.5280046674445741
Per position reversed nucleotide content - A position 73,Pass,0.5105017502917153,0.5792535655505903,0.5105017502917153
Per position reversed nucleotide content - A position 74,Pass,0.5040840140023337,0.5798143178601979,0.5040840140023337
Per position reversed nucleotide content - A position 75,Pass,0.5175233644859814,0.5889714655000994,0.5175233644859814
Per position reversed nucleotide content - A position 76,Pass,0.5128504672897196,0.5850089192228642,0.5128504672897196
Per position reversed nucleotide content - A position 77,Pass,0.5257009345794392,0.5976997107254117,0.5257009345794392
Per position reversed nucleotide content - A position 78,Pass,0.5151869158878505,0.5848697098314493,0.5151869158878505
Per position reversed nucleotide content - A position 79,Pass,0.5046728971962617,0.5751537265866343,0.5046728971962616
Per position reversed nucleotide content - A position 80,Pass,0.5157894736842106,0.5848497815121692,0.5157894736842106
Per position reversed nucleotide content - A position 81,Pass,0.5222222222222223,0.5934591914569031,0.5222222222222223
Per position reversed nucleotide content - A position 82,Pass,0.5356725146198831,0.6101556970983721,0.5356725146198831
Per position reversed nucleotide content - A position 83,Pass,0.5157894736842105,0.5901896760681046,0.5157894736842106
Per position reversed nucleotide content - A position 84,Pass,0.519298245614035,0.5901181007471681,0.519298245614035
Per position reversed nucleotide content - A position 85,Pass,0.5128805620608898,0.5861659417865508,0.5128805620608899
Per position reversed nucleotide content - A position 86,Pass,0.525175644028103,0.5965186452891371,0.525175644028103
Per position reversed nucleotide content - A position 87,Pass,0.5351288056206089,0.6084216689264145,0.5351288056206089
Per position reversed nucleotide content - A position 88,Pass,0.514654161781946,0.5836119032084491,0.5146541617819461
Per position reversed nucleotide content - A position 89,Pass,0.5240610328638498,0.5962800999545661,0.5240610328638498
Per position reversed nucleotide content - A position 90,Pass,0.5105757931844888,0.5777485630426806,0.5105757931844889
Per position reversed nucleotide content - A position 91,Pass,0.5194117647058822,0.5901113399407902,0.5194117647058824
Per position reversed nucleotide content - A position 92,Pass,0.5135294117647059,0.5819811817344387,0.5135294117647059
Per position reversed nucleotide content - A position 93,Pass,0.5017647058823529,0.5710109118274176,0.5017647058823529
Per position reversed nucleotide content - A position 94,Pass,0.5017647058823529,0.5684276770575193,0.5017647058823529
Per position reversed nucleotide content - A position 95,Pass,0.5041176470588234,0.5745665634674922,0.5041176470588236
Per position reversed nucleotide content - A position 96,Pass,0.5200235571260307,0.5951700767506364,0.5200235571260307
Per position reversed nucleotide content - A position 97,Pass,0.5041322314049587,0.5764977975170247,0.5041322314049587
Per position reversed nucleotide content - A position 98,Pass,0.5194805194805195,0.593456590270086,0.5194805194805194
Per position reversed nucleotide content - A position 99,Pass,0.5041371158392435,0.5746217743991124,0.5041371158392435
Per position reversed nucleotide content - A position 100,Pass,0.5254739336492891,0.6009817714114728,0.5254739336492891
Per position reversed nucleotide content - A position 101,Pass,0.5029691211401426,0.6850976564378238,0.5029691211401425
Per position reversed nucleotide content - A position 102,Pass,0.5100950118764845,0.5801810841864996,0.5100950118764845
Per position reversed nucleotide content - A position 103,Pass,0.5077473182359953,0.57954770717019,0.5077473182359953
Per position reversed nucleotide content - A position 104,Pass,0.5035799522673031,0.6820313705933341,0.5035799522673031
Per position reversed nucleotide content - A position 105,Pass,0.5005973715651135,0.6776299698344974,0.5005973715651135
Per position reversed nucleotide content - A position 106,Pass,0.5011961722488039,0.5728163600328322,0.5011961722488039
Per position reversed nucleotide content - A position 107,Pass,0.5023980815347722,0.5714280104300838,0.5023980815347722
Per position reversed nucleotide content - A position 108,Pass,0.524609843937575,0.6011392435762183,0.524609843937575
Per position reversed nucleotide content - A position 109,Pass,0.5342960288808664,0.6105523740902803,0.5342960288808665
Per position reversed nucleotide content - A position 110,Pass,0.5150421179302046,0.5864204085163949,0.5150421179302046
Per position reversed nucleotide content - A position 111,Pass,0.5234657039711191,0.5967800163037149,0.5234657039711191
Per position reversed nucleotide content - A position 112,Pass,0.5312876052948254,0.6050990809200258,0.5312876052948255
Per position reversed nucleotide content - A position 113,Pass,0.5330926594464501,0.6092120306921751,0.53309265944645
Per position reversed nucleotide content - A position 114,Pass,0.5126658624849216,0.583061056566996,0.5126658624849216
Per position reversed nucleotide content - A position 115,Pass,0.5072463768115942,0.577777777777778,0.5072463768115942
Per position reversed nucleotide content - A position 116,Pass,0.5169286577992744,0.5901656847359078,0.5169286577992744
Per position reversed nucleotide content - A position 117,Pass,0.5066585956416465,0.5743635105097983,0.5066585956416465
Per position reversed nucleotide content - A position 118,Pass,0.5133982947624848,0.5868656970622845,0.5133982947624848
Per position reversed nucleotide content - A position 119,Pass,0.5024390243902439,0.6795147009689275,0.5024390243902439
Per position reversed nucleotide content - A position 120,Pass,0.5085470085470085,0.5837899577653676,0.5085470085470085
Per position reversed nucleotide content - A position 121,Pass,0.5251533742331288,0.6005045461030625,0.5251533742331288
Per position reversed nucleotide content - A position 122,Pass,0.5110565110565111,0.6862785862785863,0.5110565110565111
Per position reversed nucleotide content - A position 123,Pass,0.523370233702337,0.5980974232819251,0.523370233702337
Per position reversed nucleotide content - A position 124,Pass,0.5018518518518519,0.6818133177299132,0.5018518518518519
Per position reversed nucleotide content - A position 125,Pass,0.5061881188118811,0.6837690534517369,0.5061881188118812
Per position reversed nucleotide content - A position 126,Pass,0.5111801242236025,0.5837383709891779,0.5111801242236025
Per position reversed nucleotide content - A position 127,Pass,0.5211970074812967,0.5912144992967817,0.5211970074812967
Per position reversed nucleotide content - A position 128,Pass,0.5031249999999999,0.6817110121633363,0.503125
Per position reversed nucleotide content - A position 129,Pass,0.5018773466833542,0.678384112090687,0.5018773466833542
Per position reversed nucleotide content - A position 130,Pass,0.5113065326633166,0.5843030944194658,0.5113065326633166
Per position reversed nucleotide content - A position 131,Pass,0.5175879396984924,0.5918505571334935,0.5175879396984925
Per position reversed nucleotide content - A position 132,Pass,0.5081761006289308,0.5765149833518313,0.5081761006289308
Per position reversed nucleotide content - A position 133,Pass,0.5347222222222222,0.610169062563272,0.5347222222222222
Per position reversed nucleotide content - A position 134,Pass,0.5069708491761724,0.6786700994256862,0.5069708491761724
Per position reversed nucleotide content - A position 135,Pass,0.5278833967046894,0.6041885188584416,0.5278833967046895
Per position reversed nucleotide content - A position 136,Pass,0.5133248730964467,0.6904749566697685,0.5133248730964467
Per position reversed nucleotide content - A position 137,Pass,0.5012755102040817,0.5687868749395493,0.5012755102040817
Per position reversed nucleotide content - A position 138,Pass,0.5153061224489796,0.5871033046246021,0.5153061224489796
Per position reversed nucleotide content - A position 139,Pass,0.5051085568326947,0.5742769840417279,0.5051085568326947
Per position reversed nucleotide content - A position 140,Pass,0.5160256410256411,0.5875780831697305,0.5160256410256411
Per position reversed nucleotide content - A position 141,Pass,0.5089858793324775,0.5836677457163588,0.5089858793324775
Per position reversed nucleotide content - A position 142,Pass,0.5090439276485789,0.5824249031007751,0.5090439276485789
Per position reversed nucleotide content - A position 143,Pass,0.5109819121447028,0.6907403066805262,0.5109819121447028
Per position reversed nucleotide content - A position 144,Pass,0.5148771021992238,0.5880708902793544,0.5148771021992238
Per position reversed nucleotide content - A position 145,Pass,0.5065274151436031,0.5776155200680065,0.5065274151436031
Per position reversed nucleotide content - A position 146,Pass,0.5104712041884817,0.5848448017950636,0.5104712041884817
Per position reversed nucleotide content - A position 147,Pass,0.5039318479685453,0.5715008480456403,0.5039318479685452
Per position reversed nucleotide content - A position 148,Pass,0.5118421052631579,0.5852739726027396,0.5118421052631579
Per position reversed nucleotide content - A position 149,Pass,0.5065963060686016,0.575959491670172,0.5065963060686016
Per position reversed nucleotide content - A position 150,Pass,0.5092470277410832,0.5814552548308808,0.5092470277410832
Per position reversed nucleotide content - A position 151,Pass,0.5158940397350994,0.5867485372596926,0.5158940397350993
Per position reversed nucleotide content - A position 152,Pass,0.5245683930942895,0.5986879958697607,0.5245683930942895
Per position reversed nucleotide content - A position 153,Pass,0.5066489361702128,0.5807890873206893,0.5066489361702128
Per position reversed nucleotide content - A position 154,Pass,0.5274064171122994,0.5994247336204942,0.5274064171122995
Per position reversed nucleotide content - A position 155,Pass,0.5161943319838057,0.5899954382163426,0.5161943319838057
Per position reversed nucleotide content - A position 156,Pass,0.5162162162162162,0.5866216216216217,0.5162162162162162
Per position reversed nucleotide content - A position 157,Pass,0.5094594594594595,0.6913574938574939,0.5094594594594595
Per position reversed nucleotide content - A position 158,Pass,0.5,0.566146540027137,0.5
Per position reversed nucleotide content - A position 159,Pass,0.5040871934604905,0.5764427857484149,0.5040871934604905
Per position reversed nucleotide content - A position 160,Pass,0.5328317373461012,0.6079868752354329,0.5328317373461012
Per position reversed nucleotide content - A position 161,Pass,0.5020576131687242,0.6841734128866621,0.5020576131687243
Per position reversed nucleotide content - A position 162,Pass,0.5055020632737277,0.5751513067400276,0.5055020632737276
Per position reversed nucleotide content - A position 163,Pass,0.5220689655172414,0.5942384335470455,0.5220689655172414
Per position reversed nucleotide content - A position 164,Pass,0.531767955801105,0.6065702524103564,0.5317679558011049
Per position reversed nucleotide content - A position 165,Pass,0.5069252077562327,0.5788122424160529,0.5069252077562327
Per position reversed nucleotide content - A position 166,Pass,0.5188284518828452,0.5880836820083682,0.5188284518828452
Per position reversed nucleotide content - A position 167,Pass,0.5281293952180028,0.6037373861510521,0.5281293952180028
Per position reversed nucleotide content - A position 168,Pass,0.510593220338983,0.5809677864435827,0.510593220338983
Per position reversed nucleotide content - A position 169,Pass,0.5091937765205092,0.6873875434190649,0.5091937765205092
Per position reversed nucleotide content - A position 170,Pass,0.5462962962962964,0.6242955476532119,0.5462962962962963
Per position reversed nucleotide content - A position 171,Pass,0.5207439198855508,0.5949753655917431,0.5207439198855508
Per position reversed nucleotide content - A position 172,Pass,0.5381294964028777,0.6121414932397247,0.5381294964028777
Per position reversed nucleotide content - A position 173,Pass,0.5014450867052023,0.5742206597072441,0.5014450867052023
Per position reversed nucleotide content - A position 174,Pass,0.5014598540145985,0.6807990701944004,0.5014598540145986
Per position reversed nucleotide content - A position 175,Pass,0.5102489019033675,0.5858112278586397,0.5102489019033675
Per position reversed nucleotide content - A position 176,Pass,0.5176991150442478,0.5905593136573538,0.5176991150442478
Per position reversed nucleotide content - A position 177,Pass,0.5066469719350074,0.6825335785500544,0.5066469719350074
Per position reversed nucleotide content - A position 178,Pass,0.521513353115727,0.5953389994654106,0.521513353115727
Per position reversed nucleotide content - A position 179,Pass,0.5014992503748126,0.5695971075235864,0.5014992503748126
Per position reversed nucleotide content - A position 180,Pass,0.5292792792792793,0.6011939701741401,0.5292792792792793
Per position reversed nucleotide content - A position 181,Pass,0.5022556390977444,0.5686781055202108,0.5022556390977444
Per position reversed nucleotide content - A position 182,Pass,0.5136157337367625,0.5846016691326827,0.5136157337367625
Per position reversed nucleotide content - A position 183,Pass,0.5022761760242791,0.5722256908121875,0.5022761760242792
Per position reversed nucleotide content - A position 184,Pass,0.5167427701674278,0.5906537653112995,0.5167427701674278
Per position reversed nucleotide content - A position 185,Pass,0.5076103500761034,0.5793992733343154,0.5076103500761036
Per position reversed nucleotide content - A position 186,Pass,0.5192604006163328,0.5937082691319979,0.5192604006163328
Per position reversed nucleotide content - A position 187,Pass,0.5131375579598145,0.581942447988248,0.5131375579598145
Per position reversed nucleotide content - A position 188,Pass,0.5232919254658385,0.5943954932832586,0.5232919254658385
Per position reversed nucleotide content - A position 189,Pass,0.5023400936037442,0.5707917428444989,0.5023400936037441
Per position reversed nucleotide content - A position 190,Pass,0.5039001560062402,0.6796122669989308,0.5039001560062403
Per position reversed nucleotide content - A position 191,Pass,0.5257410296411856,0.5961476296889714,0.5257410296411856
Per position reversed nucleotide content - A position 192,Pass,0.5140625,0.583157169117647,0.5140625
Per position reversed nucleotide content - A position 193,Pass,0.5164319248826291,0.5946682910401934,0.5164319248826291
Per position reversed nucleotide content - A position 194,Pass,0.5047021943573667,0.5762439598884637,0.5047021943573667
Per position reversed nucleotide content - A position 195,Pass,0.5228706624605678,0.5961323143910783,0.5228706624605678
Per position reversed nucleotide content - A position 196,Pass,0.5086887835703001,0.5803729074568216,0.5086887835703001
Per position reversed nucleotide content - A position 197,Pass,0.5079365079365079,0.575036075036075,0.5079365079365079
Per position reversed nucleotide content - A position 198,Pass,0.5096,0.5788757396449704,0.5096
Per position reversed nucleotide content - A position 199,Pass,0.5233118971061094,0.5987505868388652,0.5233118971061094
Per position reversed nucleotide content - A position 200,Pass,0.5048309178743962,0.6788499025341131,0.5048309178743962
Per position reversed nucleotide content - A position 201,Pass,0.510483870967742,0.5788300323561134,0.510483870967742
Per position reversed nucleotide content - A position 202,Pass,0.5120967741935484,0.5889792076666381,0.5120967741935484
Per position reversed nucleotide content - A position 203,Pass,0.5266129032258065,0.60340611067401,0.5266129032258065
Per position reversed nucleotide content - A position 204,Pass,0.5089141004862237,0.5884757116150666,0.5089141004862237
Per position reversed nucleotide content - A position 205,Pass,0.5211038961038961,0.5985485103132162,0.5211038961038961
Per position reversed nucleotide content - A position 206,Pass,0.5203252032520326,0.5948414061605405,0.5203252032520326
Per position reversed nucleotide content - A position 207,Pass,0.5106035889070147,0.5799655500411527,0.5106035889070146
Per position reversed nucleotide content - A position 208,Pass,0.5148026315789473,0.5878413066626104,0.5148026315789473
Per position reversed nucleotide content - A position 209,Pass,0.5181518151815181,0.5921247297143507,0.5181518151815182
Per position reversed nucleotide content - A position 210,Pass,0.5306291390728477,0.6045986952653949,0.5306291390728477
Per position reversed nucleotide content - A position 211,Pass,0.5075000000000001,0.6814001766784452,0.5075
Per position reversed nucleotide content - A position 212,Pass,0.5411764705882353,0.6168409962172179,0.5411764705882353
Per position reversed nucleotide content - A position 213,Pass,0.5050675675675675,0.5790569664492078,0.5050675675675675
Per position reversed nucleotide content - A position 214,Pass,0.5136054421768708,0.5885164759545437,0.5136054421768708
Per position reversed nucleotide content - A position 215,Pass,0.5222222222222223,0.5939445250766004,0.5222222222222223
Per position reversed nucleotide content - A position 216,Pass,0.5230769230769231,0.596283227475888,0.5230769230769231
Per position reversed nucleotide content - A position 217,Pass,0.5266781411359724,0.6012968576940476,0.5266781411359724
Per position reversed nucleotide content - A position 218,Pass,0.5077989601386482,0.5800624759657173,0.5077989601386482
Per position reversed nucleotide content - A position 219,Pass,0.5173611111111112,0.5931789108187133,0.5173611111111112
Per position reversed nucleotide content - A position 220,Pass,0.5026041666666666,0.5755895004145937,0.5026041666666666
Per position reversed nucleotide content - A position 221,Pass,0.5245183887915937,0.6008326511155556,0.5245183887915937
Per position reversed nucleotide content - A position 222,Pass,0.5105263157894736,0.689983461039233,0.5105263157894737
Per position reversed nucleotide content - A position 223,Pass,0.5237676056338029,0.5988617877477632,0.5237676056338029
Per position reversed nucleotide content - A position 224,Pass,0.5299823633156966,0.6068672839506173,0.5299823633156967
Per position reversed nucleotide content - A position 225,Pass,0.5168141592920353,0.598713336690889,0.5168141592920354
Per position reversed nucleotide content - A position 226,Pass,0.5257548845470693,0.59623603440855,0.5257548845470693
Per position reversed nucleotide content - A position 227,Pass,0.5124555160142349,0.5867383473656801,0.5124555160142349
Per position reversed nucleotide content - A position 228,Pass,0.536607142857143,0.6076350732600733,0.5366071428571428
Per position reversed nucleotide content - A position 229,Pass,0.5143112701252236,0.5883743015525962,0.5143112701252236
Per position reversed nucleotide content - A position 230,Pass,0.5260323159784561,0.5984336764017515,0.526032315978456
Per position reversed nucleotide content - A position 231,Pass,0.5081521739130435,0.5748687067616017,0.5081521739130435
Per position reversed nucleotide content - A position 232,Pass,0.5027372262773722,0.6825151186016329,0.5027372262773723
Per position reversed nucleotide content - A position 233,Pass,0.5036697247706422,0.5708794685226194,0.5036697247706422
Per position reversed nucleotide content - A position 234,Pass,0.5378228782287823,0.6170353933269062,0.5378228782287823
Per position reversed nucleotide content - A position 235,Pass,0.5055970149253731,0.5733417701701283,0.5055970149253731
Per position reversed nucleotide content - A position 236,Pass,0.5132075471698113,0.5861177058603024,0.5132075471698113
Per position reversed nucleotide content - A position 237,Pass,0.5207939508506616,0.6897529930686831,0.5207939508506616
Per position reversed nucleotide content - A position 238,Pass,0.506641366223909,0.6816533366436716,0.5066413662239089
Per position reversed nucleotide content - A position 239,Pass,0.5066539923954373,0.6805872554488279,0.5066539923954373
Per position reversed nucleotide content - A position 240,Pass,0.5038095238095238,0.5743537414965987,0.5038095238095238
Per position reversed nucleotide content - A position 241,Pass,0.5173076923076924,0.5891826923076923,0.5173076923076924
Per position reversed nucleotide content - A position 242,Pass,0.5221153846153845,0.5925437062937063,0.5221153846153846
Per position reversed nucleotide content - A position 243,Pass,0.5038535645472062,0.575632713638494,0.5038535645472062
Per position reversed nucleotide content - A position 244,Pass,0.502895752895753,0.6810287262844462,0.502895752895753
Per position reversed nucleotide content - A position 245,Pass,0.5155945419103314,0.586025916109218,0.5155945419103314
Per position reversed nucleotide content - A position 246,Pass,0.5078740157480315,0.5806682127062884,0.5078740157480315
Per position reversed nucleotide content - A position 247,Pass,0.5078895463510847,0.5794782140935987,0.5078895463510849
Per position reversed nucleotide content - A position 248,Pass,0.5009940357852882,0.6832427205474634,0.5009940357852882
Per position reversed nucleotide content - A position 249,Pass,0.5140562248995985,0.5934758140843629,0.5140562248995983
Per position reversed nucleotide content - A position 250,Pass,0.5110663983903421,0.5849682872320427,0.5110663983903421
Per position reversed nucleotide content - A position 251,Pass,0.5161943319838057,0.5899954382163426,0.5161943319838057
Per position reversed nucleotide content - A position 252,Pass,0.5030487804878048,0.6864991165386206,0.5030487804878049
Per position reversed nucleotide content - A position 253,Pass,0.516359918200409,0.5817351480469488,0.516359918200409
Per position reversed nucleotide content - A position 254,Pass,0.5082474226804123,0.5781373536935122,0.5082474226804123
Per position reversed nucleotide content - A position 255,Pass,0.5134575569358178,0.5880886538053538,0.5134575569358178
Per position reversed nucleotide content - A position 256,Pass,0.5093945720250521,0.6910559974630691,0.5093945720250522
Per position reversed nucleotide content - A position 257,Pass,0.5210970464135021,0.6006392829836038,0.5210970464135021
Per position reversed nucleotide content - A position 258,Pass,0.5287234042553192,0.6045125087678279,0.5287234042553192
Per position reversed nucleotide content - A position 259,Pass,0.5031982942430704,0.5773344468990786,0.5031982942430704
Per position reversed nucleotide content - A position 260,Pass,0.5085653104925053,0.5905830569201271,0.5085653104925053
Per position reversed nucleotide content - A position 261,Pass,0.5418454935622318,0.6173368848215628,0.5418454935622318
Per position reversed nucleotide content - A position 262,Pass,0.5021645021645021,0.6836422726630442,0.5021645021645021
Per position reversed nucleotide content - A position 263,Pass,0.5141304347826088,0.5905371998116464,0.5141304347826087
Per position reversed nucleotide content - A position 264,Pass,0.5174291938997821,0.5940134507909445,0.5174291938997821
Per position reversed nucleotide content - A position 265,Pass,0.5021834061135371,0.5697181098448538,0.5021834061135371
Per position reversed nucleotide content - A position 266,Pass,0.5010917030567685,0.6777869547372175,0.5010917030567685
Per position reversed nucleotide content - A position 267,Pass,0.5198237885462554,0.5934330498924292,0.5198237885462555
Per position reversed nucleotide content - A position 268,Pass,0.5033112582781457,0.5714938955714736,0.5033112582781457
Per position reversed nucleotide content - A position 269,Pass,0.5199556541019956,0.5910590309330813,0.5199556541019955
Per position reversed nucleotide content - A position 270,Pass,0.5144766146993318,0.5833121893001796,0.5144766146993318
Per position reversed nucleotide content - A position 271,Pass,0.5078125,0.5860715085765488,0.5078125
Per position reversed nucleotide content - A position 272,Pass,0.5179372197309418,0.5940734684244243,0.5179372197309418
Per position reversed nucleotide content - A position 273,Pass,0.5112866817155757,0.5843346190078385,0.5112866817155757
Per position reversed nucleotide content - A position 274,Pass,0.5034246575342466,0.581514376034924,0.5034246575342466
Per position reversed nucleotide content - A position 275,Pass,0.5160919540229886,0.5871196754563894,0.5160919540229885
Per position reversed nucleotide content - A position 276,Pass,0.5103448275862069,0.587737311119721,0.5103448275862069
Per position reversed nucleotide content - A position 277,Pass,0.5069605568445475,0.5834514089371425,0.5069605568445475
Per position reversed nucleotide content - A position 278,Pass,0.5023201856148491,0.6829332928103896,0.5023201856148491
Per position reversed nucleotide content - A position 279,Pass,0.5023255813953488,0.6781479498164015,0.5023255813953489
Per position reversed nucleotide content - A position 280,Pass,0.5220930232558139,0.5940499752597724,0.522093023255814
Per position reversed nucleotide content - A position 281,Pass,0.506993006993007,0.6744799150621068,0.506993006993007
Per position reversed nucleotide content - A position 282,Pass,0.505868544600939,0.5773698205832505,0.505868544600939
Per position reversed nucleotide content - A position 283,Pass,0.5412735849056604,0.6185618936674051,0.5412735849056604
Per position reversed nucleotide content - A position 284,Pass,0.5165876777251185,0.5856709790359079,0.5165876777251185
Per position reversed nucleotide content - A position 285,Pass,0.5390995260663507,0.614786429899814,0.5390995260663507
Per position reversed nucleotide content - A position 286,Pass,0.5119047619047619,0.5899725274725275,0.5119047619047619
Per position reversed nucleotide content - A position 287,Pass,0.5298329355608592,0.6023601166799257,0.5298329355608592
Per position reversed nucleotide content - A position 288,Pass,0.5143198090692125,0.5837985850664849,0.5143198090692124
Per position reversed nucleotide content - A position 289,Pass,0.5024038461538461,0.5777211538461539,0.5024038461538461
Per position reversed nucleotide content - A position 290,Pass,0.5411622276029056,0.6163031134157578,0.5411622276029056
Per position reversed nucleotide content - A position 291,Pass,0.5073349633251834,0.6834888223169805,0.5073349633251834
Per position reversed nucleotide content - A position 292,Pass,0.5024509803921569,0.5714723389355741,0.5024509803921569
Per position reversed nucleotide content - A position 293,Pass,0.5235732009925558,0.5976654350016795,0.5235732009925558
Per position reversed nucleotide content - A position 294,Pass,0.5124688279301746,0.5799743429886822,0.5124688279301746
Per position reversed nucleotide content - A position 295,Pass,0.5062814070351759,0.6775116541114251,0.5062814070351759
Per position reversed nucleotide content - A position 296,Pass,0.5138888888888888,0.5856757621463503,0.5138888888888888
Per position reversed nucleotide content - A position 297,Pass,0.520253164556962,0.5947590495225406,0.520253164556962
Per position reversed nucleotide content - A position 298,Pass,0.5051020408163266,0.6803699897225077,0.5051020408163265
Per position reversed nucleotide content - A position 299,Pass,0.5243589743589744,0.5997712639783125,0.5243589743589744
Per position reversed nucleotide content - A position 300,Pass,0.5322997416020673,0.6054857015689329,0.5322997416020672
Per position reversed nucleotide content - A position 301,Pass,0.5328947368421053,0.6116924553873955,0.5328947368421053
Per position reversed nucleotide content - A position 302,Pass,0.5171052631578948,0.5865638910709611,0.5171052631578947
Per position reversed nucleotide content - A position 303,Pass,0.504,0.5742551834130782,0.504
Per position reversed nucleotide content - A position 304,Pass,0.5106951871657754,0.6835864191302593,0.5106951871657754
Per position reversed nucleotide content - A position 305,Pass,0.5256064690026954,0.5986424298205246,0.5256064690026954
Per position reversed nucleotide content - A position 306,Pass,0.5257452574525745,0.5972824068342205,0.5257452574525745
Per position reversed nucleotide content - A position 307,Pass,0.5136239782016349,0.5920275825804293,0.5136239782016349
Per position reversed nucleotide content - A position 308,Pass,0.5,0.5678670360110802,0.5
Per position reversed nucleotide content - A position 309,Pass,0.5264623955431754,0.5984275549525885,0.5264623955431755
Per position reversed nucleotide content - A position 310,Pass,0.5293296089385474,0.6007005646341828,0.5293296089385475
Per position reversed nucleotide content - A position 311,Pass,0.5070422535211269,0.5774719382283547,0.5070422535211268
Per position reversed nucleotide content - A position 312,Pass,0.5324858757062146,0.609878303478191,0.5324858757062146
Per position reversed nucleotide content - A position 313,Pass,0.5451977401129943,0.6216187296695772,0.5451977401129944
Per position reversed nucleotide content - A position 314,Pass,0.5127840909090908,0.5881803229665071,0.5127840909090909
Per position reversed nucleotide content - A position 315,Pass,0.5157142857142858,0.5935049833887043,0.5157142857142857
Per position reversed nucleotide content - A position 316,Pass,0.5301724137931034,0.6077345597536161,0.5301724137931034
Per position reversed nucleotide content - A position 317,Pass,0.5231884057971015,0.599852258336851,0.5231884057971015
Per position reversed nucleotide content - A position 318,Pass,0.5348837209302326,0.6081900910010111,0.5348837209302325
Per position reversed nucleotide content - A position 319,Pass,0.5058139534883721,0.573081714796831,0.5058139534883721
Per position reversed nucleotide content - A position 320,Pass,0.5174418604651163,0.5858946302586882,0.5174418604651163
Per position reversed nucleotide content - A position 321,Pass,0.5176470588235293,0.6977941176470588,0.5176470588235295
Per position reversed nucleotide content - A position 322,Pass,0.5223214285714285,0.5926150121065374,0.5223214285714286
Per position reversed nucleotide content - A position 323,Pass,0.5015060240963856,0.5750772320049429,0.5015060240963856
Per position reversed nucleotide content - A position 324,Pass,0.5351681957186544,0.6105917844449955,0.5351681957186545
Per position reversed nucleotide content - A position 325,Pass,0.5076687116564418,0.5816978768509298,0.5076687116564417
Per position reversed nucleotide content - A position 326,Pass,0.5292307692307692,0.5995571095571096,0.5292307692307693
Per position reversed nucleotide content - A position 327,Pass,0.5235109717868339,0.5948138371005884,0.5235109717868338
Per position reversed nucleotide content - A position 328,Pass,0.5220125786163522,0.5962747943880019,0.5220125786163522
Per position reversed nucleotide content - A position 329,Pass,0.5427215189873417,0.6181312650910953,0.5427215189873418
Per position reversed nucleotide content - A position 330,Pass,0.5555555555555556,0.6325539397395685,0.5555555555555556
Per position reversed nucleotide content - A position 331,Pass,0.512779552715655,0.5821923018408641,0.512779552715655
Per position reversed nucleotide content - A position 332,Pass,0.5096774193548387,0.58476507713885,0.5096774193548387
Per position reversed nucleotide content - A position 333,Pass,0.5633116883116882,0.6419871296368302,0.5633116883116883
Per position reversed nucleotide content - A position 334,Pass,0.5049668874172185,0.5710022356266081,0.5049668874172185
Per position reversed nucleotide content - A position 335,Pass,0.5166666666666667,0.6867295597484278,0.5166666666666667
Per position reversed nucleotide content - A position 336,Pass,0.5067114093959731,0.5758037119893944,0.5067114093959731
Per position reversed nucleotide content - A position 337,Pass,0.5185810810810811,0.596274451246827,0.518581081081081
Per position reversed nucleotide content - A position 338,Pass,0.5238095238095238,0.5994304698623636,0.5238095238095238
Per position reversed nucleotide content - A position 339,Pass,0.5308219178082192,0.601027397260274,0.5308219178082192
Per position reversed nucleotide content - A position 340,Pass,0.5137457044673539,0.5889474946056102,0.5137457044673539
Per position reversed nucleotide content - A position 341,Pass,0.5017361111111112,0.6898108237547892,0.5017361111111112
Per position reversed nucleotide content - A position 342,Pass,0.5209790209790209,0.5971925133689839,0.5209790209790209
Per position reversed nucleotide content - A position 343,Pass,0.5123239436619718,0.6839415545642934,0.5123239436619719
Per position reversed nucleotide content - A position 344,Pass,0.508833922261484,0.6885244156839372,0.508833922261484
Per position reversed nucleotide content - A position 345,Pass,0.5231316725978647,0.596323412743387,0.5231316725978647
Per position reversed nucleotide content - A position 346,Pass,0.5142857142857143,0.5874999999999999,0.5142857142857142
Per position reversed nucleotide content - A position 347,Pass,0.5214285714285715,0.5968641114982578,0.5214285714285715
Per position reversed nucleotide content - A position 348,Pass,0.510752688172043,0.5798924731182795,0.510752688172043
Per position reversed nucleotide content - A position 349,Pass,0.5291970802919708,0.6035287704995734,0.5291970802919708
Per position reversed nucleotide content - A position 350,Pass,0.5461254612546125,0.6250594254408802,0.5461254612546126
Per position reversed nucleotide content - A position 351,Pass,0.5315985130111525,0.6067740603056588,0.5315985130111525
Per position reversed nucleotide content - A position 352,Pass,0.5132575757575758,0.5832604895104896,0.5132575757575758
Per position reversed nucleotide content - A position 353,Pass,0.5,0.5779467680608366,0.5
Per position reversed nucleotide content - A position 354,Pass,0.5,0.6749999999999999,0.5
Per position reversed nucleotide content - A position 355,Pass,0.5231660231660232,0.5974903474903475,0.5231660231660231
Per position reversed nucleotide content - A position 356,Pass,0.546875,0.6229352678571429,0.546875
Per position reversed nucleotide content - A position 357,Pass,0.5,0.5688976377952757,0.5
Per position reversed nucleotide content - A position 358,Pass,0.5358565737051793,0.6070074540547489,0.5358565737051793
Per position reversed nucleotide content - A position 359,Pass,0.5299999999999999,0.6127272727272727,0.53
Per position reversed nucleotide content - A position 360,Unknown,,,
Per position reversed nucleotide content - A position 361,Unknown,,,
Per position reversed nucleotide content - A position 362,Unknown,,,
Per position reversed nucleotide content - A position 363,Unknown,,,
Per position reversed nucleotide content - A position 364,Unknown,,,
Per position reversed nucleotide content - A position 365,Unknown,,,
Per position reversed nucleotide content - A position 366,Unknown,,,
Per position reversed nucleotide content - A position 367,Unknown,,,
Per position reversed nucleotide content - A position 368,Unknown,,,
Per position reversed nucleotide content - A position 369,Unknown,,,
Per position reversed nucleotide content - A position 370,Unknown,,,
Per position reversed nucleotide content - A position 371,Unknown,,,
Per position reversed nucleotide content - A position 372,Unknown,,,
Per position reversed nucleotide content - A position 373,Unknown,,,
Per position reversed nucleotide content - A position 374,Unknown,,,
Per position reversed nucleotide content - A position 375,Unknown,,,
Per position reversed nucleotide content - A position 376,Unknown,,,
Per position reversed nucleotide content - A position 377,Unknown,,,
Per position reversed nucleotide content - A position 378,Unknown,,,
Per position reversed nucleotide content - A position 379,Unknown,,,
Per position reversed nucleotide content - A position 380,Unknown,,,
Per position reversed nucleotide content - A position 381,Unknown,,,
Per position reversed nucleotide content - A position 382,Unknown,,,
Per position reversed nucleotide content - A position 383,Unknown,,,
Per position reversed nucleotide content - A position 384,Unknown,,,
Per position reversed nucleotide content - A position 385,Unknown,,,
Per position reversed nucleotide content - A position 386,Unknown,,,
Per position reversed nucleotide content - A position 387,Unknown,,,
Per position reversed nucleotide content - A position 388,Unknown,,,
Per position reversed nucleotide content - A position 389,Unknown,,,
Per position reversed nucleotide content - A position 390,Unknown,,,
Per position reversed nucleotide content - A position 391,Unknown,,,
Per position reversed nucleotide content - A position 392,Unknown,,,
Per position reversed nucleotide content - A position 393,Unknown,,,
Per position reversed nucleotide content - A position 394,Unknown,,,
Per position reversed nucleotide content - A position 395,Unknown,,,
Per position reversed nucleotide content - A position 396,Unknown,,,
Per position reversed nucleotide content - A position 397,Unknown,,,
Per position reversed nucleotide content - A position 398,Unknown,,,
Per position reversed nucleotide content - A position 399,Unknown,,,
Per position reversed nucleotide content - A position 400,Unknown,,,
Per position reversed nucleotide content - A position 401,Unknown,,,
Per position reversed nucleotide content - A position 402,Unknown,,,
Per position reversed nucleotide content - A position 403,Unknown,,,
Per position reversed nucleotide content - A position 404,Unknown,,,
Per position reversed nucleotide content - A position 405,Unknown,,,
Per position reversed nucleotide content - A position 406,Unknown,,,
Per position reversed nucleotide content - A position 407,Unknown,,,
Per position reversed nucleotide content - A position 408,Unknown,,,
Per position reversed nucleotide content - A position 409,Unknown,,,
Per position reversed nucleotide content - A position 410,Unknown,,,
Per position reversed nucleotide content - A position 411,Unknown,,,
Per position reversed nucleotide content - A position 412,Unknown,,,
Per position reversed nucleotide content - A position 413,Unknown,,,
Per position reversed nucleotide content - A position 414,Unknown,,,
Per position reversed nucleotide content - A position 415,Unknown,,,
Per position reversed nucleotide content - A position 416,Unknown,,,
Per position reversed nucleotide content - A position 417,Unknown,,,
Per position reversed nucleotide content - A position 418,Unknown,,,
Per position reversed nucleotide content - A position 419,Unknown,,,
Per position reversed nucleotide content - A position 420,Unknown,,,
Per position reversed nucleotide content - A position 421,Unknown,,,
Per position reversed nucleotide content - A position 422,Unknown,,,
Per position reversed nucleotide content - A position 423,Unknown,,,
Per position reversed nucleotide content - A position 424,Unknown,,,
Per position reversed nucleotide content - A position 425,Unknown,,,
Per position reversed nucleotide content - A position 426,Unknown,,,
Per position reversed nucleotide content - A position 427,Unknown,,,
Per position reversed nucleotide content - A position 428,Unknown,,,
Per position reversed nucleotide content - A position 429,Unknown,,,
Per position reversed nucleotide content - A position 430,Unknown,,,
Per position reversed nucleotide content - A position 431,Unknown,,,
Per position reversed nucleotide content - A position 432,Unknown,,,
Per position reversed nucleotide content - A position 433,Unknown,,,
Per position reversed nucleotide content - A position 434,Unknown,,,
Per position reversed nucleotide content - A position 435,Unknown,,,
Per position reversed nucleotide content - A position 436,Unknown,,,
Per position reversed nucleotide content - A position 437,Unknown,,,
Per position reversed nucleotide content - A position 438,Unknown,,,
Per position reversed nucleotide content - A position 439,Unknown,,,
Per position reversed nucleotide content - A position 440,Unknown,,,
Per position reversed nucleotide content - A position 441,Unknown,,,
Per position reversed nucleotide content - A position 442,Unknown,,,
Per position reversed nucleotide content - A position 443,Unknown,,,
Per position reversed nucleotide content - A position 444,Unknown,,,
Per position reversed nucleotide content - A position 445,Unknown,,,
Per position reversed nucleotide content - A position 446,Unknown,,,
Per position reversed nucleotide content - A position 447,Unknown,,,
Per position reversed nucleotide content - A position 448,Unknown,,,
Per position reversed nucleotide content - A position 449,Unknown,,,
Per position reversed nucleotide content - A position 450,Unknown,,,
Per position reversed nucleotide content - A position 451,Unknown,,,
Per position reversed nucleotide content - A position 452,Unknown,,,
Per position reversed nucleotide content - A position 453,Unknown,,,
Per position reversed nucleotide content - A position 454,Unknown,,,
Per position reversed nucleotide content - A position 455,Unknown,,,
Per position reversed nucleotide content - A position 456,Unknown,,,
Per position reversed nucleotide content - A position 457,Unknown,,,
Per position reversed nucleotide content - A position 458,Unknown,,,
Per position reversed nucleotide content - A position 459,Unknown,,,
Per position reversed nucleotide content - A position 460,Unknown,,,
Per position reversed nucleotide content - A position 461,Unknown,,,
Per position reversed nucleotide content - A position 462,Unknown,,,
Per position reversed nucleotide content - A position 463,Unknown,,,
Per position reversed nucleotide content - A position 464,Unknown,,,
Per position reversed nucleotide content - A position 465,Unknown,,,
Per position reversed nucleotide content - A position 466,Unknown,,,
Per position reversed nucleotide content - A position 467,Unknown,,,
Per position reversed nucleotide content - A position 468,Unknown,,,
Per position reversed nucleotide content - A position 469,Unknown,,,
Per position reversed nucleotide content - A position 470,Unknown,,,
Per position reversed nucleotide content - A position 471,Unknown,,,
Per position reversed nucleotide content - A position 472,Unknown,,,
Per position reversed nucleotide content - A position 473,Unknown,,,
Per position reversed nucleotide content - A position 474,Unknown,,,
Per position reversed nucleotide content - A position 475,Unknown,,,
Per position reversed nucleotide content - A position 476,Unknown,,,
Per position reversed nucleotide content - A position 477,Unknown,,,
Per position reversed nucleotide content - A position 478,Unknown,,,
Per position reversed nucleotide content - A position 479,Unknown,,,
Per position reversed nucleotide content - A position 480,Unknown,,,
Per position reversed nucleotide content - A position 481,Unknown,,,
Per position reversed nucleotide content - A position 482,Unknown,,,
Per position reversed nucleotide content - A position 483,Unknown,,,
Per position reversed nucleotide content - A,Warning,0.6088888888888888,0.7231752608962554,0.6088888888888889
Per position reversed nucleotide content - C position 1,Pass,0.5022222222222223,0.5520238095238096,0.5022222222222222
Per position reversed nucleotide content - C position 2,Pass,0.5611111111111111,0.7157622739018088,0.5611111111111111
Per position reversed nucleotide content - C position 3,Pass,0.515,0.7015262778977681,0.515
Per position reversed nucleotide content - C position 4,Pass,0.5005555555555555,0.7007288057288057,0.5005555555555555
Per position reversed nucleotide content - C position 5,Pass,0.5116926503340757,0.707424445175002,0.5116926503340757
Per position reversed nucleotide content - C position 6,Pass,0.5011135857461024,0.5542180742626177,0.5011135857461024
Per position reversed nucleotide content - C position 7,Pass,0.5072383073496659,0.7024477396163014,0.5072383073496659
Per position reversed nucleotide content - C position 8,Pass,0.5111358574610245,0.7004130811974961,0.5111358574610245
Per position reversed nucleotide content - C position 9,Pass,0.5011135857461024,0.6938457539328511,0.5011135857461024
Per position reversed nucleotide content - C position 10,Pass,0.5189520624303233,0.7053641875337403,0.5189520624303233
Per position reversed nucleotide content - C position 11,Pass,0.5072463768115942,0.5641392929057236,0.5072463768115942
Per position reversed nucleotide content - C position 12,Pass,0.5128635346756152,0.7026618240749193,0.5128635346756152
Per position reversed nucleotide content - C position 13,Pass,0.5044843049327354,0.5614102228494684,0.5044843049327354
Per position reversed nucleotide content - C position 14,Pass,0.5117845117845118,0.7018662945454223,0.5117845117845118
Per position reversed nucleotide content - C position 15,Pass,0.51010101010101,0.701320151941864,0.51010101010101
Per position reversed nucleotide content - C position 16,Pass,0.5264044943820225,0.7106822233156149,0.5264044943820225
Per position reversed nucleotide content - C position 17,Pass,0.5225225225225225,0.7060498909988706,0.5225225225225225
Per position reversed nucleotide content - C position 18,Pass,0.5062076749435667,0.6983795724954762,0.5062076749435666
Per position reversed nucleotide content - C position 19,Pass,0.5033860045146726,0.557361829170611,0.5033860045146726
Per position reversed nucleotide content - C position 20,Pass,0.5050904977375565,0.5618094286014943,0.5050904977375565
Per position reversed nucleotide content - C position 21,Pass,0.5288461538461539,0.7125296058748496,0.5288461538461539
Per position reversed nucleotide content - C position 22,Pass,0.5255102040816326,0.70834307875796,0.5255102040816326
Per position reversed nucleotide content - C position 23,Pass,0.5193181818181818,0.7053611775651248,0.5193181818181818
Per position reversed nucleotide content - C position 24,Pass,0.512514220705347,0.7041957852538057,0.512514220705347
Per position reversed nucleotide content - C position 25,Pass,0.5199089874857793,0.7030260647475999,0.5199089874857793
Per position reversed nucleotide content - C position 26,Pass,0.5017064846416383,0.6973576467234918,0.5017064846416383
Per position reversed nucleotide content - C position 27,Pass,0.5119453924914676,0.7079195761325311,0.5119453924914675
Per position reversed nucleotide content - C position 28,Pass,0.505125284738041,0.5594103972290698,0.505125284738041
Per position reversed nucleotide content - C position 29,Pass,0.5193621867881548,0.7096765245315284,0.5193621867881549
Per position reversed nucleotide content - C position 30,Pass,0.5022779043280182,0.7003166743248572,0.5022779043280182
Per position reversed nucleotide content - C position 31,Pass,0.5068415051311289,0.5604041411837877,0.5068415051311288
Per position reversed nucleotide content - C position 32,Pass,0.5034246575342466,0.5561305834034846,0.5034246575342466
Per position reversed nucleotide content - C position 33,Pass,0.5165714285714286,0.7052881108679797,0.5165714285714286
Per position reversed nucleotide content - C position 34,Pass,0.5182857142857143,0.7055708010876386,0.5182857142857142
Per position reversed nucleotide content - C position 35,Pass,0.508,0.6951951167273506,0.508
Per position reversed nucleotide content - C position 36,Pass,0.5160183066361557,0.7064454614797864,0.5160183066361556
Per position reversed nucleotide content - C position 37,Pass,0.5171821305841925,0.7034282078393895,0.5171821305841925
Per position reversed nucleotide content - C position 38,Pass,0.5223623853211009,0.709233157007207,0.5223623853211009
Per position reversed nucleotide content - C position 39,Pass,0.5235361653272101,0.7007482071312955,0.5235361653272101
Per position reversed nucleotide content - C position 40,Pass,0.5091848450057406,0.700698051592259,0.5091848450057406
Per position reversed nucleotide content - C position 41,Pass,0.5264064293915041,0.7116088563359507,0.5264064293915041
Per position reversed nucleotide content - C position 42,Pass,0.5332950631458093,0.7157923937165486,0.5332950631458094
Per position reversed nucleotide content - C position 43,Pass,0.5040183696900115,0.6978970209059673,0.5040183696900115
Per position reversed nucleotide content - C position 44,Pass,0.5149425287356322,0.6994348081983105,0.5149425287356322
Per position reversed nucleotide content - C position 45,Pass,0.5276179516685846,0.7099820994757704,0.5276179516685846
Per position reversed nucleotide content - C position 46,Pass,0.5034522439585731,0.698165299380081,0.503452243958573
Per position reversed nucleotide content - C position 47,Pass,0.5253456221198156,0.7111057040300652,0.5253456221198156
Per position reversed nucleotide content - C position 48,Pass,0.5028835063437139,0.7013062179639322,0.5028835063437139
Per position reversed nucleotide content - C position 49,Pass,0.5300230946882216,0.7103510979470239,0.5300230946882217
Per position reversed nucleotide content - C position 50,Pass,0.5115473441108545,0.7006024551853075,0.5115473441108545
Per position reversed nucleotide content - C position 51,Pass,0.5052023121387282,0.6950456034134056,0.5052023121387283
Per position reversed nucleotide content - C position 52,Pass,0.5237268518518519,0.7048078843889308,0.5237268518518519
Per position reversed nucleotide content - C position 53,Pass,0.537037037037037,0.7169673019585316,0.5370370370370371
Per position reversed nucleotide content - C position 54,Pass,0.5092699884125145,0.7005339870921601,0.5092699884125145
Per position reversed nucleotide content - C position 55,Pass,0.5023201856148491,0.69361957704731,0.5023201856148491
Per position reversed nucleotide content - C position 56,Pass,0.5266821345707657,0.7115095943273689,0.5266821345707656
Per position reversed nucleotide content - C position 57,Pass,0.505226480836237,0.5635657109417218,0.5052264808362369
Per position reversed nucleotide content - C position 58,Pass,0.5081490104772992,0.6967725861643208,0.5081490104772992
Per position reversed nucleotide content - C position 59,Pass,0.5279720279720279,0.7108916867885477,0.527972027972028
Per position reversed nucleotide content - C position 60,Pass,0.5221445221445221,0.7109377406734235,0.5221445221445221
Per position reversed nucleotide content - C position 61,Pass,0.5174825174825175,0.7054721235049104,0.5174825174825175
Per position reversed nucleotide content - C position 62,Pass,0.5203962703962703,0.7050203940746519,0.5203962703962703
Per position reversed nucleotide content - C position 63,Pass,0.5221445221445221,0.7081279376361344,0.5221445221445221
Per position reversed nucleotide content - C position 64,Pass,0.5209790209790209,0.7040896003339099,0.5209790209790209
Per position reversed nucleotide content - C position 65,Pass,0.5105017502917153,0.7043006555014071,0.5105017502917153
Per position reversed nucleotide content - C position 66,Pass,0.5227537922987164,0.7119269878313051,0.5227537922987164
Per position reversed nucleotide content - C position 67,Pass,0.5315052508751459,0.7114645427329894,0.5315052508751459
Per position reversed nucleotide content - C position 68,Pass,0.529171528588098,0.7129040451764249,0.529171528588098
Per position reversed nucleotide content - C position 69,Pass,0.5087514585764294,0.7005793844089601,0.5087514585764294
Per position reversed nucleotide content - C position 70,Pass,0.5256709451575262,0.7067250570130483,0.5256709451575262
Per position reversed nucleotide content - C position 71,Pass,0.5023337222870479,0.7031729517540014,0.5023337222870479
Per position reversed nucleotide content - C position 72,Pass,0.5309218203033839,0.7118218989415841,0.5309218203033839
Per position reversed nucleotide content - C position 73,Pass,0.5023337222870479,0.6961977445342686,0.5023337222870479
Per position reversed nucleotide content - C position 74,Pass,0.5005834305717619,0.700590484430095,0.5005834305717619
Per position reversed nucleotide content - C position 75,Pass,0.5210280373831775,0.7039871655357829,0.5210280373831776
Per position reversed nucleotide content - C position 76,Pass,0.518107476635514,0.7086816945527566,0.518107476635514
Per position reversed nucleotide content - C position 77,Pass,0.526285046728972,0.711063684316741,0.5262850467289719
Per position reversed nucleotide content - C position 78,Pass,0.5064252336448598,0.6989026380724037,0.5064252336448598
Per position reversed nucleotide content - C position 79,Pass,0.5093457943925234,0.698411232626861,0.5093457943925234
Per position reversed nucleotide content - C position 80,Pass,0.5093567251461988,0.7009427529960925,0.5093567251461988
Per position reversed nucleotide content - C position 81,Pass,0.5257309941520468,0.7077485380116959,0.5257309941520468
Per position reversed nucleotide content - C position 82,Pass,0.504093567251462,0.6960575968222443,0.504093567251462
Per position reversed nucleotide content - C position 83,Pass,0.5029239766081871,0.6997529185818173,0.5029239766081871
Per position reversed nucleotide content - C position 84,Pass,0.5280701754385966,0.7110422858746066,0.5280701754385965
Per position reversed nucleotide content - C position 85,Pass,0.5070257611241218,0.6969483071718202,0.5070257611241218
Per position reversed nucleotide content - C position 86,Pass,0.5070257611241218,0.6992629270844671,0.5070257611241218
Per position reversed nucleotide content - C position 87,Pass,0.5327868852459017,0.710904923744788,0.5327868852459017
Per position reversed nucleotide content - C position 88,Pass,0.5381008206330599,0.7170557293485154,0.5381008206330598
Per position reversed nucleotide content - C position 89,Pass,0.5164319248826291,0.7022169164147748,0.5164319248826291
Per position reversed nucleotide content - C position 90,Pass,0.5141010575793185,0.7048301383797815,0.5141010575793185
Per position reversed nucleotide content - C position 91,Pass,0.5147058823529411,0.7058302308265079,0.5147058823529411
Per position reversed nucleotide content - C position 92,Pass,0.5252941176470588,0.7098534944451821,0.5252941176470588
Per position reversed nucleotide content - C position 93,Pass,0.5070588235294118,0.6984457595443624,0.5070588235294118
Per position reversed nucleotide content - C position 94,Pass,0.5164705882352941,0.7052552552552553,0.5164705882352941
Per position reversed nucleotide content - C position 95,Pass,0.5182352941176471,0.7064021887824898,0.518235294117647
Per position reversed nucleotide content - C position 96,Pass,0.5200235571260305,0.7057915729735518,0.5200235571260307
Per position reversed nucleotide content - C position 97,Pass,0.5088547815820543,0.7026235018291506,0.5088547815820543
Per position reversed nucleotide content - C position 98,Pass,0.5070838252656436,0.7014747380625896,0.5070838252656434
Per position reversed nucleotide content - C position 99,Pass,0.5094562647754137,0.7007207540691625,0.5094562647754137
Per position reversed nucleotide content - C position 100,Pass,0.5213270142180094,0.7067900733623321,0.5213270142180095
Per position reversed nucleotide content - C position 101,Pass,0.5124703087885986,0.6994222250754318,0.5124703087885986
Per position reversed nucleotide content - C position 102,Pass,0.5249406175771971,0.7107214874669001,0.5249406175771971
Per position reversed nucleotide content - C position 103,Pass,0.5041716328963052,0.6979955192732074,0.5041716328963052
Per position reversed nucleotide content - C position 104,Pass,0.5107398568019093,0.7018188995284941,0.5107398568019093
Per position reversed nucleotide content - C position 105,Pass,0.5173237753882914,0.7015886917516164,0.5173237753882916
Per position reversed nucleotide content - C position 106,Pass,0.520933014354067,0.7105312660884717,0.520933014354067
Per position reversed nucleotide content - C position 107,Pass,0.5371702637889688,0.7160597675705589,0.5371702637889688
Per position reversed nucleotide content - C position 108,Pass,0.5204081632653061,0.7084594508535121,0.5204081632653061
Per position reversed nucleotide content - C position 109,Pass,0.5222623345367028,0.7057656215267127,0.5222623345367028
Per position reversed nucleotide content - C position 110,Pass,0.50661853188929,0.6997639438008928,0.50661853188929
Per position reversed nucleotide content - C position 111,Pass,0.5180505415162455,0.7029111198856799,0.5180505415162455
Per position reversed nucleotide content - C position 112,Pass,0.5222623345367028,0.707503867973182,0.5222623345367028
Per position reversed nucleotide content - C position 113,Pass,0.516245487364621,0.7040691542496597,0.516245487364621
Per position reversed nucleotide content - C position 114,Pass,0.5126658624849216,0.699828930328074,0.5126658624849216
Per position reversed nucleotide content - C position 115,Pass,0.5235507246376812,0.7089178464178465,0.5235507246376812
Per position reversed nucleotide content - C position 116,Pass,0.5205562273276905,0.7040826317750755,0.5205562273276905
Per position reversed nucleotide content - C position 117,Pass,0.5042372881355932,0.6929759484736531,0.5042372881355932
Per position reversed nucleotide content - C position 118,Pass,0.5133982947624847,0.704019960532155,0.5133982947624848
Per position reversed nucleotide content - C position 119,Pass,0.5079268292682927,0.7012979161549941,0.5079268292682927
Per position reversed nucleotide content - C position 120,Pass,0.5158730158730159,0.7052986325925673,0.5158730158730159
Per position reversed nucleotide content - C position 121,Pass,0.5073619631901841,0.7005032592024539,0.507361963190184
Per position reversed nucleotide content - C position 122,Pass,0.504914004914005,0.5634520884520884,0.504914004914005
Per position reversed nucleotide content - C position 123,Pass,0.519680196801968,0.7100569189617707,0.519680196801968
Per position reversed nucleotide content - C position 124,Pass,0.5135802469135803,0.7028080559462416,0.5135802469135803
Per position reversed nucleotide content - C position 125,Pass,0.5129950495049505,0.700978820903673,0.5129950495049505
Per position reversed nucleotide content - C position 126,Pass,0.524223602484472,0.7119829083109189,0.5242236024844721
Per position reversed nucleotide content - C position 127,Pass,0.5180798004987531,0.7016693189601383,0.5180798004987531
Per position reversed nucleotide content - C position 128,Pass,0.51125,0.701725,0.51125
Per position reversed nucleotide content - C position 129,Pass,0.5150187734668336,0.7035012666314434,0.5150187734668336
Per position reversed nucleotide content - C position 130,Pass,0.5232412060301508,0.7078425825657748,0.5232412060301508
Per position reversed nucleotide content - C position 131,Pass,0.5339195979899498,0.7155738693467336,0.5339195979899497
Per position reversed nucleotide content - C position 132,Pass,0.5150943396226415,0.7045009439009864,0.5150943396226415
Per position reversed nucleotide content - C position 133,Pass,0.5164141414141414,0.7047453533721708,0.5164141414141414
Per position reversed nucleotide content - C position 134,Pass,0.5164765525982256,0.5762956770045964,0.5164765525982256
Per position reversed nucleotide content - C position 135,Pass,0.5190114068441064,0.7069453573059291,0.5190114068441065
Per position reversed nucleotide content - C position 136,Pass,0.5101522842639593,0.6987209457654289,0.5101522842639594
Per position reversed nucleotide content - C position 137,Pass,0.5153061224489796,0.703259869521579,0.5153061224489796
Per position reversed nucleotide content - C position 138,Pass,0.5082908163265305,0.7009819667103235,0.5082908163265306
Per position reversed nucleotide content - C position 139,Pass,0.5012771392081736,0.5548265860376371,0.5012771392081737
Per position reversed nucleotide content - C position 140,Pass,0.5333333333333333,0.7111719318522323,0.5333333333333333
Per position reversed nucleotide content - C position 141,Pass,0.5134788189987163,0.7010834190019122,0.5134788189987163
Per position reversed nucleotide content - C position 142,Pass,0.5155038759689923,0.7033038021410114,0.5155038759689923
Per position reversed nucleotide content - C position 143,Pass,0.5187338501291989,0.7053060031951279,0.5187338501291989
Per position reversed nucleotide content - C position 144,Pass,0.5226390685640362,0.7149504200003516,0.5226390685640362
Per position reversed nucleotide content - C position 145,Pass,0.5169712793733681,0.7083392283716403,0.5169712793733682
Per position reversed nucleotide content - C position 146,Pass,0.5176701570680629,0.7027244480821327,0.5176701570680629
Per position reversed nucleotide content - C position 147,Pass,0.5045871559633027,0.700986371108872,0.5045871559633027
Per position reversed nucleotide content - C position 148,Pass,0.5328947368421053,0.7144515701017249,0.5328947368421053
Per position reversed nucleotide content - C position 149,Pass,0.5145118733509235,0.706744887314931,0.5145118733509235
Per position reversed nucleotide content - C position 150,Pass,0.5066050198150595,0.6989446497104297,0.5066050198150595
Per position reversed nucleotide content - C position 151,Pass,0.5125827814569537,0.7001037432851094,0.5125827814569537
Per position reversed nucleotide content - C position 152,Pass,0.5232403718459495,0.7086293737539222,0.5232403718459495
Per position reversed nucleotide content - C position 153,Pass,0.5086436170212765,0.7002393617021276,0.5086436170212766
Per position reversed nucleotide content - C position 154,Pass,0.5427807486631016,0.7189596082106695,0.5427807486631016
Per position reversed nucleotide content - C position 155,Pass,0.5269905533063428,0.7075052949393899,0.5269905533063428
Per position reversed nucleotide content - C position 156,Pass,0.5074324324324324,0.6973383816887754,0.5074324324324324
Per position reversed nucleotide content - C position 157,Pass,0.5135135135135136,0.7029739081642197,0.5135135135135135
Per position reversed nucleotide content - C position 158,Pass,0.5081411126187245,0.6996914636304643,0.5081411126187245
Per position reversed nucleotide content - C position 159,Pass,0.5122615803814714,0.7061622301404318,0.5122615803814714
Per position reversed nucleotide content - C position 160,Pass,0.5102599179206566,0.6992800821519157,0.5102599179206566
Per position reversed nucleotide content - C position 161,Pass,0.5061728395061728,0.6964444444444444,0.5061728395061729
Per position reversed nucleotide content - C position 162,Pass,0.5048143053645118,0.701650083993252,0.5048143053645117
Per position reversed nucleotide content - C position 163,Pass,0.5234482758620689,0.7082117790662191,0.523448275862069
Per position reversed nucleotide content - C position 164,Pass,0.5214088397790055,0.7068076029354812,0.5214088397790055
Per position reversed nucleotide content - C position 165,Pass,0.518005540166205,0.7072353207503079,0.518005540166205
Per position reversed nucleotide content - C position 166,Pass,0.5327754532775453,0.712129300901839,0.5327754532775453
Per position reversed nucleotide content - C position 167,Pass,0.5267229254571026,0.7127416900661191,0.5267229254571026
Per position reversed nucleotide content - C position 168,Pass,0.5028248587570622,0.6958243451463791,0.5028248587570622
Per position reversed nucleotide content - C position 169,Pass,0.5113154172560114,0.6964400949272901,0.5113154172560113
Per position reversed nucleotide content - C position 170,Pass,0.51994301994302,0.7065293114563188,0.51994301994302
Per position reversed nucleotide content - C position 171,Pass,0.5178826895565094,0.7025235386099743,0.5178826895565093
Per position reversed nucleotide content - C position 172,Pass,0.5151079136690647,0.702006023088506,0.5151079136690647
Per position reversed nucleotide content - C position 173,Pass,0.505057803468208,0.6981506633228707,0.505057803468208
Per position reversed nucleotide content - C position 174,Pass,0.5248175182481752,0.7076539044208786,0.5248175182481751
Per position reversed nucleotide content - C position 175,Pass,0.5007320644216692,0.6971578875685246,0.5007320644216691
Per position reversed nucleotide content - C position 176,Pass,0.5383480825958702,0.7127937727871827,0.5383480825958702
Per position reversed nucleotide content - C position 177,Pass,0.5243722304283605,0.7111886894390456,0.5243722304283605
Per position reversed nucleotide content - C position 178,Pass,0.5126112759643917,0.7021149844573629,0.5126112759643917
Per position reversed nucleotide content - C position 179,Pass,0.5007496251874063,0.55668882730352,0.5007496251874063
Per position reversed nucleotide content - C position 180,Pass,0.506006006006006,0.6975048065473596,0.506006006006006
Per position reversed nucleotide content - C position 181,Pass,0.5075187969924811,0.6986583964747459,0.5075187969924813
Per position reversed nucleotide content - C position 182,Pass,0.5151285930408471,0.7019422922631013,0.5151285930408472
Per position reversed nucleotide content - C position 183,Pass,0.5091047040971168,0.6979451686520975,0.5091047040971168
Per position reversed nucleotide content - C position 184,Pass,0.5106544901065448,0.7038981091207118,0.510654490106545
Per position reversed nucleotide content - C position 185,Pass,0.504566210045662,0.567767132625524,0.5045662100456622
Per position reversed nucleotide content - C position 186,Pass,0.5215716486902928,0.7072251624572923,0.5215716486902927
Per position reversed nucleotide content - C position 187,Pass,0.5123647604327666,0.7029401363903801,0.5123647604327666
Per position reversed nucleotide content - C position 188,Pass,0.5031055900621118,0.5608780736833149,0.5031055900621118
Per position reversed nucleotide content - C position 189,Pass,0.5124804992199687,0.6986911044669892,0.5124804992199687
Per position reversed nucleotide content - C position 190,Pass,0.5093603744149766,0.6988120250616476,0.5093603744149766
Per position reversed nucleotide content - C position 191,Pass,0.5093603744149766,0.699195955765796,0.5093603744149766
Per position reversed nucleotide content - C position 192,Pass,0.51171875,0.6979710642236976,0.51171875
Per position reversed nucleotide content - C position 193,Pass,0.5007824726134585,0.700948127791137,0.5007824726134585
Per position reversed nucleotide content - C position 194,Pass,0.5094043887147336,0.7047494626503502,0.5094043887147336
Per position reversed nucleotide content - C position 195,Pass,0.5425867507886435,0.719472325781474,0.5425867507886435
Per position reversed nucleotide content - C position 196,Pass,0.5102685624012638,0.6976598610900963,0.5102685624012638
Per position reversed nucleotide content - C position 197,Pass,0.5007936507936508,0.5587956144657176,0.5007936507936508
Per position reversed nucleotide content - C position 198,Pass,0.5064,0.6968703933747412,0.5064
Per position reversed nucleotide content - C position 199,Pass,0.5209003215434084,0.7099684978770308,0.5209003215434084
Per position reversed nucleotide content - C position 200,Pass,0.501610305958132,0.692152724807187,0.501610305958132
Per position reversed nucleotide content - C position 201,Pass,0.5096774193548387,0.7006798187150094,0.5096774193548387
Per position reversed nucleotide content - C position 202,Pass,0.5209677419354839,0.7110144312393888,0.5209677419354839
Per position reversed nucleotide content - C position 203,Pass,0.5185483870967742,0.7063249559815289,0.5185483870967742
Per position reversed nucleotide content - C position 204,Pass,0.539708265802269,0.7200195320616715,0.539708265802269
Per position reversed nucleotide content - C position 205,Pass,0.5064935064935064,0.7001180637544273,0.5064935064935064
Per position reversed nucleotide content - C position 206,Pass,0.5065040650406504,0.7004400994423166,0.5065040650406504
Per position reversed nucleotide content - C position 207,Pass,0.5203915171288744,0.7051992567087876,0.5203915171288744
Per position reversed nucleotide content - C position 208,Pass,0.515625,0.7076259150655854,0.515625
Per position reversed nucleotide content - C position 209,Pass,0.5206270627062706,0.7114829517007428,0.5206270627062707
Per position reversed nucleotide content - C position 210,Pass,0.5165562913907285,0.7015799840146153,0.5165562913907285
Per position reversed nucleotide content - C position 211,Pass,0.5141666666666668,0.5744930291508239,0.5141666666666667
Per position reversed nucleotide content - C position 212,Pass,0.5352941176470589,0.7083836219051378,0.5352941176470588
Per position reversed nucleotide content - C position 213,Pass,0.5101351351351352,0.7012971732531667,0.5101351351351351
Per position reversed nucleotide content - C position 214,Pass,0.5170068027210885,0.706091527520099,0.5170068027210885
Per position reversed nucleotide content - C position 215,Pass,0.5230769230769231,0.7049609810479376,0.5230769230769231
Per position reversed nucleotide content - C position 216,Pass,0.5495726495726496,0.7215953785644051,0.5495726495726496
Per position reversed nucleotide content - C position 217,Pass,0.521514629948365,0.704503183105161,0.5215146299483648
Per position reversed nucleotide content - C position 218,Pass,0.5,0.6945407279029463,0.5
Per position reversed nucleotide content - C position 219,Pass,0.5234375,0.7084632037140032,0.5234375
Per position reversed nucleotide content - C position 220,Pass,0.5112847222222222,0.7006798960273122,0.5112847222222222
Per position reversed nucleotide content - C position 221,Pass,0.5376532399299474,0.716530944785469,0.5376532399299475
Per position reversed nucleotide content - C position 222,Pass,0.519298245614035,0.7006639863547759,0.519298245614035
Per position reversed nucleotide content - C position 223,Pass,0.5325704225352113,0.7187804378410971,0.5325704225352113
Per position reversed nucleotide content - C position 224,Pass,0.5317460317460317,0.7155120149911816,0.5317460317460317
Per position reversed nucleotide content - C position 225,Pass,0.5203539823008849,0.7095219261383299,0.5203539823008849
Per position reversed nucleotide content - C position 226,Pass,0.514209591474245,0.7004448701487822,0.5142095914742452
Per position reversed nucleotide content - C position 227,Pass,0.5258007117437723,0.7148971486801932,0.5258007117437722
Per position reversed nucleotide content - C position 228,Pass,0.5080357142857144,0.6941680338213024,0.5080357142857143
Per position reversed nucleotide content - C position 229,Pass,0.5080500894454383,0.7033359425778397,0.5080500894454383
Per position reversed nucleotide content - C position 230,Pass,0.507181328545781,0.6975625554532693,0.507181328545781
Per position reversed nucleotide content - C position 231,Pass,0.5108695652173912,0.6987286871270247,0.5108695652173914
Per position reversed nucleotide content - C position 232,Pass,0.5145985401459854,0.5757000119660165,0.5145985401459854
Per position reversed nucleotide content - C position 233,Pass,0.5376146788990827,0.7136222638738176,0.5376146788990825
Per position reversed nucleotide content - C position 234,Pass,0.525830258302583,0.7124943015164418,0.525830258302583
Per position reversed nucleotide content - C position 235,Pass,0.5158582089552239,0.7028755141261204,0.5158582089552238
Per position reversed nucleotide content - C position 236,Pass,0.5113207547169811,0.7077581635809288,0.5113207547169811
Per position reversed nucleotide content - C position 237,Pass,0.5463137996219283,0.6191834308780677,0.5463137996219282
Per position reversed nucleotide content - C position 238,Pass,0.5056925996204934,0.6982195044252691,0.5056925996204934
Per position reversed nucleotide content - C position 239,Pass,0.5066539923954372,0.7031314438245784,0.5066539923954373
Per position reversed nucleotide content - C position 240,Pass,0.5057142857142857,0.7027423570860325,0.5057142857142857
Per position reversed nucleotide content - C position 241,Pass,0.523076923076923,0.7139078027235921,0.5230769230769231
Per position reversed nucleotide content - C position 242,Pass,0.5144230769230769,0.7055291389487492,0.5144230769230769
Per position reversed nucleotide content - C position 243,Pass,0.5173410404624278,0.7077865912830683,0.5173410404624278
Per position reversed nucleotide content - C position 244,Pass,0.5183397683397684,0.7033387535577774,0.5183397683397684
Per position reversed nucleotide content - C position 245,Pass,0.5233918128654971,0.7045341528424235,0.5233918128654971
Per position reversed nucleotide content - C position 246,Pass,0.515748031496063,0.7105867101978106,0.515748031496063
Per position reversed nucleotide content - C position 247,Pass,0.5059171597633136,0.5616781722550953,0.5059171597633136
Per position reversed nucleotide content - C position 248,Pass,0.5188866799204771,0.7063337888804403,0.5188866799204771
Per position reversed nucleotide content - C position 249,Pass,0.5140562248995983,0.7072193054333201,0.5140562248995983
Per position reversed nucleotide content - C position 250,Pass,0.5231388329979879,0.7032899383053287,0.5231388329979879
Per position reversed nucleotide content - C position 251,Pass,0.5192307692307693,0.7055695656065241,0.5192307692307693
Per position reversed nucleotide content - C position 252,Pass,0.5060975609756097,0.5664810887239308,0.5060975609756098
Per position reversed nucleotide content - C position 253,Pass,0.5449897750511248,0.7176319018404907,0.5449897750511248
Per position reversed nucleotide content - C position 254,Pass,0.5237113402061856,0.7071409941383997,0.5237113402061856
Per position reversed nucleotide content - C position 255,Pass,0.5082815734989649,0.6952639751552795,0.5082815734989649
Per position reversed nucleotide content - C position 256,Pass,0.5104384133611691,0.700124306911801,0.5104384133611691
Per position reversed nucleotide content - C position 257,Pass,0.5221518987341772,0.7166898053627332,0.5221518987341772
Per position reversed nucleotide content - C position 258,Pass,0.5255319148936171,0.7153833164471461,0.5255319148936171
Per position reversed nucleotide content - C position 259,Pass,0.5159914712153518,0.711230690140489,0.5159914712153518
Per position reversed nucleotide content - C position 260,Pass,0.5278372591006424,0.7143275596368401,0.5278372591006424
Per position reversed nucleotide content - C position 261,Pass,0.5032188841201717,0.5594525280016749,0.5032188841201717
Per position reversed nucleotide content - C position 262,Pass,0.511904761904762,0.702927302582475,0.5119047619047619
Per position reversed nucleotide content - C position 263,Pass,0.5108695652173914,0.7013079811069395,0.5108695652173914
Per position reversed nucleotide content - C position 264,Pass,0.5043572984749456,0.7007200316023846,0.5043572984749455
Per position reversed nucleotide content - C position 265,Pass,0.509825327510917,0.6975237130948462,0.509825327510917
Per position reversed nucleotide content - C position 266,Pass,0.5087336244541485,0.702005890962755,0.5087336244541485
Per position reversed nucleotide content - C position 267,Pass,0.538546255506608,0.7177030861788013,0.538546255506608
Per position reversed nucleotide content - C position 268,Pass,0.5342163355408389,0.716689050463885,0.5342163355408388
Per position reversed nucleotide content - C position 269,Pass,0.5133037694013304,0.7032515090796028,0.5133037694013304
Per position reversed nucleotide content - C position 270,Pass,0.534521158129176,0.7132668920542854,0.534521158129176
Per position reversed nucleotide content - C position 271,Pass,0.5122767857142857,0.7091502463054187,0.5122767857142857
Per position reversed nucleotide content - C position 272,Pass,0.5213004484304933,0.7053245426204221,0.5213004484304933
Per position reversed nucleotide content - C position 273,Pass,0.5079006772009029,0.6928042750633713,0.5079006772009029
Per position reversed nucleotide content - C position 274,Pass,0.5251141552511416,0.7089777581381647,0.5251141552511416
Per position reversed nucleotide content - C position 275,Pass,0.5252873563218391,0.7065093950030974,0.5252873563218391
Per position reversed nucleotide content - C position 276,Pass,0.5114942528735632,0.5689086775293671,0.5114942528735632
Per position reversed nucleotide content - C position 277,Pass,0.5185614849187934,0.7077385014330558,0.5185614849187935
Per position reversed nucleotide content - C position 278,Pass,0.5011600928074246,0.5547303893601107,0.5011600928074246
Per position reversed nucleotide content - C position 279,Pass,0.5069767441860465,0.6981757415401754,0.5069767441860465
Per position reversed nucleotide content - C position 280,Pass,0.536046511627907,0.7090713849250565,0.536046511627907
Per position reversed nucleotide content - C position 281,Pass,0.5361305361305362,0.7182903007645276,0.5361305361305362
Per position reversed nucleotide content - C position 282,Pass,0.5305164319248826,0.7144848256203891,0.5305164319248826
Per position reversed nucleotide content - C position 283,Pass,0.5330188679245282,0.7201395785060136,0.5330188679245284
Per position reversed nucleotide content - C position 284,Pass,0.5118483412322274,0.7039907205783984,0.5118483412322274
Per position reversed nucleotide content - C position 285,Pass,0.5011848341232228,0.6976508213662118,0.5011848341232228
Per position reversed nucleotide content - C position 286,Pass,0.525,0.712061403508772,0.525
Per position reversed nucleotide content - C position 287,Pass,0.5286396181384247,0.7086007797328748,0.5286396181384249
Per position reversed nucleotide content - C position 288,Pass,0.5465393794749404,0.7180745702381794,0.5465393794749404
Per position reversed nucleotide content - C position 289,Pass,0.5300480769230769,0.7150129129216761,0.5300480769230769
Per position reversed nucleotide content - C position 290,Pass,0.5145278450363195,0.6990718321226795,0.5145278450363197
Per position reversed nucleotide content - C position 291,Pass,0.5207823960880196,0.5877701954773809,0.5207823960880196
Per position reversed nucleotide content - C position 292,Pass,0.5061274509803922,0.5649675410704823,0.5061274509803921
Per position reversed nucleotide content - C position 293,Pass,0.5024813895781638,0.5545376142347032,0.5024813895781638
Per position reversed nucleotide content - C position 294,Pass,0.5211970074812968,0.7087303531978295,0.5211970074812967
Per position reversed nucleotide content - C position 295,Pass,0.5175879396984925,0.7102597627636617,0.5175879396984925
Per position reversed nucleotide content - C position 296,Pass,0.5113636363636364,0.7068261353694425,0.5113636363636364
Per position reversed nucleotide content - C position 297,Pass,0.5379746835443038,0.711867088607595,0.5379746835443038
Per position reversed nucleotide content - C position 298,Pass,0.5255102040816326,0.7133699633699633,0.5255102040816326
Per position reversed nucleotide content - C position 299,Pass,0.5423076923076923,0.7223023072780745,0.5423076923076923
Per position reversed nucleotide content - C position 300,Pass,0.5090439276485788,0.6999305796598403,0.5090439276485789
Per position reversed nucleotide content - C position 301,Pass,0.5105263157894737,0.7078625921481227,0.5105263157894737
Per position reversed nucleotide content - C position 302,Pass,0.5263157894736843,0.7072458543619322,0.5263157894736842
Per position reversed nucleotide content - C position 303,Pass,0.5106666666666666,0.7125591397849462,0.5106666666666667
Per position reversed nucleotide content - C position 304,Pass,0.5,0.5474598930481284,0.5
Per position reversed nucleotide content - C position 305,Pass,0.5121293800539084,0.5712527833118481,0.5121293800539084
Per position reversed nucleotide content - C position 306,Pass,0.5013550135501355,0.5551153919182505,0.5013550135501355
Per position reversed nucleotide content - C position 307,Pass,0.5422343324250682,0.7256031999117774,0.5422343324250681
Per position reversed nucleotide content - C position 308,Pass,0.5180055401662049,0.7032032504960787,0.518005540166205
Per position reversed nucleotide content - C position 309,Pass,0.5334261838440112,0.7186702318674599,0.5334261838440112
Per position reversed nucleotide content - C position 310,Pass,0.5377094972067038,0.7140660961786086,0.5377094972067039
Per position reversed nucleotide content - C position 311,Pass,0.5183098591549296,0.7058558558558559,0.5183098591549296
Per position reversed nucleotide content - C position 312,Pass,0.5254237288135594,0.7134871979805265,0.5254237288135594
Per position reversed nucleotide content - C position 313,Pass,0.5409604519774012,0.7199370619440303,0.5409604519774012
Per position reversed nucleotide content - C position 314,Pass,0.515625,0.7087197743419991,0.515625
Per position reversed nucleotide content - C position 315,Pass,0.5428571428571428,0.7201147028154327,0.5428571428571428
Per position reversed nucleotide content - C position 316,Pass,0.5344827586206896,0.7164086752244316,0.5344827586206896
Per position reversed nucleotide content - C position 317,Pass,0.5115942028985507,0.7050989103988151,0.5115942028985507
Per position reversed nucleotide content - C position 318,Pass,0.5174418604651163,0.7011976080997435,0.5174418604651163
Per position reversed nucleotide content - C position 319,Pass,0.5145348837209303,0.7002290345313601,0.5145348837209303
Per position reversed nucleotide content - C position 320,Pass,0.5232558139534883,0.7129413319238901,0.5232558139534884
Per position reversed nucleotide content - C position 321,Pass,0.5147058823529411,0.7053994732221248,0.5147058823529411
Per position reversed nucleotide content - C position 322,Pass,0.5223214285714286,0.7137768462283249,0.5223214285714286
Per position reversed nucleotide content - C position 323,Pass,0.5376506024096386,0.7253655506001908,0.5376506024096386
Per position reversed nucleotide content - C position 324,Pass,0.5443425076452599,0.7270078562633322,0.5443425076452599
Per position reversed nucleotide content - C position 325,Pass,0.5076687116564418,0.7025711692041153,0.5076687116564417
Per position reversed nucleotide content - C position 326,Pass,0.5215384615384615,0.700249054224464,0.5215384615384615
Per position reversed nucleotide content - C position 327,Pass,0.5031347962382445,0.6953695125201477,0.5031347962382445
Per position reversed nucleotide content - C position 328,Pass,0.5330188679245282,0.7186476751800916,0.5330188679245284
Per position reversed nucleotide content - C position 329,Pass,0.5031645569620253,0.70036310454385,0.5031645569620253
Per position reversed nucleotide content - C position 330,Pass,0.5111111111111111,0.7058600776294613,0.5111111111111111
Per position reversed nucleotide content - C position 331,Pass,0.5319488817891375,0.7108526772102395,0.5319488817891374
Per position reversed nucleotide content - C position 332,Pass,0.5112903225806451,0.5696095076400678,0.5112903225806451
Per position reversed nucleotide content - C position 333,Pass,0.5324675324675324,0.7148760330578513,0.5324675324675324
Per position reversed nucleotide content - C position 334,Pass,0.5314569536423841,0.708196265997201,0.5314569536423841
Per position reversed nucleotide content - C position 335,Pass,0.5033333333333334,0.5534770114942529,0.5033333333333333
Per position reversed nucleotide content - C position 336,Pass,0.5050335570469799,0.6979216280580212,0.5050335570469798
Per position reversed nucleotide content - C position 337,Pass,0.5236486486486486,0.7167208702478411,0.5236486486486487
Per position reversed nucleotide content - C position 338,Pass,0.5629251700680271,0.7317997697994599,0.5629251700680272
Per position reversed nucleotide content - C position 339,Pass,0.5273972602739726,0.7067425824682106,0.5273972602739726
Per position reversed nucleotide content - C position 340,Pass,0.5292096219931272,0.7063725833976202,0.5292096219931272
Per position reversed nucleotide content - C position 341,Pass,0.5208333333333333,0.709703947368421,0.5208333333333334
Per position reversed nucleotide content - C position 342,Pass,0.534965034965035,0.7157061688311689,0.534965034965035
Per position reversed nucleotide content - C position 343,Pass,0.5193661971830985,0.7077366323218955,0.5193661971830986
Per position reversed nucleotide content - C position 344,Pass,0.508833922261484,0.7024430636911961,0.508833922261484
Per position reversed nucleotide content - C position 345,Pass,0.5071174377224199,0.6980231153481993,0.5071174377224199
Per position reversed nucleotide content - C position 346,Pass,0.5571428571428572,0.7313300768737989,0.5571428571428572
Per position reversed nucleotide content - C position 347,Pass,0.5357142857142857,0.7150393184796854,0.5357142857142857
Per position reversed nucleotide content - C position 348,Pass,0.5,0.5591397849462365,0.5
Per position reversed nucleotide content - C position 349,Pass,0.5072992700729927,0.6949105926727902,0.5072992700729927
Per position reversed nucleotide content - C position 350,Pass,0.5129151291512914,0.7024765992340775,0.5129151291512916
Per position reversed nucleotide content - C position 351,Pass,0.5074349442379182,0.6939007945185509,0.5074349442379182
Per position reversed nucleotide content - C position 352,Pass,0.5151515151515151,0.7055652680652681,0.5151515151515151
Per position reversed nucleotide content - C position 353,Pass,0.5057034220532319,0.703302385231614,0.5057034220532319
Per position reversed nucleotide content - C position 354,Pass,0.5153846153846154,0.703027418126428,0.5153846153846153
Per position reversed nucleotide content - C position 355,Pass,0.5289575289575289,0.7156436097114064,0.528957528957529
Per position reversed nucleotide content - C position 356,Pass,0.521484375,0.708029730361596,0.521484375
Per position reversed nucleotide content - C position 357,Pass,0.5078740157480315,0.6925784309683802,0.5078740157480315
Per position reversed nucleotide content - C position 358,Pass,0.5398406374501992,0.7142160524568393,0.5398406374501992
Per position reversed nucleotide content - C position 359,Pass,0.526,0.7179852579852579,0.526
Per position reversed nucleotide content - C position 360,Unknown,,,
Per position reversed nucleotide content - C position 361,Unknown,,,
Per position reversed nucleotide content - C position 362,Unknown,,,
Per position reversed nucleotide content - C position 363,Unknown,,,
Per position reversed nucleotide content - C position 364,Unknown,,,
Per position reversed nucleotide content - C position 365,Unknown,,,
Per position reversed nucleotide content - C position 366,Unknown,,,
Per position reversed nucleotide content - C position 367,Unknown,,,
Per position reversed nucleotide content - C position 368,Unknown,,,
Per position reversed nucleotide content - C position 369,Unknown,,,
Per position reversed nucleotide content - C position 370,Unknown,,,
Per position reversed nucleotide content - C position 371,Unknown,,,
Per position reversed nucleotide content - C position 372,Unknown,,,
Per position reversed nucleotide content - C position 373,Unknown,,,
Per position reversed nucleotide content - C position 374,Unknown,,,
Per position reversed nucleotide content - C position 375,Unknown,,,
Per position reversed nucleotide content - C position 376,Unknown,,,
Per position reversed nucleotide content - C position 377,Unknown,,,
Per position reversed nucleotide content - C position 378,Unknown,,,
Per position reversed nucleotide content - C position 379,Unknown,,,
Per position reversed nucleotide content - C position 380,Unknown,,,
Per position reversed nucleotide content - C position 381,Unknown,,,
Per position reversed nucleotide content - C position 382,Unknown,,,
Per position reversed nucleotide content - C position 383,Unknown,,,
Per position reversed nucleotide content - C position 384,Unknown,,,
Per position reversed nucleotide content - C position 385,Unknown,,,
Per position reversed nucleotide content - C position 386,Unknown,,,
Per position reversed nucleotide content - C position 387,Unknown,,,
Per position reversed nucleotide content - C position 388,Unknown,,,
Per position reversed nucleotide content - C position 389,Unknown,,,
Per position reversed nucleotide content - C position 390,Unknown,,,
Per position reversed nucleotide content - C position 391,Unknown,,,
Per position reversed nucleotide content - C position 392,Unknown,,,
Per position reversed nucleotide content - C position 393,Unknown,,,
Per position reversed nucleotide content - C position 394,Unknown,,,
Per position reversed nucleotide content - C position 395,Unknown,,,
Per position reversed nucleotide content - C position 396,Unknown,,,
Per position reversed nucleotide content - C position 397,Unknown,,,
Per position reversed nucleotide content - C position 398,Unknown,,,
Per position reversed nucleotide content - C position 399,Unknown,,,
Per position reversed nucleotide content - C position 400,Unknown,,,
Per position reversed nucleotide content - C position 401,Unknown,,,
Per position reversed nucleotide content - C position 402,Unknown,,,
Per position reversed nucleotide content - C position 403,Unknown,,,
Per position reversed nucleotide content - C position 404,Unknown,,,
Per position reversed nucleotide content - C position 405,Unknown,,,
Per position reversed nucleotide content - C position 406,Unknown,,,
Per position reversed nucleotide content - C position 407,Unknown,,,
Per position reversed nucleotide content - C position 408,Unknown,,,
Per position reversed nucleotide content - C position 409,Unknown,,,
Per position reversed nucleotide content - C position 410,Unknown,,,
Per position reversed nucleotide content - C position 411,Unknown,,,
Per position reversed nucleotide content - C position 412,Unknown,,,
Per position reversed nucleotide content - C position 413,Unknown,,,
Per position reversed nucleotide content - C position 414,Unknown,,,
Per position reversed nucleotide content - C position 415,Unknown,,,
Per position reversed nucleotide content - C position 416,Unknown,,,
Per position reversed nucleotide content - C position 417,Unknown,,,
Per position reversed nucleotide content - C position 418,Unknown,,,
Per position reversed nucleotide content - C position 419,Unknown,,,
Per position reversed nucleotide content - C position 420,Unknown,,,
Per position reversed nucleotide content - C position 421,Unknown,,,
Per position reversed nucleotide content - C position 422,Unknown,,,
Per position reversed nucleotide content - C position 423,Unknown,,,
Per position reversed nucleotide content - C position 424,Unknown,,,
Per position reversed nucleotide content - C position 425,Unknown,,,
Per position reversed nucleotide content - C position 426,Unknown,,,
Per position reversed nucleotide content - C position 427,Unknown,,,
Per position reversed nucleotide content - C position 428,Unknown,,,
Per position reversed nucleotide content - C position 429,Unknown,,,
Per position reversed nucleotide content - C position 430,Unknown,,,
Per position reversed nucleotide content - C position 431,Unknown,,,
Per position reversed nucleotide content - C position 432,Unknown,,,
Per position reversed nucleotide content - C position 433,Unknown,,,
Per position reversed nucleotide content - C position 434,Unknown,,,
Per position reversed nucleotide content - C position 435,Unknown,,,
Per position reversed nucleotide content - C position 436,Unknown,,,
Per position reversed nucleotide content - C position 437,Unknown,,,
Per position reversed nucleotide content - C position 438,Unknown,,,
Per position reversed nucleotide content - C position 439,Unknown,,,
Per position reversed nucleotide content - C position 440,Unknown,,,
Per position reversed nucleotide content - C position 441,Unknown,,,
Per position reversed nucleotide content - C position 442,Unknown,,,
Per position reversed nucleotide content - C position 443,Unknown,,,
Per position reversed nucleotide content - C position 444,Unknown,,,
Per position reversed nucleotide content - C position 445,Unknown,,,
Per position reversed nucleotide content - C position 446,Unknown,,,
Per position reversed nucleotide content - C position 447,Unknown,,,
Per position reversed nucleotide content - C position 448,Unknown,,,
Per position reversed nucleotide content - C position 449,Unknown,,,
Per position reversed nucleotide content - C position 450,Unknown,,,
Per position reversed nucleotide content - C position 451,Unknown,,,
Per position reversed nucleotide content - C position 452,Unknown,,,
Per position reversed nucleotide content - C position 453,Unknown,,,
Per position reversed nucleotide content - C position 454,Unknown,,,
Per position reversed nucleotide content - C position 455,Unknown,,,
Per position reversed nucleotide content - C position 456,Unknown,,,
Per position reversed nucleotide content - C position 457,Unknown,,,
Per position reversed nucleotide content - C position 458,Unknown,,,
Per position reversed nucleotide content - C position 459,Unknown,,,
Per position reversed nucleotide content - C position 460,Unknown,,,
Per position reversed nucleotide content - C position 461,Unknown,,,
Per position reversed nucleotide content - C position 462,Unknown,,,
Per position reversed nucleotide content - C position 463,Unknown,,,
Per position reversed nucleotide content - C position 464,Unknown,,,
Per position reversed nucleotide content - C position 465,Unknown,,,
Per position reversed nucleotide content - C position 466,Unknown,,,
Per position reversed nucleotide content - C position 467,Unknown,,,
Per position reversed nucleotide content - C position 468,Unknown,,,
Per position reversed nucleotide content - C position 469,Unknown,,,
Per position reversed nucleotide content - C position 470,Unknown,,,
Per position reversed nucleotide content - C position 471,Unknown,,,
Per position reversed nucleotide content - C position 472,Unknown,,,
Per position reversed nucleotide content - C position 473,Unknown,,,
Per position reversed nucleotide content - C position 474,Unknown,,,
Per position reversed nucleotide content - C position 475,Unknown,,,
Per position reversed nucleotide content - C position 476,Unknown,,,
Per position reversed nucleotide content - C position 477,Unknown,,,
Per position reversed nucleotide content - C position 478,Unknown,,,
Per position reversed nucleotide content - C position 479,Unknown,,,
Per position reversed nucleotide content - C position 480,Unknown,,,
Per position reversed nucleotide content - C position 481,Unknown,,,
Per position reversed nucleotide content - C position 482,Unknown,,,
Per position reversed nucleotide content - C position 483,Unknown,,,
Per position reversed nucleotide content - C,Pass,0.5629251700680271,0.7317997697994599,0.5629251700680272
Per position reversed nucleotide content - G position 1,Pass,0.5233333333333333,0.7064428457234213,0.5233333333333333
Per position reversed nucleotide content - G position 2,Pass,0.5072222222222221,0.5614041095890411,0.5072222222222222
Per position reversed nucleotide content - G position 3,Pass,0.5061111111111112,0.7008241457502542,0.5061111111111111
Per position reversed nucleotide content - G position 4,Pass,0.5133333333333333,0.7047809076682315,0.5133333333333333
Per position reversed nucleotide content - G position 5,Pass,0.5128062360801782,0.7031401614264028,0.5128062360801782
Per position reversed nucleotide content - G position 6,Pass,0.5005567928730512,0.5510822757867591,0.5005567928730512
Per position reversed nucleotide content - G position 7,Pass,0.5111358574610245,0.7028729250395906,0.5111358574610245
Per position reversed nucleotide content - G position 8,Pass,0.5005567928730512,0.6983939479784076,0.5005567928730512
Per position reversed nucleotide content - G position 9,Pass,0.507238307349666,0.7016221938659397,0.5072383073496659
Per position reversed nucleotide content - G position 10,Pass,0.520066889632107,0.7081576611999078,0.520066889632107
Per position reversed nucleotide content - G position 11,Pass,0.5206243032329989,0.7110348027083055,0.5206243032329989
Per position reversed nucleotide content - G position 12,Pass,0.5067114093959733,0.701783073597998,0.5067114093959731
Per position reversed nucleotide content - G position 13,Pass,0.5235426008968611,0.7093044515868281,0.523542600896861
Per position reversed nucleotide content - G position 14,Pass,0.5173961840628507,0.7075205568818059,0.5173961840628507
Per position reversed nucleotide content - G position 15,Pass,0.5101010101010102,0.704356417280146,0.51010101010101
Per position reversed nucleotide content - G position 16,Pass,0.5044943820224719,0.7005757430870986,0.5044943820224719
Per position reversed nucleotide content - G position 17,Pass,0.5168918918918919,0.7050093140691124,0.5168918918918919
Per position reversed nucleotide content - G position 18,Pass,0.5118510158013544,0.7032609435439046,0.5118510158013544
Per position reversed nucleotide content - G position 19,Pass,0.5124153498871331,0.6979168058022893,0.5124153498871332
Per position reversed nucleotide content - G position 20,Pass,0.5401583710407241,0.7189625628411201,0.540158371040724
Per position reversed nucleotide content - G position 21,Pass,0.5124434389140272,0.7011241309710698,0.5124434389140271
Per position reversed nucleotide content - G position 22,Pass,0.5255102040816326,0.710787142775281,0.5255102040816326
Per position reversed nucleotide content - G position 23,Pass,0.5181818181818182,0.7014069264069264,0.5181818181818182
Per position reversed nucleotide content - G position 24,Pass,0.5346985210466438,0.708875477631377,0.534698521046644
Per position reversed nucleotide content - G position 25,Pass,0.5170648464163823,0.7056702018225619,0.5170648464163823
Per position reversed nucleotide content - G position 26,Pass,0.5113765642775882,0.7029922339719685,0.5113765642775882
Per position reversed nucleotide content - G position 27,Pass,0.5005688282138794,0.7004052142990556,0.5005688282138794
Per position reversed nucleotide content - G position 28,Pass,0.5017084282460137,0.7024093064063042,0.5017084282460137
Per position reversed nucleotide content - G position 29,Pass,0.5079726651480638,0.5587055561057741,0.5079726651480638
Per position reversed nucleotide content - G position 30,Pass,0.5045558086560364,0.553439354312551,0.5045558086560364
Per position reversed nucleotide content - G position 31,Pass,0.5051311288483467,0.5574732171736808,0.5051311288483467
Per position reversed nucleotide content - G position 32,Pass,0.5114155251141552,0.5672867372353674,0.5114155251141552
Per position reversed nucleotide content - G position 33,Pass,0.5062857142857142,0.6971723774380602,0.5062857142857143
Per position reversed nucleotide content - G position 34,Pass,0.5188571428571429,0.7068658828425762,0.5188571428571429
Per position reversed nucleotide content - G position 35,Pass,0.5057142857142858,0.6995337908089,0.5057142857142857
Per position reversed nucleotide content - G position 36,Pass,0.5028604118993135,0.6962845750449344,0.5028604118993135
Per position reversed nucleotide content - G position 37,Pass,0.52290950744559,0.7050571882853773,0.52290950744559
Per position reversed nucleotide content - G position 38,Pass,0.5091743119266054,0.700471261232133,0.5091743119266054
Per position reversed nucleotide content - G position 39,Pass,0.5068886337543055,0.7008088621704218,0.5068886337543054
Per position reversed nucleotide content - G position 40,Pass,0.5028702640642939,0.56138356748771,0.5028702640642939
Per position reversed nucleotide content - G position 41,Pass,0.5051664753157291,0.5613642662021457,0.505166475315729
Per position reversed nucleotide content - G position 42,Pass,0.508036739380023,0.6974950966322235,0.5080367393800229
Per position reversed nucleotide content - G position 43,Pass,0.5258323765786452,0.7070240656315138,0.5258323765786452
Per position reversed nucleotide content - G position 44,Pass,0.5160919540229885,0.7076513299066819,0.5160919540229885
Per position reversed nucleotide content - G position 45,Pass,0.5005753739930955,0.5561729409830675,0.5005753739930955
Per position reversed nucleotide content - G position 46,Pass,0.5092059838895282,0.6969040386761907,0.5092059838895282
Per position reversed nucleotide content - G position 47,Pass,0.5086405529953917,0.7011959843933313,0.5086405529953917
Per position reversed nucleotide content - G position 48,Pass,0.5219146482122261,0.7060409243034462,0.5219146482122261
Per position reversed nucleotide content - G position 49,Pass,0.504041570438799,0.6955910101468298,0.504041570438799
Per position reversed nucleotide content - G position 50,Pass,0.516743648960739,0.7090528505992428,0.516743648960739
Per position reversed nucleotide content - G position 51,Pass,0.5127167630057803,0.7037551003060183,0.5127167630057804
Per position reversed nucleotide content - G position 52,Pass,0.5028935185185185,0.7020020641128494,0.5028935185185185
Per position reversed nucleotide content - G position 53,Pass,0.5196759259259259,0.7073679736152082,0.5196759259259259
Per position reversed nucleotide content - G position 54,Pass,0.5324449594438007,0.7118273134579871,0.5324449594438007
Per position reversed nucleotide content - G position 55,Pass,0.515661252900232,0.7053875822980967,0.515661252900232
Per position reversed nucleotide content - G position 56,Pass,0.5017401392111369,0.556814385150812,0.5017401392111369
Per position reversed nucleotide content - G position 57,Pass,0.5290360046457607,0.7125112917795844,0.5290360046457607
Per position reversed nucleotide content - G position 58,Pass,0.5162980209545984,0.7088273027488061,0.5162980209545984
Per position reversed nucleotide content - G position 59,Pass,0.5058275058275058,0.6994098026787476,0.5058275058275058
Per position reversed nucleotide content - G position 60,Pass,0.513986013986014,0.700065172561379,0.513986013986014
Per position reversed nucleotide content - G position 61,Pass,0.5303030303030304,0.7091791187535869,0.5303030303030303
Per position reversed nucleotide content - G position 62,Pass,0.5005827505827506,0.5563088486316834,0.5005827505827506
Per position reversed nucleotide content - G position 63,Pass,0.5029137529137528,0.5595162711304442,0.502913752913753
Per position reversed nucleotide content - G position 64,Pass,0.5081585081585083,0.6995855415137927,0.5081585081585082
Per position reversed nucleotide content - G position 65,Pass,0.5256709451575262,0.7072831583041618,0.5256709451575262
Per position reversed nucleotide content - G position 66,Pass,0.5157526254375729,0.7065568123592555,0.5157526254375729
Per position reversed nucleotide content - G position 67,Pass,0.5011668611435239,0.5581731405406055,0.5011668611435239
Per position reversed nucleotide content - G position 68,Pass,0.5122520420070011,0.7005723950726276,0.5122520420070011
Per position reversed nucleotide content - G position 69,Pass,0.5064177362893816,0.6957870287923209,0.5064177362893816
Per position reversed nucleotide content - G position 70,Pass,0.5215869311551926,0.7050769501199985,0.5215869311551925
Per position reversed nucleotide content - G position 71,Pass,0.5233372228704785,0.7081851466262341,0.5233372228704785
Per position reversed nucleotide content - G position 72,Pass,0.5239206534422404,0.7111818451906806,0.5239206534422404
Per position reversed nucleotide content - G position 73,Pass,0.5250875145857643,0.704853650576501,0.5250875145857643
Per position reversed nucleotide content - G position 74,Pass,0.5192532088681447,0.706843080200634,0.5192532088681447
Per position reversed nucleotide content - G position 75,Pass,0.5023364485981309,0.5614953271028037,0.5023364485981309
Per position reversed nucleotide content - G position 76,Pass,0.5134345794392523,0.7000435533888261,0.5134345794392523
Per position reversed nucleotide content - G position 77,Pass,0.5151869158878505,0.7011933969622622,0.5151869158878505
Per position reversed nucleotide content - G position 78,Pass,0.516355140186916,0.703569232661092,0.5163551401869159
Per position reversed nucleotide content - G position 79,Pass,0.5110981308411215,0.7027138415036652,0.5110981308411215
Per position reversed nucleotide content - G position 80,Pass,0.5350877192982456,0.7133932284063664,0.5350877192982456
Per position reversed nucleotide content - G position 81,Pass,0.5210526315789474,0.7098633462040133,0.5210526315789473
Per position reversed nucleotide content - G position 82,Pass,0.5309941520467836,0.712849070241146,0.5309941520467836
Per position reversed nucleotide content - G position 83,Pass,0.512280701754386,0.7010323157806598,0.512280701754386
Per position reversed nucleotide content - G position 84,Pass,0.5157894736842105,0.5781708985402667,0.5157894736842106
Per position reversed nucleotide content - G position 85,Pass,0.5216627634660421,0.7083132926281104,0.5216627634660421
Per position reversed nucleotide content - G position 86,Pass,0.5134660421545667,0.7005018146771012,0.5134660421545667
Per position reversed nucleotide content - G position 87,Pass,0.5152224824355972,0.7050777091760698,0.5152224824355972
Per position reversed nucleotide content - G position 88,Pass,0.5128956623681126,0.5716749545882018,0.5128956623681126
Per position reversed nucleotide content - G position 89,Pass,0.5005868544600939,0.5517767991232698,0.5005868544600939
Per position reversed nucleotide content - G position 90,Pass,0.5252643948296122,0.7068022701015029,0.5252643948296122
Per position reversed nucleotide content - G position 91,Pass,0.5205882352941177,0.7048994220689038,0.5205882352941177
Per position reversed nucleotide content - G position 92,Pass,0.5017647058823529,0.6961534199210958,0.5017647058823529
Per position reversed nucleotide content - G position 93,Pass,0.5164705882352942,0.7023941893830703,0.5164705882352941
Per position reversed nucleotide content - G position 94,Pass,0.51,0.700849771709739,0.51
Per position reversed nucleotide content - G position 95,Pass,0.5194117647058824,0.7056475923702814,0.5194117647058824
Per position reversed nucleotide content - G position 96,Pass,0.5282685512367491,0.7147192775814685,0.5282685512367491
Per position reversed nucleotide content - G position 97,Pass,0.5153482880755609,0.6983917031708026,0.5153482880755608
Per position reversed nucleotide content - G position 98,Pass,0.525974025974026,0.7130251377410469,0.525974025974026
Per position reversed nucleotide content - G position 99,Pass,0.5130023640661938,0.7047668846703755,0.5130023640661938
Per position reversed nucleotide content - G position 100,Pass,0.5349526066350712,0.713874778692175,0.534952606635071
Per position reversed nucleotide content - G position 101,Pass,0.510688836104513,0.7023350498237394,0.5106888361045131
Per position reversed nucleotide content - G position 102,Pass,0.502375296912114,0.6961303661433289,0.502375296912114
Per position reversed nucleotide content - G position 103,Pass,0.5143027413587604,0.7053660486336417,0.5143027413587604
Per position reversed nucleotide content - G position 104,Pass,0.5077565632458234,0.6999730570589595,0.5077565632458234
Per position reversed nucleotide content - G position 105,Pass,0.501194743130227,0.5528359429038546,0.501194743130227
Per position reversed nucleotide content - G position 106,Pass,0.5023923444976077,0.6966389025257003,0.5023923444976076
Per position reversed nucleotide content - G position 107,Pass,0.500599520383693,0.6968333799779399,0.500599520383693
Per position reversed nucleotide content - G position 108,Pass,0.5168067226890757,0.7052480501403016,0.5168067226890757
Per position reversed nucleotide content - G position 109,Pass,0.5354993983152827,0.7204515479050267,0.5354993983152828
Per position reversed nucleotide content - G position 110,Pass,0.5270758122743682,0.7093895490772145,0.5270758122743683
Per position reversed nucleotide content - G position 111,Pass,0.5276774969915764,0.7121749474332112,0.5276774969915764
Per position reversed nucleotide content - G position 112,Pass,0.5102286401925391,0.7015218322293968,0.5102286401925391
Per position reversed nucleotide content - G position 113,Pass,0.5156438026474128,0.707391149764796,0.5156438026474127
Per position reversed nucleotide content - G position 114,Pass,0.5078407720144753,0.699437539241177,0.5078407720144753
Per position reversed nucleotide content - G position 115,Pass,0.5193236714975846,0.707825790581192,0.5193236714975845
Per position reversed nucleotide content - G position 116,Pass,0.5223700120918985,0.7099297187359566,0.5223700120918985
Per position reversed nucleotide content - G position 117,Pass,0.5012106537530266,0.6959081780130263,0.5012106537530266
Per position reversed nucleotide content - G position 118,Pass,0.5073081607795371,0.6999576626766659,0.5073081607795371
Per position reversed nucleotide content - G position 119,Pass,0.5036585365853659,0.5605233181452693,0.5036585365853659
Per position reversed nucleotide content - G position 120,Pass,0.5183150183150184,0.7069829325264109,0.5183150183150184
Per position reversed nucleotide content - G position 121,Pass,0.5226993865030676,0.7067103352131696,0.5226993865030675
Per position reversed nucleotide content - G position 122,Pass,0.5171990171990173,0.6985750186075919,0.5171990171990172
Per position reversed nucleotide content - G position 123,Pass,0.5282902829028291,0.7075838563851876,0.528290282902829
Per position reversed nucleotide content - G position 124,Pass,0.5061728395061729,0.697666293744725,0.5061728395061729
Per position reversed nucleotide content - G position 125,Pass,0.5216584158415842,0.707433986856259,0.5216584158415841
Per position reversed nucleotide content - G position 126,Pass,0.504968944099379,0.6972496180025003,0.5049689440993789
Per position reversed nucleotide content - G position 127,Pass,0.5006234413965087,0.5561905096413895,0.5006234413965087
Per position reversed nucleotide content - G position 128,Pass,0.515,0.7047770700636942,0.515
Per position reversed nucleotide content - G position 129,Pass,0.5056320400500625,0.5602611372323513,0.5056320400500626
Per position reversed nucleotide content - G position 130,Pass,0.5037688442211055,0.5575959617363928,0.5037688442211056
Per position reversed nucleotide content - G position 131,Pass,0.5018844221105528,0.554715609770909,0.5018844221105527
Per position reversed nucleotide content - G position 132,Pass,0.5025157232704403,0.6964039358896327,0.5025157232704403
Per position reversed nucleotide content - G position 133,Pass,0.5404040404040403,0.7193011302737992,0.5404040404040404
Per position reversed nucleotide content - G position 134,Pass,0.5076045627376427,0.6970171686345141,0.5076045627376425
Per position reversed nucleotide content - G position 135,Pass,0.5221799746514575,0.7058472162871143,0.5221799746514575
Per position reversed nucleotide content - G position 136,Pass,0.5095177664974619,0.5672167692376803,0.5095177664974619
Per position reversed nucleotide content - G position 137,Pass,0.5204081632653061,0.7067910497532346,0.5204081632653061
Per position reversed nucleotide content - G position 138,Pass,0.528061224489796,0.7090271335807049,0.5280612244897959
Per position reversed nucleotide content - G position 139,Pass,0.5083014048531289,0.7015502791994109,0.508301404853129
Per position reversed nucleotide content - G position 140,Pass,0.5147435897435898,0.7043810407363148,0.5147435897435897
Per position reversed nucleotide content - G position 141,Pass,0.5038510911424904,0.7021024402606956,0.5038510911424904
Per position reversed nucleotide content - G position 142,Pass,0.5219638242894058,0.7094865929597154,0.5219638242894057
Per position reversed nucleotide content - G position 143,Pass,0.5045219638242895,0.6923808345703447,0.5045219638242894
Per position reversed nucleotide content - G position 144,Pass,0.5142302716688227,0.7031375035130514,0.5142302716688227
Per position reversed nucleotide content - G position 145,Pass,0.5234986945169713,0.7082557041080074,0.5234986945169713
Per position reversed nucleotide content - G position 146,Pass,0.5170157068062827,0.7088706488191955,0.5170157068062827
Per position reversed nucleotide content - G position 147,Pass,0.5065530799475755,0.6986932387633953,0.5065530799475754
Per position reversed nucleotide content - G position 148,Pass,0.5085526315789474,0.7014038757982823,0.5085526315789474
Per position reversed nucleotide content - G position 149,Pass,0.5,0.6936015831134565,0.5
Per position reversed nucleotide content - G position 150,Pass,0.5006605019815059,0.5562284351032157,0.5006605019815059
Per position reversed nucleotide content - G position 151,Pass,0.5039735099337748,0.6992737492347932,0.5039735099337749
Per position reversed nucleotide content - G position 152,Pass,0.5139442231075697,0.7020341786546429,0.5139442231075697
Per position reversed nucleotide content - G position 153,Pass,0.511968085106383,0.7036012075905692,0.511968085106383
Per position reversed nucleotide content - G position 154,Pass,0.5127005347593583,0.6989941791886762,0.5127005347593583
Per position reversed nucleotide content - G position 155,Pass,0.5107962213225372,0.7058075281759493,0.5107962213225371
Per position reversed nucleotide content - G position 156,Pass,0.5209459459459459,0.7070477945477944,0.5209459459459459
Per position reversed nucleotide content - G position 157,Pass,0.5168918918918919,0.7044071282904761,0.5168918918918919
Per position reversed nucleotide content - G position 158,Pass,0.5223880597014926,0.7050427474279091,0.5223880597014925
Per position reversed nucleotide content - G position 159,Pass,0.5149863760217983,0.7053708644862016,0.5149863760217984
Per position reversed nucleotide content - G position 160,Pass,0.53077975376197,0.7133136996039403,0.53077975376197
Per position reversed nucleotide content - G position 161,Pass,0.5027434842249657,0.6929399530952696,0.5027434842249657
Per position reversed nucleotide content - G position 162,Pass,0.5220082530949106,0.7058794734858312,0.5220082530949106
Per position reversed nucleotide content - G position 163,Pass,0.5213793103448277,0.7095271796416202,0.5213793103448275
Per position reversed nucleotide content - G position 164,Pass,0.518646408839779,0.7045604094203077,0.518646408839779
Per position reversed nucleotide content - G position 165,Pass,0.5069252077562327,0.7040324358519683,0.5069252077562327
Per position reversed nucleotide content - G position 166,Pass,0.5132496513249651,0.6968464994311937,0.5132496513249651
Per position reversed nucleotide content - G position 167,Pass,0.5379746835443038,0.7201044272680881,0.5379746835443038
Per position reversed nucleotide content - G position 168,Pass,0.5268361581920904,0.7125933618345915,0.5268361581920904
Per position reversed nucleotide content - G position 169,Pass,0.5106082036775106,0.7024559598817024,0.5106082036775106
Per position reversed nucleotide content - G position 170,Pass,0.5299145299145298,0.7149267765274959,0.5299145299145299
Per position reversed nucleotide content - G position 171,Pass,0.5178826895565093,0.7052995047265374,0.5178826895565093
Per position reversed nucleotide content - G position 172,Pass,0.5366906474820143,0.7133658835326501,0.5366906474820143
Per position reversed nucleotide content - G position 173,Pass,0.5195086705202312,0.7067384673274303,0.5195086705202312
Per position reversed nucleotide content - G position 174,Pass,0.5051094890510949,0.6987112332569166,0.5051094890510949
Per position reversed nucleotide content - G position 175,Pass,0.5109809663250366,0.7018974096287358,0.5109809663250366
Per position reversed nucleotide content - G position 176,Pass,0.5088495575221239,0.7001069251830414,0.5088495575221239
Per position reversed nucleotide content - G position 177,Pass,0.5022156573116692,0.6978977260906651,0.5022156573116692
Per position reversed nucleotide content - G position 178,Pass,0.5222551928783382,0.7067250682265632,0.5222551928783383
Per position reversed nucleotide content - G position 179,Pass,0.5224887556221889,0.7030486236171855,0.5224887556221889
Per position reversed nucleotide content - G position 180,Pass,0.5322822822822824,0.7152028100550503,0.5322822822822822
Per position reversed nucleotide content - G position 181,Pass,0.5075187969924813,0.6982871422742903,0.5075187969924813
Per position reversed nucleotide content - G position 182,Pass,0.5181543116490166,0.7069795182124985,0.5181543116490166
Per position reversed nucleotide content - G position 183,Pass,0.5121396054628224,0.7022901719286355,0.5121396054628224
Per position reversed nucleotide content - G position 184,Pass,0.517503805175038,0.7031536091054277,0.517503805175038
Per position reversed nucleotide content - G position 185,Pass,0.5266362252663622,0.714946408942994,0.5266362252663622
Per position reversed nucleotide content - G position 186,Pass,0.5277349768875192,0.7129493090331278,0.5277349768875192
Per position reversed nucleotide content - G position 187,Pass,0.5401854714064915,0.7148049932691829,0.5401854714064915
Per position reversed nucleotide content - G position 188,Pass,0.547360248447205,0.7217261259699164,0.547360248447205
Per position reversed nucleotide content - G position 189,Pass,0.5078003120124805,0.7025386330413846,0.5078003120124805
Per position reversed nucleotide content - G position 190,Pass,0.5101404056162246,0.7002176576531467,0.5101404056162246
Per position reversed nucleotide content - G position 191,Pass,0.5078003120124805,0.6975330528372651,0.5078003120124805
Per position reversed nucleotide content - G position 192,Pass,0.5234375,0.7086718750000001,0.5234375
Per position reversed nucleotide content - G position 193,Pass,0.5383411580594679,0.7216772449621154,0.5383411580594679
Per position reversed nucleotide content - G position 194,Pass,0.5007836990595611,0.5588411880346422,0.5007836990595611
Per position reversed nucleotide content - G position 195,Pass,0.5086750788643533,0.7003301798202752,0.5086750788643533
Per position reversed nucleotide content - G position 196,Pass,0.5157977883096366,0.7037281819084881,0.5157977883096366
Per position reversed nucleotide content - G position 197,Pass,0.5103174603174604,0.6997550811522153,0.5103174603174603
Per position reversed nucleotide content - G position 198,Pass,0.508,0.7033150905432596,0.508
Per position reversed nucleotide content - G position 199,Pass,0.5096463022508039,0.7032095521919849,0.5096463022508039
Per position reversed nucleotide content - G position 200,Pass,0.5104669887278583,0.703393461271403,0.5104669887278583
Per position reversed nucleotide content - G position 201,Pass,0.5169354838709679,0.6991394414098732,0.5169354838709678
Per position reversed nucleotide content - G position 202,Pass,0.5016129032258064,0.698091892605053,0.5016129032258064
Per position reversed nucleotide content - G position 203,Pass,0.514516129032258,0.6995048999591671,0.5145161290322581
Per position reversed nucleotide content - G position 204,Pass,0.5105348460291734,0.7090749631171316,0.5105348460291734
Per position reversed nucleotide content - G position 205,Pass,0.515422077922078,0.7034108683287514,0.515422077922078
Per position reversed nucleotide content - G position 206,Pass,0.5211382113821138,0.7087473963582611,0.5211382113821138
Per position reversed nucleotide content - G position 207,Pass,0.5228384991843393,0.7091525268523637,0.5228384991843393
Per position reversed nucleotide content - G position 208,Pass,0.5032894736842105,0.6943249550157445,0.5032894736842105
Per position reversed nucleotide content - G position 209,Pass,0.504950495049505,0.7000013808912272,0.504950495049505
Per position reversed nucleotide content - G position 210,Pass,0.5240066225165563,0.7080521055935227,0.5240066225165563
Per position reversed nucleotide content - G position 211,Pass,0.51,0.7060351697851698,0.51
Per position reversed nucleotide content - G position 212,Pass,0.5252100840336135,0.710550986990085,0.5252100840336135
Per position reversed nucleotide content - G position 213,Pass,0.5101351351351351,0.6992210551162515,0.5101351351351351
Per position reversed nucleotide content - G position 214,Pass,0.5127551020408163,0.7059664775000909,0.5127551020408163
Per position reversed nucleotide content - G position 215,Pass,0.5196581196581197,0.7083664379439027,0.5196581196581197
Per position reversed nucleotide content - G position 216,Pass,0.5068376068376068,0.697929138898302,0.5068376068376068
Per position reversed nucleotide content - G position 217,Pass,0.5180722891566265,0.7062792490331405,0.5180722891566265
Per position reversed nucleotide content - G position 218,Pass,0.5121317157712306,0.6985000039210458,0.5121317157712305
Per position reversed nucleotide content - G position 219,Pass,0.5347222222222222,0.7179721690371992,0.5347222222222222
Per position reversed nucleotide content - G position 220,Pass,0.5234375,0.7088805648045381,0.5234375
Per position reversed nucleotide content - G position 221,Pass,0.5105078809106831,0.7051355824560728,0.510507880910683
Per position reversed nucleotide content - G position 222,Pass,0.5166666666666666,0.7031864059923308,0.5166666666666667
Per position reversed nucleotide content - G position 223,Pass,0.5140845070422535,0.7043082485947073,0.5140845070422535
Per position reversed nucleotide content - G position 224,Pass,0.525573192239859,0.7067364641991508,0.5255731922398589
Per position reversed nucleotide content - G position 225,Pass,0.5185840707964602,0.7072329454393422,0.5185840707964602
Per position reversed nucleotide content - G position 226,Pass,0.5026642984014209,0.5636023411743887,0.5026642984014209
Per position reversed nucleotide content - G position 227,Pass,0.5177935943060499,0.704132521466584,0.5177935943060499
Per position reversed nucleotide content - G position 228,Pass,0.5330357142857143,0.7082423258559623,0.5330357142857143
Per position reversed nucleotide content - G position 229,Pass,0.5322003577817531,0.7159055035252024,0.5322003577817531
Per position reversed nucleotide content - G position 230,Pass,0.5134649910233393,0.7075301186611779,0.5134649910233393
Per position reversed nucleotide content - G position 231,Pass,0.5280797101449275,0.7101301303840496,0.5280797101449275
Per position reversed nucleotide content - G position 232,Pass,0.5136861313868614,0.7046190296961033,0.5136861313868614
Per position reversed nucleotide content - G position 233,Pass,0.5027522935779817,0.5582104285216584,0.5027522935779817
Per position reversed nucleotide content - G position 234,Pass,0.5193726937269373,0.7063828489524565,0.5193726937269373
Per position reversed nucleotide content - G position 235,Pass,0.5158582089552239,0.7028755141261204,0.5158582089552238
Per position reversed nucleotide content - G position 236,Pass,0.5216981132075472,0.706969696969697,0.5216981132075472
Per position reversed nucleotide content - G position 237,Pass,0.5378071833648392,0.7185121468042956,0.5378071833648393
Per position reversed nucleotide content - G position 238,Pass,0.5142314990512333,0.7084226895568305,0.5142314990512334
Per position reversed nucleotide content - G position 239,Pass,0.5123574144486691,0.7002903156407989,0.5123574144486692
Per position reversed nucleotide content - G position 240,Pass,0.5371428571428571,0.7112809942044573,0.5371428571428571
Per position reversed nucleotide content - G position 241,Pass,0.5201923076923077,0.7036860980071242,0.5201923076923077
Per position reversed nucleotide content - G position 242,Pass,0.5076923076923077,0.695307353226119,0.5076923076923077
Per position reversed nucleotide content - G position 243,Pass,0.5057803468208093,0.7002923150124134,0.5057803468208093
Per position reversed nucleotide content - G position 244,Pass,0.5009652509652509,0.5509299369055467,0.500965250965251
Per position reversed nucleotide content - G position 245,Pass,0.5087719298245614,0.702579420877169,0.5087719298245614
Per position reversed nucleotide content - G position 246,Pass,0.5088582677165354,0.70551664170813,0.5088582677165354
Per position reversed nucleotide content - G position 247,Pass,0.5138067061143984,0.6978393401470324,0.5138067061143984
Per position reversed nucleotide content - G position 248,Pass,0.5159045725646123,0.7029413264005709,0.5159045725646123
Per position reversed nucleotide content - G position 249,Pass,0.5150602409638554,0.7041110526831331,0.5150602409638554
Per position reversed nucleotide content - G position 250,Pass,0.5150905432595574,0.7084393151360996,0.5150905432595574
Per position reversed nucleotide content - G position 251,Pass,0.5222672064777328,0.7104745436284001,0.5222672064777328
Per position reversed nucleotide content - G position 252,Pass,0.5010162601626016,0.5550466227411089,0.5010162601626016
Per position reversed nucleotide content - G position 253,Pass,0.5153374233128833,0.5769392385914782,0.5153374233128835
Per position reversed nucleotide content - G position 254,Pass,0.5113402061855671,0.7010650645183314,0.511340206185567
Per position reversed nucleotide content - G position 255,Pass,0.541407867494824,0.7226143421795596,0.5414078674948241
Per position reversed nucleotide content - G position 256,Pass,0.5010438413361169,0.6970960971701226,0.5010438413361169
Per position reversed nucleotide content - G position 257,Pass,0.5295358649789029,0.7074801009853081,0.5295358649789029
Per position reversed nucleotide content - G position 258,Pass,0.5127659574468085,0.7024914487796394,0.5127659574468085
Per position reversed nucleotide content - G position 259,Pass,0.5,0.5623667377398721,0.5
Per position reversed nucleotide content - G position 260,Pass,0.5053533190578159,0.6965897210350639,0.5053533190578159
Per position reversed nucleotide content - G position 261,Pass,0.528969957081545,0.7125601063861017,0.528969957081545
Per position reversed nucleotide content - G position 262,Pass,0.501082251082251,0.6935324493178631,0.5010822510822511
Per position reversed nucleotide content - G position 263,Pass,0.517391304347826,0.7071400766558871,0.5173913043478261
Per position reversed nucleotide content - G position 264,Pass,0.5065359477124183,0.7014125209312374,0.5065359477124183
Per position reversed nucleotide content - G position 265,Pass,0.5,0.5518558951965066,0.5
Per position reversed nucleotide content - G position 266,Pass,0.5152838427947598,0.7019959045715837,0.5152838427947598
Per position reversed nucleotide content - G position 267,Pass,0.5022026431718062,0.6939962240402768,0.5022026431718062
Per position reversed nucleotide content - G position 268,Pass,0.5022075055187638,0.6955225893036323,0.5022075055187638
Per position reversed nucleotide content - G position 269,Pass,0.5299334811529933,0.7077188973557064,0.5299334811529933
Per position reversed nucleotide content - G position 270,Pass,0.5200445434298442,0.7025508580778795,0.5200445434298441
Per position reversed nucleotide content - G position 271,Pass,0.5290178571428572,0.7161094622905029,0.5290178571428571
Per position reversed nucleotide content - G position 272,Pass,0.5280269058295964,0.7113212615244064,0.5280269058295964
Per position reversed nucleotide content - G position 273,Pass,0.5079006772009029,0.701713508817821,0.5079006772009029
Per position reversed nucleotide content - G position 274,Pass,0.5136986301369862,0.7035740910845747,0.5136986301369864
Per position reversed nucleotide content - G position 275,Pass,0.5137931034482759,0.6998933168146465,0.5137931034482759
Per position reversed nucleotide content - G position 276,Pass,0.5275862068965518,0.7094767897950135,0.5275862068965518
Per position reversed nucleotide content - G position 277,Pass,0.505800464037123,0.6984930859847688,0.505800464037123
Per position reversed nucleotide content - G position 278,Pass,0.5,0.552784222737819,0.5
Per position reversed nucleotide content - G position 279,Pass,0.5127906976744186,0.7046314689865397,0.5127906976744186
Per position reversed nucleotide content - G position 280,Pass,0.5058139534883721,0.6972229001778181,0.5058139534883721
Per position reversed nucleotide content - G position 281,Pass,0.5058275058275058,0.5626285479226656,0.5058275058275058
Per position reversed nucleotide content - G position 282,Pass,0.5176056338028169,0.7040300299020549,0.5176056338028169
Per position reversed nucleotide content - G position 283,Pass,0.5247641509433962,0.706177723676202,0.5247641509433962
Per position reversed nucleotide content - G position 284,Pass,0.5296208530805687,0.7087121017895207,0.5296208530805687
Per position reversed nucleotide content - G position 285,Pass,0.518957345971564,0.7057235771186562,0.518957345971564
Per position reversed nucleotide content - G position 286,Pass,0.5083333333333333,0.7061563621017093,0.5083333333333333
Per position reversed nucleotide content - G position 287,Pass,0.5023866348448687,0.5565082727735915,0.5023866348448688
Per position reversed nucleotide content - G position 288,Pass,0.5023866348448687,0.5565082727735915,0.5023866348448688
Per position reversed nucleotide content - G position 289,Pass,0.5060096153846154,0.5617496468926554,0.5060096153846154
Per position reversed nucleotide content - G position 290,Pass,0.5351089588377723,0.7163768434954875,0.5351089588377724
Per position reversed nucleotide content - G position 291,Pass,0.5024449877750612,0.5543567914690547,0.5024449877750611
Per position reversed nucleotide content - G position 292,Pass,0.5306372549019609,0.7068208361140241,0.5306372549019608
Per position reversed nucleotide content - G position 293,Pass,0.5483870967741935,0.7232680411965725,0.5483870967741935
Per position reversed nucleotide content - G position 294,Pass,0.5174563591022444,0.7014609242366396,0.5174563591022444
Per position reversed nucleotide content - G position 295,Pass,0.5238693467336684,0.7080505516272801,0.5238693467336684
Per position reversed nucleotide content - G position 296,Pass,0.5214646464646464,0.707014431183799,0.5214646464646465
Per position reversed nucleotide content - G position 297,Pass,0.5025316455696203,0.6976418946508778,0.5025316455696203
Per position reversed nucleotide content - G position 298,Pass,0.5,0.6919642857142858,0.5
Per position reversed nucleotide content - G position 299,Pass,0.5051282051282051,0.699069884364002,0.5051282051282051
Per position reversed nucleotide content - G position 300,Pass,0.5400516795865633,0.7146195275631725,0.5400516795865633
Per position reversed nucleotide content - G position 301,Pass,0.5276315789473685,0.7089437819420784,0.5276315789473685
Per position reversed nucleotide content - G position 302,Pass,0.5223684210526316,0.7033928733751477,0.5223684210526316
Per position reversed nucleotide content - G position 303,Pass,0.5253333333333334,0.7037107583774251,0.5253333333333333
Per position reversed nucleotide content - G position 304,Pass,0.517379679144385,0.5775188187608571,0.517379679144385
Per position reversed nucleotide content - G position 305,Pass,0.5269541778975741,0.7140001827401891,0.5269541778975741
Per position reversed nucleotide content - G position 306,Pass,0.537940379403794,0.710421906377337,0.537940379403794
Per position reversed nucleotide content - G position 307,Pass,0.5149863760217984,0.5729522886454658,0.5149863760217984
Per position reversed nucleotide content - G position 308,Pass,0.5193905817174516,0.7056737413866189,0.5193905817174516
Per position reversed nucleotide content - G position 309,Pass,0.5139275766016713,0.5719058194684935,0.5139275766016713
Per position reversed nucleotide content - G position 310,Pass,0.5083798882681564,0.7023708470695067,0.5083798882681564
Per position reversed nucleotide content - G position 311,Pass,0.5084507042253521,0.5649295774647887,0.5084507042253521
Per position reversed nucleotide content - G position 312,Pass,0.5098870056497176,0.5754545024145441,0.5098870056497176
Per position reversed nucleotide content - G position 313,Pass,0.5127118644067796,0.6997499092935262,0.5127118644067796
Per position reversed nucleotide content - G position 314,Pass,0.5099431818181819,0.6985353360957642,0.5099431818181818
Per position reversed nucleotide content - G position 315,Pass,0.5028571428571429,0.6987629399585921,0.5028571428571429
Per position reversed nucleotide content - G position 316,Pass,0.5287356321839081,0.717948521290956,0.5287356321839081
Per position reversed nucleotide content - G position 317,Pass,0.5202898550724637,0.7058052130651092,0.5202898550724637
Per position reversed nucleotide content - G position 318,Pass,0.5130813953488371,0.7082838323731022,0.5130813953488372
Per position reversed nucleotide content - G position 319,Pass,0.5130813953488372,0.6990368915758352,0.5130813953488372
Per position reversed nucleotide content - G position 320,Pass,0.502906976744186,0.6949805472984787,0.502906976744186
Per position reversed nucleotide content - G position 321,Pass,0.5058823529411764,0.6974821746880571,0.5058823529411764
Per position reversed nucleotide content - G position 322,Pass,0.5238095238095237,0.7028144919385076,0.5238095238095238
Per position reversed nucleotide content - G position 323,Pass,0.5150602409638554,0.5774413443246671,0.5150602409638554
Per position reversed nucleotide content - G position 324,Pass,0.5244648318042813,0.7074464227435906,0.5244648318042814
Per position reversed nucleotide content - G position 325,Pass,0.5245398773006135,0.7110029600630207,0.5245398773006135
Per position reversed nucleotide content - G position 326,Pass,0.52,0.7034361029751811,0.52
Per position reversed nucleotide content - G position 327,Pass,0.5109717868338557,0.6971670968697097,0.5109717868338558
Per position reversed nucleotide content - G position 328,Pass,0.5283018867924528,0.7081206825445923,0.5283018867924528
Per position reversed nucleotide content - G position 329,Pass,0.5395569620253164,0.7205446701533641,0.5395569620253164
Per position reversed nucleotide content - G position 330,Pass,0.5412698412698412,0.7165490887713111,0.5412698412698412
Per position reversed nucleotide content - G position 331,Pass,0.5095846645367412,0.7011442915824475,0.5095846645367412
Per position reversed nucleotide content - G position 332,Pass,0.5112903225806451,0.7059547083740633,0.5112903225806451
Per position reversed nucleotide content - G position 333,Pass,0.5357142857142858,0.719782757892514,0.5357142857142857
Per position reversed nucleotide content - G position 334,Pass,0.51158940397351,0.6983161214652497,0.5115894039735099
Per position reversed nucleotide content - G position 335,Pass,0.5283333333333333,0.7115618336886994,0.5283333333333333
Per position reversed nucleotide content - G position 336,Pass,0.5453020134228188,0.7162429441308503,0.5453020134228188
Per position reversed nucleotide content - G position 337,Pass,0.5016891891891891,0.6897484733055204,0.5016891891891891
Per position reversed nucleotide content - G position 338,Pass,0.5170068027210885,0.7003082482993197,0.5170068027210885
Per position reversed nucleotide content - G position 339,Pass,0.5325342465753424,0.7117307809130395,0.5325342465753424
Per position reversed nucleotide content - G position 340,Pass,0.5085910652920962,0.7062734926252391,0.5085910652920962
Per position reversed nucleotide content - G position 341,Pass,0.515625,0.6978807471264369,0.515625
Per position reversed nucleotide content - G position 342,Pass,0.534965034965035,0.7206597750076011,0.534965034965035
Per position reversed nucleotide content - G position 343,Pass,0.5140845070422535,0.5742276238073603,0.5140845070422535
Per position reversed nucleotide content - G position 344,Pass,0.5017667844522968,0.5585056064105061,0.5017667844522968
Per position reversed nucleotide content - G position 345,Pass,0.5320284697508897,0.7131209476917076,0.5320284697508897
Per position reversed nucleotide content - G position 346,Pass,0.5285714285714286,0.5951388888888889,0.5285714285714286
Per position reversed nucleotide content - G position 347,Pass,0.5196428571428572,0.5827142857142857,0.5196428571428572
Per position reversed nucleotide content - G position 348,Pass,0.5286738351254481,0.7082705255753191,0.5286738351254481
Per position reversed nucleotide content - G position 349,Pass,0.531021897810219,0.7185787940480328,0.531021897810219
Per position reversed nucleotide content - G position 350,Pass,0.518450184501845,0.7060807282601128,0.518450184501845
Per position reversed nucleotide content - G position 351,Pass,0.5148698884758365,0.707275127679533,0.5148698884758365
Per position reversed nucleotide content - G position 352,Pass,0.5018939393939394,0.5644083969465649,0.5018939393939394
Per position reversed nucleotide content - G position 353,Pass,0.5190114068441064,0.7029561796483831,0.5190114068441065
Per position reversed nucleotide content - G position 354,Pass,0.5211538461538461,0.7105047494878003,0.5211538461538462
Per position reversed nucleotide content - G position 355,Pass,0.5096525096525096,0.6943166220659828,0.5096525096525096
Per position reversed nucleotide content - G position 356,Pass,0.52734375,0.7118314676616915,0.52734375
Per position reversed nucleotide content - G position 357,Pass,0.5039370078740157,0.556973046638401,0.5039370078740157
Per position reversed nucleotide content - G position 358,Pass,0.5059760956175299,0.5670594931199571,0.5059760956175299
Per position reversed nucleotide content - G position 359,Pass,0.522,0.7109269521410579,0.522
Per position reversed nucleotide content - G position 360,Unknown,,,
Per position reversed nucleotide content - G position 361,Unknown,,,
Per position reversed nucleotide content - G position 362,Unknown,,,
Per position reversed nucleotide content - G position 363,Unknown,,,
Per position reversed nucleotide content - G position 364,Unknown,,,
Per position reversed nucleotide content - G position 365,Unknown,,,
Per position reversed nucleotide content - G position 366,Unknown,,,
Per position reversed nucleotide content - G position 367,Unknown,,,
Per position reversed nucleotide content - G position 368,Unknown,,,
Per position reversed nucleotide content - G position 369,Unknown,,,
Per position reversed nucleotide content - G position 370,Unknown,,,
Per position reversed nucleotide content - G position 371,Unknown,,,
Per position reversed nucleotide content - G position 372,Unknown,,,
Per position reversed nucleotide content - G position 373,Unknown,,,
Per position reversed nucleotide content - G position 374,Unknown,,,
Per position reversed nucleotide content - G position 375,Unknown,,,
Per position reversed nucleotide content - G position 376,Unknown,,,
Per position reversed nucleotide content - G position 377,Unknown,,,
Per position reversed nucleotide content - G position 378,Unknown,,,
Per position reversed nucleotide content - G position 379,Unknown,,,
Per position reversed nucleotide content - G position 380,Unknown,,,
Per position reversed nucleotide content - G position 381,Unknown,,,
Per position reversed nucleotide content - G position 382,Unknown,,,
Per position reversed nucleotide content - G position 383,Unknown,,,
Per position reversed nucleotide content - G position 384,Unknown,,,
Per position reversed nucleotide content - G position 385,Unknown,,,
Per position reversed nucleotide content - G position 386,Unknown,,,
Per position reversed nucleotide content - G position 387,Unknown,,,
Per position reversed nucleotide content - G position 388,Unknown,,,
Per position reversed nucleotide content - G position 389,Unknown,,,
Per position reversed nucleotide content - G position 390,Unknown,,,
Per position reversed nucleotide content - G position 391,Unknown,,,
Per position reversed nucleotide content - G position 392,Unknown,,,
Per position reversed nucleotide content - G position 393,Unknown,,,
Per position reversed nucleotide content - G position 394,Unknown,,,
Per position reversed nucleotide content - G position 395,Unknown,,,
Per position reversed nucleotide content - G position 396,Unknown,,,
Per position reversed nucleotide content - G position 397,Unknown,,,
Per position reversed nucleotide content - G position 398,Unknown,,,
Per position reversed nucleotide content - G position 399,Unknown,,,
Per position reversed nucleotide content - G position 400,Unknown,,,
Per position reversed nucleotide content - G position 401,Unknown,,,
Per position reversed nucleotide content - G position 402,Unknown,,,
Per position reversed nucleotide content - G position 403,Unknown,,,
Per position reversed nucleotide content - G position 404,Unknown,,,
Per position reversed nucleotide content - G position 405,Unknown,,,
Per position reversed nucleotide content - G position 406,Unknown,,,
Per position reversed nucleotide content - G position 407,Unknown,,,
Per position reversed nucleotide content - G position 408,Unknown,,,
Per position reversed nucleotide content - G position 409,Unknown,,,
Per position reversed nucleotide content - G position 410,Unknown,,,
Per position reversed nucleotide content - G position 411,Unknown,,,
Per position reversed nucleotide content - G position 412,Unknown,,,
Per position reversed nucleotide content - G position 413,Unknown,,,
Per position reversed nucleotide content - G position 414,Unknown,,,
Per position reversed nucleotide content - G position 415,Unknown,,,
Per position reversed nucleotide content - G position 416,Unknown,,,
Per position reversed nucleotide content - G position 417,Unknown,,,
Per position reversed nucleotide content - G position 418,Unknown,,,
Per position reversed nucleotide content - G position 419,Unknown,,,
Per position reversed nucleotide content - G position 420,Unknown,,,
Per position reversed nucleotide content - G position 421,Unknown,,,
Per position reversed nucleotide content - G position 422,Unknown,,,
Per position reversed nucleotide content - G position 423,Unknown,,,
Per position reversed nucleotide content - G position 424,Unknown,,,
Per position reversed nucleotide content - G position 425,Unknown,,,
Per position reversed nucleotide content - G position 426,Unknown,,,
Per position reversed nucleotide content - G position 427,Unknown,,,
Per position reversed nucleotide content - G position 428,Unknown,,,
Per position reversed nucleotide content - G position 429,Unknown,,,
Per position reversed nucleotide content - G position 430,Unknown,,,
Per position reversed nucleotide content - G position 431,Unknown,,,
Per position reversed nucleotide content - G position 432,Unknown,,,
Per position reversed nucleotide content - G position 433,Unknown,,,
Per position reversed nucleotide content - G position 434,Unknown,,,
Per position reversed nucleotide content - G position 435,Unknown,,,
Per position reversed nucleotide content - G position 436,Unknown,,,
Per position reversed nucleotide content - G position 437,Unknown,,,
Per position reversed nucleotide content - G position 438,Unknown,,,
Per position reversed nucleotide content - G position 439,Unknown,,,
Per position reversed nucleotide content - G position 440,Unknown,,,
Per position reversed nucleotide content - G position 441,Unknown,,,
Per position reversed nucleotide content - G position 442,Unknown,,,
Per position reversed nucleotide content - G position 443,Unknown,,,
Per position reversed nucleotide content - G position 444,Unknown,,,
Per position reversed nucleotide content - G position 445,Unknown,,,
Per position reversed nucleotide content - G position 446,Unknown,,,
Per position reversed nucleotide content - G position 447,Unknown,,,
Per position reversed nucleotide content - G position 448,Unknown,,,
Per position reversed nucleotide content - G position 449,Unknown,,,
Per position reversed nucleotide content - G position 450,Unknown,,,
Per position reversed nucleotide content - G position 451,Unknown,,,
Per position reversed nucleotide content - G position 452,Unknown,,,
Per position reversed nucleotide content - G position 453,Unknown,,,
Per position reversed nucleotide content - G position 454,Unknown,,,
Per position reversed nucleotide content - G position 455,Unknown,,,
Per position reversed nucleotide content - G position 456,Unknown,,,
Per position reversed nucleotide content - G position 457,Unknown,,,
Per position reversed nucleotide content - G position 458,Unknown,,,
Per position reversed nucleotide content - G position 459,Unknown,,,
Per position reversed nucleotide content - G position 460,Unknown,,,
Per position reversed nucleotide content - G position 461,Unknown,,,
Per position reversed nucleotide content - G position 462,Unknown,,,
Per position reversed nucleotide content - G position 463,Unknown,,,
Per position reversed nucleotide content - G position 464,Unknown,,,
Per position reversed nucleotide content - G position 465,Unknown,,,
Per position reversed nucleotide content - G position 466,Unknown,,,
Per position reversed nucleotide content - G position 467,Unknown,,,
Per position reversed nucleotide content - G position 468,Unknown,,,
Per position reversed nucleotide content - G position 469,Unknown,,,
Per position reversed nucleotide content - G position 470,Unknown,,,
Per position reversed nucleotide content - G position 471,Unknown,,,
Per position reversed nucleotide content - G position 472,Unknown,,,
Per position reversed nucleotide content - G position 473,Unknown,,,
Per position reversed nucleotide content - G position 474,Unknown,,,
Per position reversed nucleotide content - G position 475,Unknown,,,
Per position reversed nucleotide content - G position 476,Unknown,,,
Per position reversed nucleotide content - G position 477,Unknown,,,
Per position reversed nucleotide content - G position 478,Unknown,,,
Per position reversed nucleotide content - G position 479,Unknown,,,
Per position reversed nucleotide content - G position 480,Unknown,,,
Per position reversed nucleotide content - G position 481,Unknown,,,
Per position reversed nucleotide content - G position 482,Unknown,,,
Per position reversed nucleotide content - G position 483,Unknown,,,
Per position reversed nucleotide content - G,Pass,0.5483870967741935,0.7232680411965725,0.5483870967741935
Per position reversed nucleotide content - T position 1,Warning,0.63,0.7572256305385139,0.63
Per position reversed nucleotide content - T position 2,Pass,0.5033333333333334,0.6808868184955141,0.5033333333333333
Per position reversed nucleotide content - T position 3,Pass,0.5333333333333333,0.6918778137943454,0.5333333333333333
Per position reversed nucleotide content - T position 4,Pass,0.5116666666666667,0.6711195928753181,0.5116666666666667
Per position reversed nucleotide content - T position 5,Pass,0.5155902004454342,0.681071573192954,0.5155902004454342
Per position reversed nucleotide content - T position 6,Pass,0.5378619153674833,0.6924554107058335,0.5378619153674833
Per position reversed nucleotide content - T position 7,Pass,0.5089086859688197,0.6805181803052889,0.5089086859688196
Per position reversed nucleotide content - T position 8,Pass,0.502227171492205,0.6778487771634125,0.5022271714922049
Per position reversed nucleotide content - T position 9,Pass,0.5139198218262806,0.6855889495203621,0.5139198218262806
Per position reversed nucleotide content - T position 10,Pass,0.5150501672240803,0.593265841091928,0.5150501672240803
Per position reversed nucleotide content - T position 11,Pass,0.5228539576365664,0.6874414044136412,0.5228539576365663
Per position reversed nucleotide content - T position 12,Pass,0.5005592841163311,0.5806935708680323,0.5005592841163311
Per position reversed nucleotide content - T position 13,Pass,0.507847533632287,0.6763460242093847,0.507847533632287
Per position reversed nucleotide content - T position 14,Pass,0.5151515151515152,0.6811555463936416,0.5151515151515151
Per position reversed nucleotide content - T position 15,Pass,0.5033670033670034,0.6751773997857196,0.5033670033670034
Per position reversed nucleotide content - T position 16,Pass,0.501685393258427,0.6795226708156896,0.501685393258427
Per position reversed nucleotide content - T position 17,Pass,0.5011261261261262,0.6805714164869094,0.5011261261261262
Per position reversed nucleotide content - T position 18,Pass,0.5248306997742663,0.6940451645011643,0.5248306997742663
Per position reversed nucleotide content - T position 19,Pass,0.5045146726862302,0.6835578050661529,0.5045146726862303
Per position reversed nucleotide content - T position 20,Pass,0.5124434389140272,0.583859857263731,0.5124434389140271
Per position reversed nucleotide content - T position 21,Pass,0.5056561085972852,0.5794868883104176,0.505656108597285
Per position reversed nucleotide content - T position 22,Pass,0.5232426303854875,0.5954845706398502,0.5232426303854876
Per position reversed nucleotide content - T position 23,Pass,0.5164772727272727,0.5848984235130296,0.5164772727272727
Per position reversed nucleotide content - T position 24,Pass,0.5199089874857793,0.5903290713667159,0.5199089874857793
Per position reversed nucleotide content - T position 25,Pass,0.5119453924914675,0.5801673067519786,0.5119453924914675
Per position reversed nucleotide content - T position 26,Pass,0.5329920364050057,0.6070349006666103,0.5329920364050057
Per position reversed nucleotide content - T position 27,Pass,0.5278725824800911,0.6017408923767752,0.5278725824800911
Per position reversed nucleotide content - T position 28,Pass,0.5136674259681093,0.5870756047293633,0.5136674259681093
Per position reversed nucleotide content - T position 29,Pass,0.5199316628701595,0.5963933181473045,0.5199316628701595
Per position reversed nucleotide content - T position 30,Pass,0.501138952164009,0.6749529158664225,0.5011389521640092
Per position reversed nucleotide content - T position 31,Pass,0.5034207525655644,0.5803251622420129,0.5034207525655644
Per position reversed nucleotide content - T position 32,Pass,0.519406392694064,0.6856316215669074,0.519406392694064
Per position reversed nucleotide content - T position 33,Pass,0.504,0.5793333333333334,0.504
Per position reversed nucleotide content - T position 34,Pass,0.5354285714285714,0.6101787184009406,0.5354285714285715
Per position reversed nucleotide content - T position 35,Pass,0.5165714285714286,0.5895036075036075,0.5165714285714286
Per position reversed nucleotide content - T position 36,Pass,0.5125858123569794,0.583493168244443,0.5125858123569794
Per position reversed nucleotide content - T position 37,Pass,0.5034364261168385,0.5710745440126883,0.5034364261168385
Per position reversed nucleotide content - T position 38,Pass,0.5384174311926605,0.6147024553694546,0.5384174311926605
Per position reversed nucleotide content - T position 39,Pass,0.5154994259471871,0.5860272147151703,0.5154994259471871
Per position reversed nucleotide content - T position 40,Pass,0.5017221584385764,0.681995454922059,0.5017221584385764
Per position reversed nucleotide content - T position 41,Pass,0.518369690011481,0.593470430652169,0.518369690011481
Per position reversed nucleotide content - T position 42,Pass,0.5091848450057405,0.5792637232248798,0.5091848450057406
Per position reversed nucleotide content - T position 43,Pass,0.5189437428243399,0.5909175536041208,0.5189437428243399
Per position reversed nucleotide content - T position 44,Pass,0.5241379310344828,0.5980656013456687,0.5241379310344828
Per position reversed nucleotide content - T position 45,Pass,0.5040276179516686,0.5754714448773042,0.5040276179516686
Per position reversed nucleotide content - T position 46,Pass,0.5057537399309551,0.5780925774444152,0.5057537399309551
Per position reversed nucleotide content - T position 47,Pass,0.5149769585253456,0.5887488479262672,0.5149769585253456
Per position reversed nucleotide content - T position 48,Pass,0.5098039215686274,0.5798816244764159,0.5098039215686274
Per position reversed nucleotide content - T position 49,Pass,0.5202078521939953,0.5893491824274626,0.5202078521939953
Per position reversed nucleotide content - T position 50,Pass,0.50635103926097,0.5746206759542078,0.50635103926097
Per position reversed nucleotide content - T position 51,Pass,0.500578034682081,0.6811246956192272,0.500578034682081
Per position reversed nucleotide content - T position 52,Pass,0.5086805555555556,0.5834380888961368,0.5086805555555556
Per position reversed nucleotide content - T position 53,Pass,0.5491898148148149,0.6265000142013177,0.5491898148148148
Per position reversed nucleotide content - T position 54,Pass,0.5098493626882966,0.5802104043422578,0.5098493626882966
Per position reversed nucleotide content - T position 55,Pass,0.5110208816705336,0.5864054309529948,0.5110208816705336
Per position reversed nucleotide content - T position 56,Pass,0.5179814385150812,0.5937626282118225,0.5179814385150812
Per position reversed nucleotide content - T position 57,Pass,0.5296167247386759,0.6023322468247724,0.5296167247386759
Per position reversed nucleotide content - T position 58,Pass,0.5128055878928987,0.5864670565924368,0.5128055878928988
Per position reversed nucleotide content - T position 59,Pass,0.5256410256410255,0.6041666666666666,0.5256410256410257
Per position reversed nucleotide content - T position 60,Pass,0.5122377622377622,0.5850368956197178,0.5122377622377622
Per position reversed nucleotide content - T position 61,Pass,0.5233100233100233,0.5961832285361697,0.5233100233100233
Per position reversed nucleotide content - T position 62,Pass,0.5011655011655013,0.5681080200730856,0.5011655011655012
Per position reversed nucleotide content - T position 63,Pass,0.5157342657342657,0.5935193048570657,0.5157342657342657
Per position reversed nucleotide content - T position 64,Pass,0.5023310023310023,0.5683644133644133,0.5023310023310024
Per position reversed nucleotide content - T position 65,Pass,0.5204200700116686,0.5956447664763821,0.5204200700116686
Per position reversed nucleotide content - T position 66,Pass,0.5210035005834306,0.5966202700450074,0.5210035005834306
Per position reversed nucleotide content - T position 67,Pass,0.5052508751458576,0.575060254933257,0.5052508751458576
Per position reversed nucleotide content - T position 68,Pass,0.5233372228704783,0.5958655538634969,0.5233372228704785
Per position reversed nucleotide content - T position 69,Pass,0.5140023337222871,0.5867330769119957,0.5140023337222871
Per position reversed nucleotide content - T position 70,Pass,0.5151691948658109,0.586408292625042,0.5151691948658109
Per position reversed nucleotide content - T position 71,Pass,0.5250875145857643,0.60080364358797,0.5250875145857643
Per position reversed nucleotide content - T position 72,Pass,0.5268378063010501,0.6018453956418212,0.5268378063010501
Per position reversed nucleotide content - T position 73,Pass,0.5169194865810968,0.5880955283592041,0.5169194865810969
Per position reversed nucleotide content - T position 74,Pass,0.5157526254375728,0.5885966389587267,0.5157526254375729
Per position reversed nucleotide content - T position 75,Pass,0.5011682242990655,0.5662546307990233,0.5011682242990654
Per position reversed nucleotide content - T position 76,Pass,0.5186915887850467,0.5916559215883972,0.5186915887850467
Per position reversed nucleotide content - T position 77,Pass,0.5157710280373832,0.5889187808248095,0.5157710280373832
Per position reversed nucleotide content - T position 78,Pass,0.5075934579439253,0.5810135344778955,0.5075934579439252
Per position reversed nucleotide content - T position 79,Pass,0.5157710280373832,0.5877490742373479,0.5157710280373832
Per position reversed nucleotide content - T position 80,Pass,0.5286549707602339,0.6046660572607203,0.5286549707602339
Per position reversed nucleotide content - T position 81,Pass,0.524561403508772,0.6006578947368421,0.5245614035087719
Per position reversed nucleotide content - T position 82,Pass,0.5005847953216374,0.6803200459855298,0.5005847953216375
Per position reversed nucleotide content - T position 83,Pass,0.5005847953216375,0.6809041835357624,0.5005847953216375
Per position reversed nucleotide content - T position 84,Pass,0.507017543859649,0.6834411341022485,0.5070175438596491
Per position reversed nucleotide content - T position 85,Pass,0.515807962529274,0.5858417137346742,0.515807962529274
Per position reversed nucleotide content - T position 86,Pass,0.5046838407494145,0.6813817330210773,0.5046838407494145
Per position reversed nucleotide content - T position 87,Pass,0.5128805620608898,0.5861659417865508,0.5128805620608899
Per position reversed nucleotide content - T position 88,Pass,0.5105509964830012,0.5872335658384895,0.5105509964830012
Per position reversed nucleotide content - T position 89,Pass,0.5082159624413146,0.6813155695124714,0.5082159624413145
Per position reversed nucleotide content - T position 90,Pass,0.5287896592244419,0.6056322788565578,0.5287896592244419
Per position reversed nucleotide content - T position 91,Pass,0.5158823529411765,0.590879995284687,0.5158823529411765
Per position reversed nucleotide content - T position 92,Pass,0.5135294117647059,0.5895319542355251,0.5135294117647059
Per position reversed nucleotide content - T position 93,Pass,0.521764705882353,0.5937160025300443,0.5217647058823529
Per position reversed nucleotide content - T position 94,Pass,0.5247058823529411,0.6015516442797592,0.5247058823529411
Per position reversed nucleotide content - T position 95,Pass,0.5335294117647059,0.6087434266846031,0.5335294117647059
Per position reversed nucleotide content - T position 96,Pass,0.5282685512367491,0.6023596717839079,0.5282685512367491
Per position reversed nucleotide content - T position 97,Pass,0.5200708382526564,0.5894787031150668,0.5200708382526564
Per position reversed nucleotide content - T position 98,Pass,0.51357733175915,0.5890583300668246,0.51357733175915
Per position reversed nucleotide content - T position 99,Pass,0.5183215130023641,0.5931432489846024,0.5183215130023641
Per position reversed nucleotide content - T position 100,Pass,0.5308056872037914,0.6027389949190898,0.5308056872037915
Per position reversed nucleotide content - T position 101,Pass,0.5261282660332541,0.6011120708270352,0.5261282660332541
Per position reversed nucleotide content - T position 102,Pass,0.5172209026128265,0.5919629337577584,0.5172209026128266
Per position reversed nucleotide content - T position 103,Pass,0.5107270560190703,0.5840889390163417,0.5107270560190703
Per position reversed nucleotide content - T position 104,Pass,0.5220763723150359,0.596062677934385,0.5220763723150358
Per position reversed nucleotide content - T position 105,Pass,0.516726403823178,0.58740177579882,0.516726403823178
Per position reversed nucleotide content - T position 106,Pass,0.5221291866028708,0.5971224041829033,0.5221291866028708
Per position reversed nucleotide content - T position 107,Pass,0.5353717026378897,0.6119471433162749,0.5353717026378897
Per position reversed nucleotide content - T position 108,Pass,0.5126050420168067,0.5829670329670329,0.5126050420168067
Per position reversed nucleotide content - T position 109,Pass,0.5234657039711191,0.5976287516250575,0.5234657039711191
Per position reversed nucleotide content - T position 110,Pass,0.5186522262334536,0.5919657844512406,0.5186522262334536
Per position reversed nucleotide content - T position 111,Pass,0.5222623345367027,0.5947614103804378,0.5222623345367028
Per position reversed nucleotide content - T position 112,Pass,0.5012033694344163,0.5729517438744451,0.5012033694344163
Per position reversed nucleotide content - T position 113,Pass,0.5012033694344165,0.6797222137952654,0.5012033694344163
Per position reversed nucleotide content - T position 114,Pass,0.5078407720144753,0.5782506944608697,0.5078407720144753
Per position reversed nucleotide content - T position 115,Pass,0.5356280193236714,0.6123619737750172,0.5356280193236715
Per position reversed nucleotide content - T position 116,Pass,0.5259975816203144,0.5987004545806407,0.5259975816203144
Per position reversed nucleotide content - T position 117,Pass,0.5012106537530266,0.6814114965464937,0.5012106537530266
Per position reversed nucleotide content - T position 118,Pass,0.5073081607795372,0.5786615941914359,0.5073081607795371
Per position reversed nucleotide content - T position 119,Pass,0.5067073170731707,0.5770805414098097,0.5067073170731707
Per position reversed nucleotide content - T position 120,Pass,0.5256410256410257,0.5982238247863247,0.5256410256410257
Per position reversed nucleotide content - T position 121,Pass,0.5049079754601227,0.5732571109871724,0.5049079754601227
Per position reversed nucleotide content - T position 122,Pass,0.5233415233415233,0.5910104422604422,0.5233415233415234
Per position reversed nucleotide content - T position 123,Pass,0.52460024600246,0.5969382666799641,0.52460024600246
Per position reversed nucleotide content - T position 124,Pass,0.5216049382716049,0.5946243152644919,0.5216049382716049
Per position reversed nucleotide content - T position 125,Pass,0.5408415841584159,0.6160606770136473,0.5408415841584159
Per position reversed nucleotide content - T position 126,Pass,0.5180124223602485,0.5918136376497217,0.5180124223602485
Per position reversed nucleotide content - T position 127,Pass,0.5037406483790524,0.6820978316773059,0.5037406483790524
Per position reversed nucleotide content - T position 128,Pass,0.529375,0.604461159737418,0.529375
Per position reversed nucleotide content - T position 129,Pass,0.5112640801001251,0.582948272394064,0.5112640801001251
Per position reversed nucleotide content - T position 130,Pass,0.5081658291457286,0.5800705300337609,0.5081658291457286
Per position reversed nucleotide content - T position 131,Pass,0.5144472361809045,0.5882181878893379,0.5144472361809045
Per position reversed nucleotide content - T position 132,Pass,0.5094339622641509,0.5843768777791132,0.5094339622641509
Per position reversed nucleotide content - T position 133,Pass,0.5220959595959596,0.5958766394456818,0.5220959595959596
Per position reversed nucleotide content - T position 134,Pass,0.5019011406844107,0.6866354085152486,0.5019011406844106
Per position reversed nucleotide content - T position 135,Pass,0.5133079847908745,0.5817253806098921,0.5133079847908745
Per position reversed nucleotide content - T position 136,Pass,0.5139593908629442,0.5873584969228696,0.5139593908629442
Per position reversed nucleotide content - T position 137,Pass,0.5344387755102041,0.610730580778567,0.5344387755102041
Per position reversed nucleotide content - T position 138,Pass,0.5210459183673469,0.593814943025265,0.5210459183673469
Per position reversed nucleotide content - T position 139,Pass,0.5019157088122606,0.5775754065649815,0.5019157088122606
Per position reversed nucleotide content - T position 140,Pass,0.532051282051282,0.6059928443649374,0.532051282051282
Per position reversed nucleotide content - T position 141,Pass,0.5083440308087291,0.5790718840700014,0.5083440308087291
Per position reversed nucleotide content - T position 142,Pass,0.5284237726098191,0.6019283247603178,0.5284237726098191
Per position reversed nucleotide content - T position 143,Pass,0.5342377260981912,0.6083728530171759,0.5342377260981912
Per position reversed nucleotide content - T position 144,Pass,0.5219922380336351,0.5995857532135092,0.5219922380336351
Per position reversed nucleotide content - T position 145,Pass,0.5339425587467362,0.6108079489411082,0.5339425587467362
Per position reversed nucleotide content - T position 146,Pass,0.5242146596858639,0.5966837021579677,0.5242146596858639
Per position reversed nucleotide content - T position 147,Pass,0.5072083879423329,0.5841979563371229,0.5072083879423329
Per position reversed nucleotide content - T position 148,Pass,0.5296052631578948,0.603978183162825,0.5296052631578947
Per position reversed nucleotide content - T position 149,Pass,0.5079155672823219,0.5825539483603468,0.5079155672823219
Per position reversed nucleotide content - T position 150,Pass,0.5033025099075297,0.6831077671902115,0.5033025099075297
Per position reversed nucleotide content - T position 151,Pass,0.5006622516556292,0.5724316718413043,0.5006622516556292
Per position reversed nucleotide content - T position 152,Pass,0.5126162018592297,0.5832143580641117,0.5126162018592297
Per position reversed nucleotide content - T position 153,Pass,0.5139627659574467,0.5848528218535881,0.5139627659574468
Per position reversed nucleotide content - T position 154,Pass,0.5280748663101603,0.6015655273967294,0.5280748663101604
Per position reversed nucleotide content - T position 155,Pass,0.5215924426450742,0.594559838839015,0.5215924426450742
Per position reversed nucleotide content - T position 156,Pass,0.5121621621621621,0.584414198887883,0.5121621621621621
Per position reversed nucleotide content - T position 157,Pass,0.5398648648648648,0.6186615903208331,0.5398648648648648
Per position reversed nucleotide content - T position 158,Pass,0.530529172320217,0.6055470639857773,0.5305291723202171
Per position reversed nucleotide content - T position 159,Pass,0.5231607629427794,0.5995362847786417,0.5231607629427792
Per position reversed nucleotide content - T position 160,Pass,0.5082079343365253,0.577951436388509,0.5082079343365253
Per position reversed nucleotide content - T position 161,Pass,0.5109739368998628,0.5801629293692785,0.5109739368998628
Per position reversed nucleotide content - T position 162,Pass,0.5213204951856947,0.5968981635092082,0.5213204951856947
Per position reversed nucleotide content - T position 163,Pass,0.5227586206896552,0.5986311879189212,0.5227586206896552
Per position reversed nucleotide content - T position 164,Pass,0.5082872928176796,0.5777108982808424,0.5082872928176796
Per position reversed nucleotide content - T position 165,Pass,0.5180055401662049,0.595451397632838,0.518005540166205
Per position reversed nucleotide content - T position 166,Pass,0.5271966527196653,0.5992437827165861,0.5271966527196653
Per position reversed nucleotide content - T position 167,Pass,0.5365682137834037,0.6139340968454893,0.5365682137834037
Per position reversed nucleotide content - T position 168,Pass,0.5190677966101694,0.5940274414850686,0.5190677966101694
Per position reversed nucleotide content - T position 169,Pass,0.5311173974540311,0.6045228690152509,0.5311173974540311
Per position reversed nucleotide content - T position 170,Pass,0.5035612535612536,0.574049607446554,0.5035612535612536
Per position reversed nucleotide content - T position 171,Pass,0.5150214592274679,0.5836900125909728,0.5150214592274678
Per position reversed nucleotide content - T position 172,Pass,0.5136690647482014,0.5844096376442154,0.5136690647482014
Per position reversed nucleotide content - T position 173,Pass,0.523121387283237,0.5952247148056397,0.523121387283237
Per position reversed nucleotide content - T position 174,Pass,0.5313868613138686,0.6053714153650598,0.5313868613138686
Per position reversed nucleotide content - T position 175,Pass,0.5014641288433382,0.5694333425665783,0.5014641288433382
Per position reversed nucleotide content - T position 176,Pass,0.5294985250737463,0.6008887055647218,0.5294985250737463
Per position reversed nucleotide content - T position 177,Pass,0.5332348596750369,0.6094974460743965,0.5332348596750369
Per position reversed nucleotide content - T position 178,Pass,0.513353115727003,0.5835116991778957,0.5133531157270029
Per position reversed nucleotide content - T position 179,Pass,0.52023988005997,0.5906032899043436,0.52023988005997
Per position reversed nucleotide content - T position 180,Pass,0.5090090090090089,0.584489640394163,0.509009009009009
Per position reversed nucleotide content - T position 181,Pass,0.5127819548872181,0.586602870813397,0.512781954887218
Per position reversed nucleotide content - T position 182,Pass,0.5196671709531013,0.5933084140728104,0.5196671709531013
Per position reversed nucleotide content - T position 183,Pass,0.5189681335356601,0.5905300148382296,0.5189681335356601
Per position reversed nucleotide content - T position 184,Pass,0.5114155251141552,0.5822483867315748,0.5114155251141552
Per position reversed nucleotide content - T position 185,Pass,0.5144596651445967,0.5842323463593206,0.5144596651445966
Per position reversed nucleotide content - T position 186,Pass,0.5300462249614792,0.6042863146098895,0.5300462249614792
Per position reversed nucleotide content - T position 187,Pass,0.5394126738794436,0.6156965858684862,0.5394126738794436
Per position reversed nucleotide content - T position 188,Pass,0.5209627329192547,0.5948675258517102,0.5209627329192547
Per position reversed nucleotide content - T position 189,Pass,0.5179407176287051,0.5917206170535649,0.5179407176287052
Per position reversed nucleotide content - T position 190,Pass,0.5234009360374414,0.5934379291339318,0.5234009360374415
Per position reversed nucleotide content - T position 191,Pass,0.5085803432137286,0.6831992556810706,0.5085803432137286
Per position reversed nucleotide content - T position 192,Pass,0.5210937499999999,0.5941928534122562,0.52109375
Per position reversed nucleotide content - T position 193,Pass,0.5226917057902973,0.5983630672926448,0.5226917057902973
Per position reversed nucleotide content - T position 194,Pass,0.5039184952978056,0.5751710678279596,0.5039184952978056
Per position reversed nucleotide content - T position 195,Pass,0.5283911671924291,0.6028210528170875,0.5283911671924291
Per position reversed nucleotide content - T position 196,Pass,0.5173775671406003,0.5867672238461467,0.5173775671406003
Per position reversed nucleotide content - T position 197,Pass,0.5015873015873016,0.5724362404137684,0.5015873015873016
Per position reversed nucleotide content - T position 198,Pass,0.5048,0.5796322580645161,0.5048
Per position reversed nucleotide content - T position 199,Pass,0.5072347266881029,0.5809571895511679,0.5072347266881029
Per position reversed nucleotide content - T position 200,Pass,0.5169082125603864,0.5851957198970608,0.5169082125603864
Per position reversed nucleotide content - T position 201,Pass,0.5161290322580645,0.5869703187631227,0.5161290322580645
Per position reversed nucleotide content - T position 202,Pass,0.510483870967742,0.5822961918846474,0.510483870967742
Per position reversed nucleotide content - T position 203,Pass,0.5064516129032258,0.5705645161290323,0.5064516129032258
Per position reversed nucleotide content - T position 204,Pass,0.5413290113452188,0.6179666300889345,0.5413290113452188
Per position reversed nucleotide content - T position 205,Pass,0.5008116883116883,0.5661197252902861,0.5008116883116883
Per position reversed nucleotide content - T position 206,Pass,0.5073170731707317,0.5795809881175734,0.5073170731707317
Per position reversed nucleotide content - T position 207,Pass,0.532626427406199,0.6085911650583866,0.532626427406199
Per position reversed nucleotide content - T position 208,Pass,0.5041118421052632,0.5748005575706128,0.5041118421052632
Per position reversed nucleotide content - T position 209,Pass,0.5074257425742574,0.583309598083096,0.5074257425742574
Per position reversed nucleotide content - T position 210,Pass,0.5099337748344371,0.5787956831003189,0.5099337748344371
Per position reversed nucleotide content - T position 211,Pass,0.5033333333333334,0.5762068965517242,0.5033333333333333
Per position reversed nucleotide content - T position 212,Pass,0.5193277310924369,0.588057372786248,0.519327731092437
Per position reversed nucleotide content - T position 213,Pass,0.5152027027027027,0.5837728857890149,0.5152027027027027
Per position reversed nucleotide content - T position 214,Pass,0.516156462585034,0.5897752275984578,0.516156462585034
Per position reversed nucleotide content - T position 215,Pass,0.5205128205128206,0.5941406652250025,0.5205128205128206
Per position reversed nucleotide content - T position 216,Pass,0.5333333333333333,0.6065934065934065,0.5333333333333333
Per position reversed nucleotide content - T position 217,Pass,0.5129087779690189,0.5821955714451743,0.5129087779690189
Per position reversed nucleotide content - T position 218,Pass,0.5043327556325823,0.5700384876219403,0.5043327556325823
Per position reversed nucleotide content - T position 219,Pass,0.540798611111111,0.6162609391327064,0.5407986111111112
Per position reversed nucleotide content - T position 220,Pass,0.5321180555555556,0.6050220806364617,0.5321180555555556
Per position reversed nucleotide content - T position 221,Pass,0.5236427320490368,0.5972101739856294,0.5236427320490368
Per position reversed nucleotide content - T position 222,Pass,0.5464912280701754,0.6219513948806442,0.5464912280701755
Per position reversed nucleotide content - T position 223,Pass,0.5228873239436619,0.5993364030335862,0.522887323943662
Per position reversed nucleotide content - T position 224,Pass,0.527336860670194,0.5984046817380152,0.527336860670194
Per position reversed nucleotide content - T position 225,Pass,0.5221238938053098,0.5905138953578636,0.5221238938053098
Per position reversed nucleotide content - T position 226,Pass,0.514209591474245,0.691355257031506,0.5142095914742452
Per position reversed nucleotide content - T position 227,Pass,0.5311387900355872,0.6064400616401148,0.5311387900355872
Per position reversed nucleotide content - T position 228,Pass,0.5044642857142857,0.5728754125412542,0.5044642857142857
Per position reversed nucleotide content - T position 229,Pass,0.5259391771019678,0.6024042177172226,0.5259391771019678
Per position reversed nucleotide content - T position 230,Pass,0.5053859964093358,0.6778705699371865,0.5053859964093357
Per position reversed nucleotide content - T position 231,Pass,0.5307971014492754,0.6061559805540268,0.5307971014492754
Per position reversed nucleotide content - T position 232,Pass,0.5018248175182481,0.5741187748313776,0.5018248175182481
Per position reversed nucleotide content - T position 233,Pass,0.5311926605504587,0.606318437407517,0.5311926605504587
Per position reversed nucleotide content - T position 234,Pass,0.507380073800738,0.575210127101271,0.507380073800738
Per position reversed nucleotide content - T position 235,Pass,0.5261194029850746,0.6004516889238021,0.5261194029850746
Per position reversed nucleotide content - T position 236,Pass,0.519811320754717,0.596278495327659,0.519811320754717
Per position reversed nucleotide content - T position 237,Pass,0.5122873345935728,0.5841941787121371,0.5122873345935728
Per position reversed nucleotide content - T position 238,Pass,0.5265654648956357,0.6024236674141796,0.5265654648956357
Per position reversed nucleotide content - T position 239,Pass,0.5256653992395438,0.5987662184939829,0.5256653992395437
Per position reversed nucleotide content - T position 240,Pass,0.539047619047619,0.6142709867452135,0.539047619047619
Per position reversed nucleotide content - T position 241,Pass,0.5259615384615385,0.6022754322225007,0.5259615384615385
Per position reversed nucleotide content - T position 242,Pass,0.5,0.6778846153846154,0.5
Per position reversed nucleotide content - T position 243,Pass,0.5192678227360308,0.5948562469303713,0.5192678227360308
Per position reversed nucleotide content - T position 244,Pass,0.5202702702702703,0.595144563167819,0.5202702702702703
Per position reversed nucleotide content - T position 245,Pass,0.5165692007797271,0.5896535439400333,0.5165692007797271
Per position reversed nucleotide content - T position 246,Pass,0.516732283464567,0.5976426111873631,0.5167322834645669
Per position reversed nucleotide content - T position 247,Pass,0.5,0.5660749506903353,0.5
Per position reversed nucleotide content - T position 248,Pass,0.5357852882703777,0.6120483992596146,0.5357852882703777
Per position reversed nucleotide content - T position 249,Pass,0.5150602409638554,0.5840376715989433,0.5150602409638554
Per position reversed nucleotide content - T position 250,Pass,0.5271629778672032,0.5992245608482354,0.5271629778672032
Per position reversed nucleotide content - T position 251,Pass,0.5253036437246964,0.5993245106148333,0.5253036437246964
Per position reversed nucleotide content - T position 252,Pass,0.5040650406504065,0.6797863232930323,0.5040650406504065
Per position reversed nucleotide content - T position 253,Pass,0.5132924335378323,0.589313009066354,0.5132924335378323
Per position reversed nucleotide content - T position 254,Pass,0.5268041237113402,0.6003627338678885,0.5268041237113402
Per position reversed nucleotide content - T position 255,Pass,0.5362318840579711,0.6096160507850578,0.5362318840579711
Per position reversed nucleotide content - T position 256,Pass,0.5208768267223383,0.5985429118883518,0.5208768267223383
Per position reversed nucleotide content - T position 257,Pass,0.5305907172995781,0.6027241245986519,0.5305907172995781
Per position reversed nucleotide content - T position 258,Pass,0.5095744680851063,0.5841865734695446,0.5095744680851064
Per position reversed nucleotide content - T position 259,Pass,0.5127931769722814,0.5813931494600729,0.5127931769722814
Per position reversed nucleotide content - T position 260,Pass,0.524625267665953,0.5919367118724721,0.5246252676659529
Per position reversed nucleotide content - T position 261,Pass,0.5160944206008583,0.6875230613869846,0.5160944206008584
Per position reversed nucleotide content - T position 262,Pass,0.5151515151515151,0.5884740259740259,0.5151515151515151
Per position reversed nucleotide content - T position 263,Pass,0.5141304347826087,0.5838100686498855,0.5141304347826087
Per position reversed nucleotide content - T position 264,Pass,0.5065359477124183,0.6831075219685984,0.5065359477124183
Per position reversed nucleotide content - T position 265,Pass,0.50764192139738,0.5813359665047513,0.50764192139738
Per position reversed nucleotide content - T position 266,Pass,0.5251091703056768,0.5969693085585984,0.5251091703056768
Per position reversed nucleotide content - T position 267,Pass,0.5209251101321586,0.5920749797716444,0.5209251101321586
Per position reversed nucleotide content - T position 268,Pass,0.533112582781457,0.6102146552008172,0.5331125827814569
Per position reversed nucleotide content - T position 269,Pass,0.5232815964523282,0.5955344398861728,0.5232815964523282
Per position reversed nucleotide content - T position 270,Pass,0.540089086859688,0.6150931609538813,0.5400890868596881
Per position reversed nucleotide content - T position 271,Pass,0.5334821428571428,0.6107847744360904,0.5334821428571429
Per position reversed nucleotide content - T position 272,Pass,0.531390134529148,0.6024506333097317,0.531390134529148
Per position reversed nucleotide content - T position 273,Pass,0.5045146726862302,0.5693231986256218,0.5045146726862303
Per position reversed nucleotide content - T position 274,Pass,0.5353881278538812,0.6067351598173516,0.5353881278538812
Per position reversed nucleotide content - T position 275,Pass,0.5229885057471265,0.5931941923774954,0.5229885057471264
Per position reversed nucleotide content - T position 276,Pass,0.5057471264367817,0.571647509578544,0.5057471264367817
Per position reversed nucleotide content - T position 277,Pass,0.5174013921113689,0.5871412071044287,0.5174013921113689
Per position reversed nucleotide content - T position 278,Pass,0.5011600928074247,0.5769439332924412,0.5011600928074246
Per position reversed nucleotide content - T position 279,Pass,0.5220930232558139,0.5940499752597724,0.522093023255814
Per position reversed nucleotide content - T position 280,Pass,0.5197674418604651,0.5880110438568547,0.5197674418604651
Per position reversed nucleotide content - T position 281,Pass,0.5372960372960374,0.6095410705502449,0.5372960372960373
Per position reversed nucleotide content - T position 282,Pass,0.5422535211267605,0.6184859154929577,0.5422535211267606
Per position reversed nucleotide content - T position 283,Pass,0.5165094339622641,0.5894654088050315,0.5165094339622641
Per position reversed nucleotide content - T position 284,Pass,0.5248815165876778,0.6006389469846691,0.5248815165876777
Per position reversed nucleotide content - T position 285,Pass,0.518957345971564,0.68970139031034,0.518957345971564
Per position reversed nucleotide content - T position 286,Pass,0.5214285714285715,0.5959759937032665,0.5214285714285715
Per position reversed nucleotide content - T position 287,Pass,0.5035799522673031,0.6802538947721903,0.5035799522673031
Per position reversed nucleotide content - T position 288,Pass,0.5298329355608591,0.6049095774957309,0.5298329355608592
Per position reversed nucleotide content - T position 289,Pass,0.5216346153846153,0.5945167440318302,0.5216346153846154
Per position reversed nucleotide content - T position 290,Pass,0.5084745762711864,0.5785324956533797,0.5084745762711864
Per position reversed nucleotide content - T position 291,Pass,0.5158924205378973,0.6924672743080358,0.5158924205378973
Per position reversed nucleotide content - T position 292,Pass,0.5220588235294117,0.5908748114630468,0.5220588235294118
Per position reversed nucleotide content - T position 293,Pass,0.5223325062034739,0.5983120295264507,0.5223325062034739
Per position reversed nucleotide content - T position 294,Pass,0.5261845386533667,0.6021409242850321,0.5261845386533666
Per position reversed nucleotide content - T position 295,Pass,0.5477386934673367,0.6239799917016273,0.5477386934673367
Per position reversed nucleotide content - T position 296,Pass,0.5189393939393939,0.5958671442458054,0.5189393939393939
Per position reversed nucleotide content - T position 297,Pass,0.5202531645569621,0.5887893219701718,0.520253164556962
Per position reversed nucleotide content - T position 298,Pass,0.5306122448979592,0.6039302403204272,0.5306122448979592
Per position reversed nucleotide content - T position 299,Pass,0.5230769230769231,0.5976533882783883,0.5230769230769231
Per position reversed nucleotide content - T position 300,Pass,0.516795865633075,0.5882556319831131,0.5167958656330749
Per position reversed nucleotide content - T position 301,Pass,0.5052631578947369,0.5745445344129555,0.5052631578947369
Per position reversed nucleotide content - T position 302,Pass,0.531578947368421,0.6040450755601876,0.531578947368421
Per position reversed nucleotide content - T position 303,Pass,0.532,0.6103157894736843,0.532
Per position reversed nucleotide content - T position 304,Pass,0.5066844919786095,0.6768830356126977,0.5066844919786097
Per position reversed nucleotide content - T position 305,Pass,0.5107816711590296,0.6810847235375538,0.5107816711590296
Per position reversed nucleotide content - T position 306,Pass,0.5108401084010841,0.5810392014811238,0.510840108401084
Per position reversed nucleotide content - T position 307,Pass,0.5136239782016349,0.5885495509133112,0.5136239782016349
Per position reversed nucleotide content - T position 308,Pass,0.5373961218836565,0.6125294579732914,0.5373961218836565
Per position reversed nucleotide content - T position 309,Pass,0.5069637883008355,0.6731901329581024,0.5069637883008357
Per position reversed nucleotide content - T position 310,Pass,0.5167597765363128,0.5929293061139247,0.5167597765363129
Per position reversed nucleotide content - T position 311,Pass,0.5028169014084507,0.5763475081256771,0.5028169014084507
Per position reversed nucleotide content - T position 312,Pass,0.5169491525423728,0.6984145876975814,0.5169491525423728
Per position reversed nucleotide content - T position 313,Pass,0.5084745762711864,0.578980744840309,0.5084745762711864
Per position reversed nucleotide content - T position 314,Pass,0.5127840909090908,0.5833909856335375,0.5127840909090909
Per position reversed nucleotide content - T position 315,Pass,0.53,0.601949806949807,0.53
Per position reversed nucleotide content - T position 316,Pass,0.5330459770114943,0.6099453322119428,0.5330459770114943
Per position reversed nucleotide content - T position 317,Pass,0.508695652173913,0.5782685784767191,0.508695652173913
Per position reversed nucleotide content - T position 318,Pass,0.504360465116279,0.6774313445825073,0.5043604651162791
Per position reversed nucleotide content - T position 319,Pass,0.5218023255813954,0.5929446888749215,0.5218023255813954
Per position reversed nucleotide content - T position 320,Pass,0.508720930232558,0.5876130490956072,0.5087209302325582
Per position reversed nucleotide content - T position 321,Pass,0.538235294117647,0.6186091258933479,0.538235294117647
Per position reversed nucleotide content - T position 322,Pass,0.5238095238095238,0.6003571428571429,0.5238095238095238
Per position reversed nucleotide content - T position 323,Pass,0.5210843373493975,0.5969234079173837,0.5210843373493976
Per position reversed nucleotide content - T position 324,Pass,0.5336391437308868,0.6113945578231292,0.5336391437308868
Per position reversed nucleotide content - T position 325,Pass,0.5245398773006135,0.5994974546403864,0.5245398773006135
Per position reversed nucleotide content - T position 326,Pass,0.5123076923076922,0.5808586762075134,0.5123076923076924
Per position reversed nucleotide content - T position 327,Pass,0.5094043887147335,0.688171862176598,0.5094043887147336
Per position reversed nucleotide content - T position 328,Pass,0.5393081761006289,0.6151048803626015,0.539308176100629
Per position reversed nucleotide content - T position 329,Pass,0.5,0.6716772151898733,0.5
Per position reversed nucleotide content - T position 330,Pass,0.5031746031746032,0.6757447271145901,0.5031746031746032
Per position reversed nucleotide content - T position 331,Pass,0.5287539936102237,0.603555659259791,0.5287539936102237
Per position reversed nucleotide content - T position 332,Pass,0.5096774193548388,0.6840388264486936,0.5096774193548387
Per position reversed nucleotide content - T position 333,Pass,0.5048701298701298,0.5834314649081489,0.5048701298701299
Per position reversed nucleotide content - T position 334,Pass,0.5380794701986755,0.6118732261116367,0.5380794701986755
Per position reversed nucleotide content - T position 335,Pass,0.5416666666666666,0.6194774011299435,0.5416666666666666
Per position reversed nucleotide content - T position 336,Pass,0.5436241610738255,0.6186451342281879,0.5436241610738255
Per position reversed nucleotide content - T position 337,Pass,0.5067567567567567,0.5739778239778239,0.5067567567567568
Per position reversed nucleotide content - T position 338,Pass,0.5561224489795918,0.6327500798977308,0.5561224489795918
Per position reversed nucleotide content - T position 339,Pass,0.5291095890410958,0.6042162250840784,0.5291095890410958
Per position reversed nucleotide content - T position 340,Pass,0.5240549828178694,0.5954599524187152,0.5240549828178694
Per position reversed nucleotide content - T position 341,Pass,0.5381944444444444,0.6166786398467432,0.5381944444444444
Per position reversed nucleotide content - T position 342,Pass,0.548951048951049,0.626958884489005,0.548951048951049
Per position reversed nucleotide content - T position 343,Pass,0.5176056338028169,0.5890890213073312,0.5176056338028169
Per position reversed nucleotide content - T position 344,Pass,0.5159010600706714,0.5919355175946641,0.5159010600706714
Per position reversed nucleotide content - T position 345,Pass,0.5160142348754448,0.5874698656870624,0.5160142348754448
Per position reversed nucleotide content - T position 346,Pass,0.5142857142857143,0.5874999999999999,0.5142857142857142
Per position reversed nucleotide content - T position 347,Pass,0.5053571428571428,0.6875302663438256,0.5053571428571428
Per position reversed nucleotide content - T position 348,Pass,0.5179211469534051,0.5870157607895123,0.517921146953405
Per position reversed nucleotide content - T position 349,Pass,0.509124087591241,0.5818668929285415,0.5091240875912408
Per position reversed nucleotide content - T position 350,Pass,0.514760147601476,0.6931918819188192,0.514760147601476
Per position reversed nucleotide content - T position 351,Pass,0.5092936802973977,0.6881248994958238,0.5092936802973977
Per position reversed nucleotide content - T position 352,Pass,0.5,0.5672348484848485,0.5
Per position reversed nucleotide content - T position 353,Pass,0.5247148288973384,0.594416279397268,0.5247148288973384
Per position reversed nucleotide content - T position 354,Pass,0.5365384615384615,0.6106110201854882,0.5365384615384615
Per position reversed nucleotide content - T position 355,Pass,0.5154440154440155,0.584956074086509,0.5154440154440154
Per position reversed nucleotide content - T position 356,Pass,0.501953125,0.5758743791390728,0.501953125
Per position reversed nucleotide content - T position 357,Pass,0.5039370078740157,0.5725208262010728,0.5039370078740157
Per position reversed nucleotide content - T position 358,Pass,0.50199203187251,0.6809714052377747,0.50199203187251
Per position reversed nucleotide content - T position 359,Pass,0.518,0.5901870503597122,0.518
Per position reversed nucleotide content - T position 360,Unknown,,,
Per position reversed nucleotide content - T position 361,Unknown,,,
Per position reversed nucleotide content - T position 362,Unknown,,,
Per position reversed nucleotide content - T position 363,Unknown,,,
Per position reversed nucleotide content - T position 364,Unknown,,,
Per position reversed nucleotide content - T position 365,Unknown,,,
Per position reversed nucleotide content - T position 366,Unknown,,,
Per position reversed nucleotide content - T position 367,Unknown,,,
Per position reversed nucleotide content - T position 368,Unknown,,,
Per position reversed nucleotide content - T position 369,Unknown,,,
Per position reversed nucleotide content - T position 370,Unknown,,,
Per position reversed nucleotide content - T position 371,Unknown,,,
Per position reversed nucleotide content - T position 372,Unknown,,,
Per position reversed nucleotide content - T position 373,Unknown,,,
Per position reversed nucleotide content - T position 374,Unknown,,,
Per position reversed nucleotide content - T position 375,Unknown,,,
Per position reversed nucleotide content - T position 376,Unknown,,,
Per position reversed nucleotide content - T position 377,Unknown,,,
Per position reversed nucleotide content - T position 378,Unknown,,,
Per position reversed nucleotide content - T position 379,Unknown,,,
Per position reversed nucleotide content - T position 380,Unknown,,,
Per position reversed nucleotide content - T position 381,Unknown,,,
Per position reversed nucleotide content - T position 382,Unknown,,,
Per position reversed nucleotide content - T position 383,Unknown,,,
Per position reversed nucleotide content - T position 384,Unknown,,,
Per position reversed nucleotide content - T position 385,Unknown,,,
Per position reversed nucleotide content - T position 386,Unknown,,,
Per position reversed nucleotide content - T position 387,Unknown,,,
Per position reversed nucleotide content - T position 388,Unknown,,,
Per position reversed nucleotide content - T position 389,Unknown,,,
Per position reversed nucleotide content - T position 390,Unknown,,,
Per position reversed nucleotide content - T position 391,Unknown,,,
Per position reversed nucleotide content - T position 392,Unknown,,,
Per position reversed nucleotide content - T position 393,Unknown,,,
Per position reversed nucleotide content - T position 394,Unknown,,,
Per position reversed nucleotide content - T position 395,Unknown,,,
Per position reversed nucleotide content - T position 396,Unknown,,,
Per position reversed nucleotide content - T position 397,Unknown,,,
Per position reversed nucleotide content - T position 398,Unknown,,,
Per position reversed nucleotide content - T position 399,Unknown,,,
Per position reversed nucleotide content - T position 400,Unknown,,,
Per position reversed nucleotide content - T position 401,Unknown,,,
Per position reversed nucleotide content - T position 402,Unknown,,,
Per position reversed nucleotide content - T position 403,Unknown,,,
Per position reversed nucleotide content - T position 404,Unknown,,,
Per position reversed nucleotide content - T position 405,Unknown,,,
Per position reversed nucleotide content - T position 406,Unknown,,,
Per position reversed nucleotide content - T position 407,Unknown,,,
Per position reversed nucleotide content - T position 408,Unknown,,,
Per position reversed nucleotide content - T position 409,Unknown,,,
Per position reversed nucleotide content - T position 410,Unknown,,,
Per position reversed nucleotide content - T position 411,Unknown,,,
Per position reversed nucleotide content - T position 412,Unknown,,,
Per position reversed nucleotide content - T position 413,Unknown,,,
Per position reversed nucleotide content - T position 414,Unknown,,,
Per position reversed nucleotide content - T position 415,Unknown,,,
Per position reversed nucleotide content - T position 416,Unknown,,,
Per position reversed nucleotide content - T position 417,Unknown,,,
Per position reversed nucleotide content - T position 418,Unknown,,,
Per position reversed nucleotide content - T position 419,Unknown,,,
Per position reversed nucleotide content - T position 420,Unknown,,,
Per position reversed nucleotide content - T position 421,Unknown,,,
Per position reversed nucleotide content - T position 422,Unknown,,,
Per position reversed nucleotide content - T position 423,Unknown,,,
Per position reversed nucleotide content - T position 424,Unknown,,,
Per position reversed nucleotide content - T position 425,Unknown,,,
Per position reversed nucleotide content - T position 426,Unknown,,,
Per position reversed nucleotide content - T position 427,Unknown,,,
Per position reversed nucleotide content - T position 428,Unknown,,,
Per position reversed nucleotide content - T position 429,Unknown,,,
Per position reversed nucleotide content - T position 430,Unknown,,,
Per position reversed nucleotide content - T position 431,Unknown,,,
Per position reversed nucleotide content - T position 432,Unknown,,,
Per position reversed nucleotide content - T position 433,Unknown,,,
Per position reversed nucleotide content - T position 434,Unknown,,,
Per position reversed nucleotide content - T position 435,Unknown,,,
Per position reversed nucleotide content - T position 436,Unknown,,,
Per position reversed nucleotide content - T position 437,Unknown,,,
Per position reversed nucleotide content - T position 438,Unknown,,,
Per position reversed nucleotide content - T position 439,Unknown,,,
Per position reversed nucleotide content - T position 440,Unknown,,,
Per position reversed nucleotide content - T position 441,Unknown,,,
Per position reversed nucleotide content - T position 442,Unknown,,,
Per position reversed nucleotide content - T position 443,Unknown,,,
Per position reversed nucleotide content - T position 444,Unknown,,,
Per position reversed nucleotide content - T position 445,Unknown,,,
Per position reversed nucleotide content - T position 446,Unknown,,,
Per position reversed nucleotide content - T position 447,Unknown,,,
Per position reversed nucleotide content - T position 448,Unknown,,,
Per position reversed nucleotide content - T position 449,Unknown,,,
Per position reversed nucleotide content - T position 450,Unknown,,,
Per position reversed nucleotide content - T position 451,Unknown,,,
Per position reversed nucleotide content - T position 452,Unknown,,,
Per position reversed nucleotide content - T position 453,Unknown,,,
Per position reversed nucleotide content - T position 454,Unknown,,,
Per position reversed nucleotide content - T position 455,Unknown,,,
Per position reversed nucleotide content - T position 456,Unknown,,,
Per position reversed nucleotide content - T position 457,Unknown,,,
Per position reversed nucleotide content - T position 458,Unknown,,,
Per position reversed nucleotide content - T position 459,Unknown,,,
Per position reversed nucleotide content - T position 460,Unknown,,,
Per position reversed nucleotide content - T position 461,Unknown,,,
Per position reversed nucleotide content - T position 462,Unknown,,,
Per position reversed nucleotide content - T position 463,Unknown,,,
Per position reversed nucleotide content - T position 464,Unknown,,,
Per position reversed nucleotide content - T position 465,Unknown,,,
Per position reversed nucleotide content - T position 466,Unknown,,,
Per position reversed nucleotide content - T position 467,Unknown,,,
Per position reversed nucleotide content - T position 468,Unknown,,,
Per position reversed nucleotide content - T position 469,Unknown,,,
Per position reversed nucleotide content - T position 470,Unknown,,,
Per position reversed nucleotide content - T position 471,Unknown,,,
Per position reversed nucleotide content - T position 472,Unknown,,,
Per position reversed nucleotide content - T position 473,Unknown,,,
Per position reversed nucleotide content - T position 474,Unknown,,,
Per position reversed nucleotide content - T position 475,Unknown,,,
Per position reversed nucleotide content - T position 476,Unknown,,,
Per position reversed nucleotide content - T position 477,Unknown,,,
Per position reversed nucleotide content - T position 478,Unknown,,,
Per position reversed nucleotide content - T position 479,Unknown,,,
Per position reversed nucleotide content - T position 480,Unknown,,,
Per position reversed nucleotide content - T position 481,Unknown,,,
Per position reversed nucleotide content - T position 482,Unknown,,,
Per position reversed nucleotide content - T position 483,Unknown,,,
Per position reversed nucleotide content - T,Warning,0.63,0.7572256305385139,0.63
