Check,Flag,AU-ROC,AU-PR,Accuracy
Unique bases,Pass,,,
Sequence Duplications within Labels,Pass,,,
Duplicate Sequences between Labels,Pass,,,
Sequence lengths,Pass,0.5,0.5,0.5
Per sequence GC content,Fail,0.8289,0.7838351381393323,0.765
Per sequence nucleotide content,Fail,0.9216,0.9060503981862209,0.855
Per sequence dinucleotide content,Fail,0.95285,0.9528045024233813,0.88
Per position nucleotide content,Warning,0.68,0.7753125,0.68
Per reverse position nucleotide content,Warning,0.68,0.7753125,0.68
Per sequence nucleotide content - A,Warning,0.66185,0.6240186723132429,0.615
Per sequence nucleotide content - C,Pass,0.53905,0.4961197027696258,0.585
Per sequence nucleotide content - G,Fail,0.9216,0.9060503981862209,0.855
Per sequence nucleotide content - N,Pass,0.5273,0.5205280748043496,0.53
Per sequence nucleotide content - T,Fail,0.8147,0.8334893006122325,0.755
Per sequence dinucleotide content - AA,Warning,0.6681,0.6508246351484873,0.645
Per sequence dinucleotide content - AC,Pass,0.532,0.48987587449560993,0.56
Per sequence dinucleotide content - AG,Warning,0.6456500000000001,0.6581136241706677,0.615
Per sequence dinucleotide content - AN,Pass,0.5050000000000001,0.5442592592592593,0.505
Per sequence dinucleotide content - AT,Fail,0.8360000000000001,0.8172978241661853,0.76
Per sequence dinucleotide content - CA,Fail,0.7232999999999999,0.7287020438263445,0.66
Per sequence dinucleotide content - CC,Pass,0.5931500000000001,0.5499462627557489,0.61
Per sequence dinucleotide content - CG,Fail,0.852,0.8253728847212491,0.79
Per sequence dinucleotide content - CN,Pass,0.5249999999999999,0.6083333333333333,0.525
Per sequence dinucleotide content - CT,Fail,0.7032,0.6879033823427522,0.65
Per sequence dinucleotide content - GA,Fail,0.7614,0.754892466662181,0.7
Per sequence dinucleotide content - GC,Pass,0.56035,0.49001638045203877,0.635
Per sequence dinucleotide content - GG,Fail,0.95285,0.9528045024233813,0.88
Per sequence dinucleotide content - GN,Pass,0.5249999999999999,0.7466844919786096,0.525
Per sequence dinucleotide content - GT,Warning,0.6537999999999999,0.6305828562856216,0.64
Per sequence dinucleotide content - NA,Pass,0.54,0.7413636363636363,0.54
Per sequence dinucleotide content - NC,Pass,0.515,0.5725,0.515
Per sequence dinucleotide content - NG,Pass,0.52,0.5830555555555555,0.52
Per sequence dinucleotide content - NN,Pass,0.5280999999999999,0.5213986951154438,0.53
Per sequence dinucleotide content - NT,Pass,0.52,0.5830555555555555,0.52
Per sequence dinucleotide content - TA,Fail,0.78285,0.7897551679891547,0.705
Per sequence dinucleotide content - TC,Pass,0.56825,0.539124805691525,0.565
Per sequence dinucleotide content - TG,Pass,0.5852999999999999,0.560804379579334,0.565
Per sequence dinucleotide content - TN,Pass,0.525,0.5893478260869566,0.525
Per sequence dinucleotide content - TT,Fail,0.81655,0.8242345767198132,0.745
Per position nucleotide content - A position 1,Pass,0.5249999999999999,0.5856034482758621,0.525
Per position nucleotide content - A position 2,Pass,0.5150000000000001,0.5650000000000001,0.515
Per position nucleotide content - A position 3,Pass,0.535,0.7279790419161677,0.535
Per position nucleotide content - A position 4,Pass,0.54,0.7224999999999999,0.54
Per position nucleotide content - A position 5,Pass,0.56,0.64875,0.56
Per position nucleotide content - A position 6,Pass,0.53,0.6013461538461539,0.53
Per position nucleotide content - A position 7,Pass,0.505,0.5585975609756098,0.505
Per position nucleotide content - A position 8,Pass,0.545,0.7311363636363637,0.545
Per position nucleotide content - A position 9,Pass,0.54,0.715487012987013,0.54
Per position nucleotide content - A position 10,Pass,0.515,0.5861363636363637,0.515
Per position nucleotide content - A position 11,Pass,0.515,0.5689285714285713,0.515
Per position nucleotide content - A position 12,Pass,0.5050000000000001,0.7139792899408285,0.505
Per position nucleotide content - A position 13,Pass,0.505,0.6941339869281046,0.505
Per position nucleotide content - A position 14,Pass,0.5250000000000001,0.5879878048780488,0.525
Per position nucleotide content - A position 15,Pass,0.535,0.6031976744186047,0.535
Per position nucleotide content - A position 16,Pass,0.5249999999999999,0.5853787878787878,0.525
Per position nucleotide content - A position 17,Pass,0.5,0.7075,0.5
Per position nucleotide content - A position 18,Pass,0.53,0.705,0.53
Per position nucleotide content - A position 19,Pass,0.52,0.7064102564102565,0.52
Per position nucleotide content - A position 20,Pass,0.51,0.7031645569620254,0.51
Per position nucleotide content - A position 21,Pass,0.52,0.6895422535211267,0.52
Per position nucleotide content - A position 22,Pass,0.535,0.6093181818181816,0.535
Per position nucleotide content - A position 23,Pass,0.51,0.5771153846153846,0.51
Per position nucleotide content - A position 24,Pass,0.535,0.6093181818181816,0.535
Per position nucleotide content - A position 25,Pass,0.5,0.5475000000000001,0.5
Per position nucleotide content - A position 26,Pass,0.55,0.6243181818181819,0.55
Per position nucleotide content - A position 27,Pass,0.535,0.6121610169491525,0.535
Per position nucleotide content - A position 28,Pass,0.53,0.7097402597402597,0.53
Per position nucleotide content - A position 29,Pass,0.515,0.5732926829268293,0.515
Per position nucleotide content - A position 30,Pass,0.54,0.6134615384615384,0.54
Per position nucleotide content - A position 31,Pass,0.51,0.5858333333333332,0.51
Per position nucleotide content - A position 32,Pass,0.53,0.6027777777777777,0.53
Per position nucleotide content - A position 33,Pass,0.505,0.5722169811320755,0.505
Per position nucleotide content - A position 34,Pass,0.525,0.601186440677966,0.525
Per position nucleotide content - A position 35,Pass,0.505,0.5676020408163265,0.505
Per position nucleotide content - A position 36,Pass,0.535,0.70908940397351,0.535
Per position nucleotide content - A position 37,Pass,0.525,0.5902777777777778,0.525
Per position nucleotide content - A position 38,Pass,0.505,0.5630555555555555,0.505
Per position nucleotide content - A position 39,Pass,0.5,0.5700000000000001,0.5
Per position nucleotide content - A position 40,Pass,0.515,0.6974668874172186,0.515
Per position nucleotide content - A position 41,Pass,0.5050000000000001,0.67927304964539,0.505
Per position nucleotide content - A position 42,Pass,0.53,0.716875,0.53
Per position nucleotide content - A position 43,Pass,0.525,0.6795419847328245,0.525
Per position nucleotide content - A position 44,Pass,0.545,0.7149006622516557,0.545
Per position nucleotide content - A position 45,Pass,0.545,0.7149006622516557,0.545
Per position nucleotide content - A position 46,Pass,0.53,0.7073684210526316,0.53
Per position nucleotide content - A position 47,Pass,0.545,0.6191176470588236,0.545
Per position nucleotide content - A position 48,Pass,0.535,0.6093181818181816,0.535
Per position nucleotide content - A position 49,Pass,0.5,0.5700000000000001,0.5
Per position nucleotide content - A position 50,Pass,0.54,0.6157142857142857,0.54
Per position nucleotide content - A position 51,Pass,0.525,0.6048412698412697,0.525
Per position nucleotide content - A position 52,Pass,0.5850000000000001,0.667172131147541,0.585
Per position nucleotide content - A position 53,Pass,0.515,0.6901724137931035,0.515
Per position nucleotide content - A position 54,Pass,0.56,0.6392241379310344,0.56
Per position nucleotide content - A position 55,Pass,0.545,0.6219736842105263,0.545
Per position nucleotide content - A position 56,Pass,0.505,0.5768859649122806,0.505
Per position nucleotide content - A position 57,Pass,0.54,0.6145370370370369,0.54
Per position nucleotide content - A position 58,Pass,0.51,0.5729166666666667,0.51
Per position nucleotide content - A position 59,Pass,0.515,0.6780555555555555,0.515
Per position nucleotide content - A position 60,Pass,0.535,0.6121610169491525,0.535
Per position nucleotide content - A position 61,Pass,0.54,0.6169827586206897,0.54
Per position nucleotide content - A position 62,Pass,0.53,0.6058620689655172,0.53
Per position nucleotide content - A position 63,Pass,0.555,0.6325000000000001,0.555
Per position nucleotide content - A position 64,Pass,0.5650000000000001,0.6475000000000001,0.565
Per position nucleotide content - A position 65,Pass,0.51,0.6884246575342465,0.51
Per position nucleotide content - A position 66,Pass,0.535,0.6080188679245282,0.535
Per position nucleotide content - A position 67,Pass,0.52,0.5986290322580645,0.52
Per position nucleotide content - A position 68,Pass,0.525,0.5915957446808511,0.525
Per position nucleotide content - A position 69,Pass,0.51,0.6835211267605634,0.51
Per position nucleotide content - A position 70,Pass,0.55,0.6255769230769231,0.55
Per position nucleotide content - A position 71,Pass,0.515,0.6901724137931035,0.515
Per position nucleotide content - A position 72,Pass,0.535,0.7137903225806451,0.535
Per position nucleotide content - A position 73,Pass,0.515,0.5732926829268293,0.515
Per position nucleotide content - A position 74,Pass,0.535,0.6093181818181816,0.535
Per position nucleotide content - A position 75,Pass,0.5,0.565,0.5
Per position nucleotide content - A position 76,Pass,0.5800000000000001,0.6615740740740741,0.58
Per position nucleotide content - A position 77,Pass,0.55,0.6271428571428572,0.55
Per position nucleotide content - A position 78,Pass,0.52,0.5892307692307692,0.52
Per position nucleotide content - A position 79,Pass,0.505,0.6941339869281046,0.505
Per position nucleotide content - A position 80,Pass,0.51,0.565,0.51
Per position nucleotide content - A position 81,Pass,0.515,0.5803061224489797,0.515
Per position nucleotide content - A position 82,Pass,0.5,0.565,0.5
Per position nucleotide content - A position 83,Pass,0.5,0.5575,0.5
Per position nucleotide content - A position 84,Pass,0.535,0.6047340425531915,0.535
Per position nucleotide content - A position 85,Pass,0.5900000000000001,0.6724999999999999,0.59
Per position nucleotide content - A position 86,Pass,0.545,0.6271153846153846,0.545
Per position nucleotide content - A position 87,Pass,0.535,0.606813725490196,0.535
Per position nucleotide content - A position 88,Pass,0.57,0.6503448275862069,0.57
Per position nucleotide content - A position 89,Pass,0.5700000000000001,0.6498076923076923,0.57
Per position nucleotide content - A position 90,Pass,0.55,0.6262962962962962,0.55
Per position nucleotide content - A position 91,Pass,0.5150000000000001,0.6877447552447552,0.515
Per position nucleotide content - A position 92,Pass,0.5800000000000001,0.6615740740740741,0.58
Per position nucleotide content - A position 93,Pass,0.56,0.6429545454545454,0.56
Per position nucleotide content - A position 94,Pass,0.595,0.681938775510204,0.595
Per position nucleotide content - A position 95,Pass,0.525,0.5977272727272727,0.525
Per position nucleotide content - A position 96,Pass,0.515,0.588157894736842,0.515
Per position nucleotide content - A position 97,Pass,0.55,0.625,0.55
Per position nucleotide content - A position 98,Pass,0.5,0.56,0.5
Per position nucleotide content - A position 99,Pass,0.555,0.6318867924528301,0.555
Per position nucleotide content - A position 100,Pass,0.54,0.6116666666666667,0.54
Per position nucleotide content - A position 101,Pass,0.525,0.6067307692307691,0.525
Per position nucleotide content - A position 102,Pass,0.54,0.6104545454545455,0.54
Per position nucleotide content - A position 103,Pass,0.565,0.6465873015873016,0.565
Per position nucleotide content - A position 104,Pass,0.52,0.5892307692307692,0.52
Per position nucleotide content - A position 105,Pass,0.5950000000000001,0.683563829787234,0.595
Per position nucleotide content - A position 106,Pass,0.52,0.5892307692307692,0.52
Per position nucleotide content - A position 107,Pass,0.52,0.5858333333333333,0.52
Per position nucleotide content - A position 108,Pass,0.535,0.6080188679245282,0.535
Per position nucleotide content - A position 109,Pass,0.52,0.5892307692307692,0.52
Per position nucleotide content - A position 110,Pass,0.52,0.5892307692307692,0.52
Per position nucleotide content - A position 111,Pass,0.545,0.6184183673469388,0.545
Per position nucleotide content - A position 112,Pass,0.51,0.5771153846153846,0.51
Per position nucleotide content - A position 113,Pass,0.535,0.6047340425531915,0.535
Per position nucleotide content - A position 114,Pass,0.5650000000000001,0.6457786885245902,0.565
Per position nucleotide content - A position 115,Pass,0.53,0.6058620689655172,0.53
Per position nucleotide content - A position 116,Pass,0.5300000000000001,0.5965909090909092,0.53
Per position nucleotide content - A position 117,Pass,0.52,0.5858333333333333,0.52
Per position nucleotide content - A position 118,Pass,0.51,0.5771153846153846,0.51
Per position nucleotide content - A position 119,Pass,0.545,0.6191176470588236,0.545
Per position nucleotide content - A position 120,Pass,0.51,0.5729166666666667,0.51
Per position nucleotide content - A position 121,Pass,0.505,0.6990923566878982,0.505
Per position nucleotide content - A position 122,Pass,0.52,0.6895422535211267,0.52
Per position nucleotide content - A position 123,Pass,0.5900000000000001,0.67625,0.59
Per position nucleotide content - A position 124,Pass,0.51,0.6957894736842105,0.51
Per position nucleotide content - A position 125,Pass,0.51,0.5729166666666667,0.51
Per position nucleotide content - A position 126,Pass,0.5800000000000001,0.6614655172413794,0.58
Per position nucleotide content - A position 127,Pass,0.505,0.5653191489361702,0.505
Per position nucleotide content - A position 128,Pass,0.53,0.6013461538461539,0.53
Per position nucleotide content - A position 129,Pass,0.525,0.5945098039215686,0.525
Per position nucleotide content - A position 130,Pass,0.545,0.6199528301886793,0.545
Per position nucleotide content - A position 131,Pass,0.515,0.6974668874172186,0.515
Per position nucleotide content - A position 132,Pass,0.53,0.6013461538461539,0.53
Per position nucleotide content - A position 133,Pass,0.565,0.6441489361702127,0.565
Per position nucleotide content - A position 134,Pass,0.5299999999999999,0.595,0.53
Per position nucleotide content - A position 135,Pass,0.505,0.5699019607843137,0.505
Per position nucleotide content - A position 136,Pass,0.545,0.6199528301886793,0.545
Per position nucleotide content - A position 137,Pass,0.505,0.5653191489361702,0.505
Per position nucleotide content - A position 138,Pass,0.5850000000000001,0.667688679245283,0.585
Per position nucleotide content - A position 139,Pass,0.56,0.6375,0.56
Per position nucleotide content - A position 140,Pass,0.55,0.6271428571428572,0.55
Per position nucleotide content - A position 141,Pass,0.52,0.5827272727272728,0.52
Per position nucleotide content - A position 142,Pass,0.52,0.5966666666666666,0.52
Per position nucleotide content - A position 143,Pass,0.515,0.7072169811320755,0.515
Per position nucleotide content - A position 144,Pass,0.535,0.6047340425531915,0.535
Per position nucleotide content - A position 145,Pass,0.5650000000000001,0.644090909090909,0.565
Per position nucleotide content - A position 146,Pass,0.535,0.6093181818181816,0.535
Per position nucleotide content - A position 147,Pass,0.555,0.6311224489795918,0.555
Per position nucleotide content - A position 148,Pass,0.52,0.5875,0.52
Per position nucleotide content - A position 149,Pass,0.56,0.6392241379310344,0.56
Per position nucleotide content - A position 150,Pass,0.545,0.6199528301886793,0.545
Per position nucleotide content - A position 151,Pass,0.515,0.5902118644067795,0.515
Per position nucleotide content - A position 152,Pass,0.505,0.6941339869281046,0.505
Per position nucleotide content - A position 153,Pass,0.535,0.7044047619047619,0.535
Per position nucleotide content - A position 154,Pass,0.505,0.5676020408163265,0.505
Per position nucleotide content - A position 155,Pass,0.505,0.6916556291390727,0.505
Per position nucleotide content - A position 156,Pass,0.52,0.5842391304347826,0.52
Per position nucleotide content - A position 157,Pass,0.545,0.6199528301886793,0.545
Per position nucleotide content - A position 158,Pass,0.555,0.6325000000000001,0.555
Per position nucleotide content - A position 159,Pass,0.52,0.6991666666666666,0.52
Per position nucleotide content - A position 160,Pass,0.5300000000000001,0.5965909090909092,0.53
Per position nucleotide content - A position 161,Pass,0.515,0.5861363636363637,0.515
Per position nucleotide content - A position 162,Pass,0.5700000000000001,0.65,0.57
Per position nucleotide content - A position 163,Pass,0.5150000000000001,0.6877447552447552,0.515
Per position nucleotide content - A position 164,Pass,0.505,0.6916556291390727,0.505
Per position nucleotide content - A position 165,Pass,0.515,0.588157894736842,0.515
Per position nucleotide content - A position 166,Pass,0.525,0.5977272727272727,0.525
Per position nucleotide content - A position 167,Pass,0.545,0.6176923076923078,0.545
Per position nucleotide content - A position 168,Pass,0.54,0.6125,0.54
Per position nucleotide content - A position 169,Pass,0.53,0.6027777777777777,0.53
Per position nucleotide content - A position 170,Pass,0.53,0.6000000000000001,0.53
Per position nucleotide content - A position 171,Pass,0.545,0.6176923076923078,0.545
Per position nucleotide content - A position 172,Pass,0.515,0.5784574468085106,0.515
Per position nucleotide content - A position 173,Pass,0.5,0.555,0.5
Per position nucleotide content - A position 174,Pass,0.545,0.6173255813953489,0.545
Per position nucleotide content - A position 175,Pass,0.515,0.5749418604651163,0.515
Per position nucleotide content - A position 176,Pass,0.545,0.6184183673469388,0.545
Per position nucleotide content - A position 177,Pass,0.505,0.5653191489361702,0.505
Per position nucleotide content - A position 178,Pass,0.515,0.7072169811320755,0.515
Per position nucleotide content - A position 179,Pass,0.525,0.601186440677966,0.525
Per position nucleotide content - A position 180,Pass,0.5149999999999999,0.6999019607843138,0.515
Per position nucleotide content - A position 181,Pass,0.525,0.5870512820512821,0.525
Per position nucleotide content - A position 182,Pass,0.5,0.5575,0.5
Per position nucleotide content - A position 183,Pass,0.505,0.6891778523489933,0.505
Per position nucleotide content - A position 184,Pass,0.535,0.6093181818181816,0.535
Per position nucleotide content - A position 185,Pass,0.5,0.5675,0.5
Per position nucleotide content - A position 186,Pass,0.525,0.5890697674418605,0.525
Per position nucleotide content - A position 187,Pass,0.52,0.5858333333333333,0.52
Per position nucleotide content - A position 188,Pass,0.53,0.7097402597402597,0.53
Per position nucleotide content - A position 189,Pass,0.5549999999999999,0.631453488372093,0.555
Per position nucleotide content - A position 190,Pass,0.55,0.723525641025641,0.55
Per position nucleotide content - A position 191,Pass,0.525,0.5890697674418605,0.525
Per position nucleotide content - A position 192,Pass,0.515,0.7121012269938649,0.515
Per position nucleotide content - A position 193,Pass,0.52,0.5800000000000001,0.52
Per position nucleotide content - A position 194,Pass,0.5,0.55,0.5
Per position nucleotide content - A position 195,Pass,0.515,0.5666935483870967,0.515
Per position nucleotide content - A position 196,Pass,0.53,0.6000000000000001,0.53
Per position nucleotide content - A position 197,Pass,0.5349999999999999,0.6023717948717949,0.535
Per position nucleotide content - A position 198,Pass,0.51,0.7130120481927711,0.51
Per position nucleotide content - A position 199,Pass,0.525,0.5870512820512821,0.525
Per position nucleotide content - A position 200,Pass,0.5599999999999999,0.7405722891566265,0.56
Per position nucleotide content - A,Pass,0.5950000000000001,0.7405722891566265,0.595
Per position nucleotide content - C position 1,Pass,0.51,0.7179411764705883,0.51
Per position nucleotide content - C position 2,Pass,0.53,0.7288235294117646,0.53
Per position nucleotide content - C position 3,Pass,0.525,0.7248964497041419,0.525
Per position nucleotide content - C position 4,Pass,0.5199999999999999,0.5759615384615384,0.52
Per position nucleotide content - C position 5,Pass,0.51,0.7105487804878049,0.51
Per position nucleotide content - C position 6,Pass,0.5,0.7075,0.5
Per position nucleotide content - C position 7,Pass,0.5199999999999999,0.7209523809523809,0.52
Per position nucleotide content - C position 8,Pass,0.5349999999999999,0.711437908496732,0.535
Per position nucleotide content - C position 9,Pass,0.52,0.7282471264367816,0.52
Per position nucleotide content - C position 10,Pass,0.505,0.704052795031056,0.505
Per position nucleotide content - C position 11,Pass,0.525,0.7104617834394905,0.525
Per position nucleotide content - C position 12,Pass,0.505,0.6990923566878982,0.505
Per position nucleotide content - C position 13,Pass,0.525,0.5857142857142857,0.525
Per position nucleotide content - C position 14,Pass,0.57,0.7460843373493977,0.57
Per position nucleotide content - C position 15,Pass,0.52,0.6991666666666666,0.52
Per position nucleotide content - C position 16,Pass,0.53,0.7121153846153846,0.53
Per position nucleotide content - C position 17,Pass,0.505,0.6891778523489933,0.505
Per position nucleotide content - C position 18,Pass,0.5249999999999999,0.5856034482758621,0.525
Per position nucleotide content - C position 19,Pass,0.525,0.5857142857142857,0.525
Per position nucleotide content - C position 20,Pass,0.55,0.625,0.55
Per position nucleotide content - C position 21,Pass,0.52,0.7233823529411765,0.52
Per position nucleotide content - C position 22,Pass,0.545,0.7264751552795031,0.545
Per position nucleotide content - C position 23,Pass,0.5,0.5525,0.5
Per position nucleotide content - C position 24,Pass,0.525,0.7176687116564419,0.525
Per position nucleotide content - C position 25,Pass,0.52,0.7088291139240507,0.52
Per position nucleotide content - C position 26,Pass,0.5549999999999999,0.7320807453416149,0.555
Per position nucleotide content - C position 27,Pass,0.52,0.7112499999999999,0.52
Per position nucleotide content - C position 28,Pass,0.54,0.6145370370370369,0.54
Per position nucleotide content - C position 29,Pass,0.5,0.535,0.5
Per position nucleotide content - C position 30,Pass,0.52,0.7015789473684211,0.52
Per position nucleotide content - C position 31,Pass,0.5549999999999999,0.7366666666666666,0.555
Per position nucleotide content - C position 32,Pass,0.52,0.7112499999999999,0.52
Per position nucleotide content - C position 33,Pass,0.5499999999999999,0.7397058823529412,0.55
Per position nucleotide content - C position 34,Pass,0.535,0.7185062893081762,0.535
Per position nucleotide content - C position 35,Pass,0.565,0.7399386503067484,0.565
Per position nucleotide content - C position 36,Pass,0.505,0.5585975609756098,0.505
Per position nucleotide content - C position 37,Pass,0.53,0.7073684210526316,0.53
Per position nucleotide content - C position 38,Pass,0.51,0.7007051282051282,0.51
Per position nucleotide content - C position 39,Pass,0.52,0.7039935064935066,0.52
Per position nucleotide content - C position 40,Pass,0.52,0.7039935064935066,0.52
Per position nucleotide content - C position 41,Pass,0.51,0.7007051282051282,0.51
Per position nucleotide content - C position 42,Pass,0.52,0.5842391304347826,0.52
Per position nucleotide content - C position 43,Pass,0.525,0.5870512820512821,0.525
Per position nucleotide content - C position 44,Pass,0.51,0.7080864197530865,0.51
Per position nucleotide content - C position 45,Pass,0.56,0.7269805194805194,0.56
Per position nucleotide content - C position 46,Pass,0.515,0.5732926829268293,0.515
Per position nucleotide content - C position 47,Pass,0.5,0.565,0.5
Per position nucleotide content - C position 48,Pass,0.515,0.5749418604651163,0.515
Per position nucleotide content - C position 49,Pass,0.5299999999999999,0.5944736842105264,0.53
Per position nucleotide content - C position 50,Pass,0.54,0.7178205128205127,0.54
Per position nucleotide content - C position 51,Pass,0.5250000000000001,0.5879878048780488,0.525
Per position nucleotide content - C position 52,Pass,0.54,0.7224999999999999,0.54
Per position nucleotide content - C position 53,Pass,0.545,0.7264751552795031,0.545
Per position nucleotide content - C position 54,Pass,0.565,0.7287418300653593,0.565
Per position nucleotide content - C position 55,Pass,0.52,0.7088291139240507,0.52
Per position nucleotide content - C position 56,Pass,0.515,0.5749418604651163,0.515
Per position nucleotide content - C position 57,Pass,0.525,0.5890697674418605,0.525
Per position nucleotide content - C position 58,Pass,0.55,0.7258227848101265,0.55
Per position nucleotide content - C position 59,Pass,0.5299999999999999,0.7240361445783133,0.53
Per position nucleotide content - C position 60,Pass,0.515,0.7121012269938649,0.515
Per position nucleotide content - C position 61,Pass,0.515,0.5784574468085106,0.515
Per position nucleotide content - C position 62,Pass,0.535,0.7185062893081762,0.535
Per position nucleotide content - C position 63,Pass,0.5,0.55,0.5
Per position nucleotide content - C position 64,Pass,0.5449999999999999,0.7288036809815951,0.545
Per position nucleotide content - C position 65,Pass,0.535,0.7208695652173913,0.535
Per position nucleotide content - C position 66,Pass,0.5,0.5525,0.5
Per position nucleotide content - C position 67,Pass,0.52,0.7136728395061729,0.52
Per position nucleotide content - C position 68,Pass,0.515,0.5766666666666665,0.515
Per position nucleotide content - C position 69,Pass,0.525,0.5870512820512821,0.525
Per position nucleotide content - C position 70,Pass,0.52,0.5777777777777778,0.52
Per position nucleotide content - C position 71,Pass,0.505,0.6916556291390727,0.505
Per position nucleotide content - C position 72,Pass,0.53,0.6000000000000001,0.53
Per position nucleotide content - C position 73,Pass,0.515,0.5803061224489797,0.515
Per position nucleotide content - C position 74,Pass,0.5449999999999999,0.6192857142857143,0.545
Per position nucleotide content - C position 75,Pass,0.505,0.5585975609756098,0.505
Per position nucleotide content - C position 76,Pass,0.51,0.7007051282051282,0.51
Per position nucleotide content - C position 77,Pass,0.52,0.7136728395061729,0.52
Per position nucleotide content - C position 78,Pass,0.525,0.5870512820512821,0.525
Per position nucleotide content - C position 79,Pass,0.5299999999999999,0.595,0.53
Per position nucleotide content - C position 80,Pass,0.54,0.6125,0.54
Per position nucleotide content - C position 81,Pass,0.5599999999999999,0.6414473684210527,0.56
Per position nucleotide content - C position 82,Pass,0.545,0.6173255813953489,0.545
Per position nucleotide content - C position 83,Pass,0.54,0.6104545454545455,0.54
Per position nucleotide content - C position 84,Pass,0.515,0.5749418604651163,0.515
Per position nucleotide content - C position 85,Pass,0.5549999999999999,0.7320807453416149,0.555
Per position nucleotide content - C position 86,Pass,0.53,0.7216463414634147,0.53
Per position nucleotide content - C position 87,Pass,0.54,0.7248456790123456,0.54
Per position nucleotide content - C position 88,Pass,0.5,0.535,0.5
Per position nucleotide content - C position 89,Pass,0.55,0.625,0.55
Per position nucleotide content - C position 90,Pass,0.54,0.6113235294117647,0.54
Per position nucleotide content - C position 91,Pass,0.5,0.71,0.5
Per position nucleotide content - C position 92,Pass,0.5,0.55,0.5
Per position nucleotide content - C position 93,Pass,0.5299999999999999,0.594375,0.53
Per position nucleotide content - C position 94,Pass,0.52,0.7185240963855423,0.52
Per position nucleotide content - C position 95,Pass,0.505,0.5585975609756098,0.505
Per position nucleotide content - C position 96,Pass,0.5349999999999999,0.7303550295857988,0.535
Per position nucleotide content - C position 97,Pass,0.54,0.7178205128205127,0.54
Per position nucleotide content - C position 98,Pass,0.525,0.5853225806451613,0.525
Per position nucleotide content - C position 99,Pass,0.535,0.603030303030303,0.535
Per position nucleotide content - C position 100,Pass,0.51,0.558125,0.51
Per position nucleotide content - C position 101,Pass,0.5499999999999999,0.630625,0.55
Per position nucleotide content - C position 102,Pass,0.515,0.7145454545454545,0.515
Per position nucleotide content - C position 103,Pass,0.515,0.7096583850931676,0.515
Per position nucleotide content - C position 104,Pass,0.525,0.7176687116564419,0.525
Per position nucleotide content - C position 105,Pass,0.5549999999999999,0.7297955974842768,0.555
Per position nucleotide content - C position 106,Pass,0.5300000000000001,0.5965909090909092,0.53
Per position nucleotide content - C position 107,Pass,0.515,0.5766666666666665,0.515
Per position nucleotide content - C position 108,Pass,0.52,0.7185240963855423,0.52
Per position nucleotide content - C position 109,Pass,0.5650000000000001,0.6503378378378378,0.565
Per position nucleotide content - C position 110,Pass,0.505,0.5564102564102564,0.505
Per position nucleotide content - C position 111,Pass,0.535,0.7232361963190185,0.535
Per position nucleotide content - C position 112,Pass,0.5099999999999999,0.5597058823529412,0.51
Per position nucleotide content - C position 113,Pass,0.54,0.715487012987013,0.54
Per position nucleotide content - C position 114,Pass,0.505,0.7090151515151515,0.505
Per position nucleotide content - C position 115,Pass,0.53,0.7073684210526316,0.53
Per position nucleotide content - C position 116,Pass,0.5599999999999999,0.6389285714285714,0.56
Per position nucleotide content - C position 117,Pass,0.5199999999999999,0.5769117647058823,0.52
Per position nucleotide content - C position 118,Pass,0.54,0.7201582278481014,0.54
Per position nucleotide content - C position 119,Pass,0.505,0.7015723270440251,0.505
Per position nucleotide content - C position 120,Pass,0.5149999999999999,0.5677272727272727,0.515
Per position nucleotide content - C position 121,Pass,0.525,0.7176687116564419,0.525
Per position nucleotide content - C position 122,Pass,0.5399999999999999,0.6105555555555555,0.54
Per position nucleotide content - C position 123,Pass,0.55,0.728125,0.55
Per position nucleotide content - C position 124,Pass,0.505,0.5585975609756098,0.505
Per position nucleotide content - C position 125,Pass,0.51,0.565,0.51
Per position nucleotide content - C position 126,Pass,0.5199999999999999,0.7209523809523809,0.52
Per position nucleotide content - C position 127,Pass,0.52,0.5788157894736843,0.52
Per position nucleotide content - C position 128,Pass,0.5399999999999999,0.6100000000000001,0.54
Per position nucleotide content - C position 129,Pass,0.51,0.5631578947368421,0.51
Per position nucleotide content - C position 130,Pass,0.51,0.7154761904761905,0.51
Per position nucleotide content - C position 131,Pass,0.515,0.5689285714285713,0.515
Per position nucleotide content - C position 132,Pass,0.545,0.7264751552795031,0.545
Per position nucleotide content - C position 133,Pass,0.52,0.5800000000000001,0.52
Per position nucleotide content - C position 134,Pass,0.51,0.5631578947368421,0.51
Per position nucleotide content - C position 135,Pass,0.525,0.5857142857142857,0.525
Per position nucleotide content - C position 136,Pass,0.5299999999999999,0.5944736842105264,0.53
Per position nucleotide content - C position 137,Pass,0.5349999999999999,0.6026829268292684,0.535
Per position nucleotide content - C position 138,Pass,0.52,0.7064102564102565,0.52
Per position nucleotide content - C position 139,Pass,0.505,0.7015723270440251,0.505
Per position nucleotide content - C position 140,Pass,0.535,0.7208695652173913,0.535
Per position nucleotide content - C position 141,Pass,0.5149999999999999,0.5702702702702703,0.515
Per position nucleotide content - C position 142,Pass,0.5150000000000001,0.5650000000000001,0.515
Per position nucleotide content - C position 143,Pass,0.545,0.7103061224489796,0.545
Per position nucleotide content - C position 144,Pass,0.57,0.6533333333333333,0.57
Per position nucleotide content - C position 145,Pass,0.5149999999999999,0.5658620689655173,0.515
Per position nucleotide content - C position 146,Pass,0.535,0.7279790419161677,0.535
Per position nucleotide content - C position 147,Pass,0.515,0.5666935483870967,0.515
Per position nucleotide content - C position 148,Pass,0.505,0.5564102564102564,0.505
Per position nucleotide content - C position 149,Pass,0.525,0.5890697674418605,0.525
Per position nucleotide content - C position 150,Pass,0.52,0.7160975609756097,0.52
Per position nucleotide content - C position 151,Pass,0.545,0.6173780487804879,0.545
Per position nucleotide content - C position 152,Pass,0.555,0.6311224489795918,0.555
Per position nucleotide content - C position 153,Pass,0.525,0.7297254335260115,0.525
Per position nucleotide content - C position 154,Pass,0.5050000000000001,0.7114970059880239,0.505
Per position nucleotide content - C position 155,Pass,0.515,0.5784574468085106,0.515
Per position nucleotide content - C position 156,Pass,0.5399999999999999,0.6101190476190477,0.54
Per position nucleotide content - C position 157,Pass,0.55,0.7258227848101265,0.55
Per position nucleotide content - C position 158,Pass,0.5,0.7075,0.5
Per position nucleotide content - C position 159,Pass,0.525,0.5862837837837838,0.525
Per position nucleotide content - C position 160,Pass,0.535,0.7185062893081762,0.535
Per position nucleotide content - C position 161,Pass,0.515,0.7121012269938649,0.515
Per position nucleotide content - C position 162,Pass,0.515,0.5732926829268293,0.515
Per position nucleotide content - C position 163,Pass,0.51,0.5631578947368421,0.51
Per position nucleotide content - C position 164,Pass,0.505,0.704052795031056,0.505
Per position nucleotide content - C position 165,Pass,0.5,0.7075,0.5
Per position nucleotide content - C position 166,Pass,0.505,0.704052795031056,0.505
Per position nucleotide content - C position 167,Pass,0.545,0.7172058823529411,0.545
Per position nucleotide content - C position 168,Pass,0.515,0.7145454545454545,0.515
Per position nucleotide content - C position 169,Pass,0.575,0.7388853503184712,0.575
Per position nucleotide content - C position 170,Pass,0.54,0.7085135135135134,0.54
Per position nucleotide content - C position 171,Pass,0.525,0.5945098039215686,0.525
Per position nucleotide content - C position 172,Pass,0.53,0.7216463414634147,0.53
Per position nucleotide content - C position 173,Pass,0.53,0.7216463414634147,0.53
Per position nucleotide content - C position 174,Pass,0.55,0.7121232876712329,0.55
Per position nucleotide content - C position 175,Pass,0.525,0.7104617834394905,0.525
Per position nucleotide content - C position 176,Pass,0.515,0.7096583850931676,0.515
Per position nucleotide content - C position 177,Pass,0.5,0.545,0.5
Per position nucleotide content - C position 178,Pass,0.515,0.5717307692307692,0.515
Per position nucleotide content - C position 179,Pass,0.5249999999999999,0.7224850299401196,0.525
Per position nucleotide content - C position 180,Pass,0.53,0.5941666666666667,0.53
Per position nucleotide content - C position 181,Pass,0.525,0.7176687116564419,0.525
Per position nucleotide content - C position 182,Pass,0.515,0.5689285714285713,0.515
Per position nucleotide content - C position 183,Pass,0.52,0.7185240963855423,0.52
Per position nucleotide content - C position 184,Pass,0.51,0.7080864197530865,0.51
Per position nucleotide content - C position 185,Pass,0.5249999999999999,0.7273099415204678,0.525
Per position nucleotide content - C position 186,Pass,0.525,0.7080645161290322,0.525
Per position nucleotide content - C position 187,Pass,0.5399999999999999,0.7342647058823529,0.54
Per position nucleotide content - C position 188,Pass,0.5249999999999999,0.7321428571428571,0.525
Per position nucleotide content - C position 189,Pass,0.515,0.7072169811320755,0.515
Per position nucleotide content - C position 190,Pass,0.505,0.7065337423312884,0.505
Per position nucleotide content - C position 191,Pass,0.53,0.7192592592592593,0.53
Per position nucleotide content - C position 192,Pass,0.52,0.7233823529411765,0.52
Per position nucleotide content - C position 193,Pass,0.51,0.7228735632183908,0.51
Per position nucleotide content - C position 194,Pass,0.5499999999999999,0.6285294117647059,0.55
Per position nucleotide content - C position 195,Pass,0.54,0.7248456790123456,0.54
Per position nucleotide content - C position 196,Pass,0.515,0.7121012269938649,0.515
Per position nucleotide content - C position 197,Pass,0.5349999999999999,0.7303550295857988,0.535
Per position nucleotide content - C position 198,Pass,0.5,0.7124999999999999,0.5
Per position nucleotide content - C position 199,Pass,0.51,0.7278089887640451,0.51
Per position nucleotide content - C position 200,Pass,0.5049999999999999,0.5500757575757576,0.505
Per position nucleotide content - C,Pass,0.575,0.7460843373493977,0.575
Per position nucleotide content - G position 1,Pass,0.5399999999999999,0.7342647058823529,0.54
Per position nucleotide content - G position 2,Pass,0.52,0.7185240963855423,0.52
Per position nucleotide content - G position 3,Pass,0.51,0.7130120481927711,0.51
Per position nucleotide content - G position 4,Pass,0.51,0.7105487804878049,0.51
Per position nucleotide content - G position 5,Pass,0.58,0.7493902439024391,0.58
Per position nucleotide content - G position 6,Pass,0.5549999999999999,0.7482142857142858,0.555
Per position nucleotide content - G position 7,Pass,0.515,0.7145454545454545,0.515
Per position nucleotide content - G position 8,Pass,0.525,0.5857142857142857,0.525
Per position nucleotide content - G position 9,Pass,0.51,0.7154761904761905,0.51
Per position nucleotide content - G position 10,Pass,0.54,0.7295481927710843,0.54
Per position nucleotide content - G position 11,Pass,0.515,0.5749418604651163,0.515
Per position nucleotide content - G position 12,Pass,0.5549999999999999,0.7297955974842768,0.555
Per position nucleotide content - G position 13,Pass,0.52,0.7160975609756097,0.52
Per position nucleotide content - G position 14,Pass,0.52,0.7039935064935066,0.52
Per position nucleotide content - G position 15,Pass,0.54,0.7248456790123456,0.54
Per position nucleotide content - G position 16,Pass,0.5449999999999999,0.7288036809815951,0.545
Per position nucleotide content - G position 17,Pass,0.57,0.7371518987341773,0.57
Per position nucleotide content - G position 18,Pass,0.525,0.7104617834394905,0.525
Per position nucleotide content - G position 19,Pass,0.5750000000000001,0.7410849056603774,0.575
Per position nucleotide content - G position 20,Pass,0.5650000000000001,0.726523178807947,0.565
Per position nucleotide content - G position 21,Pass,0.54,0.7178205128205127,0.54
Per position nucleotide content - G position 22,Pass,0.525,0.7152639751552795,0.525
Per position nucleotide content - G position 23,Pass,0.55,0.7258227848101265,0.55
Per position nucleotide content - G position 24,Pass,0.515,0.7047770700636942,0.515
Per position nucleotide content - G position 25,Pass,0.53,0.705,0.53
Per position nucleotide content - G position 26,Pass,0.54,0.7131578947368421,0.54
Per position nucleotide content - G position 27,Pass,0.515,0.7121012269938649,0.515
Per position nucleotide content - G position 28,Pass,0.5700000000000001,0.739375,0.57
Per position nucleotide content - G position 29,Pass,0.585,0.7255755395683454,0.585
Per position nucleotide content - G position 30,Pass,0.53,0.714493670886076,0.53
Per position nucleotide content - G position 31,Pass,0.52,0.5800000000000001,0.52
Per position nucleotide content - G position 32,Pass,0.595,0.752374213836478,0.595
Per position nucleotide content - G position 33,Pass,0.5150000000000001,0.6877447552447552,0.515
Per position nucleotide content - G position 34,Pass,0.57,0.7371518987341773,0.57
Per position nucleotide content - G position 35,Pass,0.515,0.7047770700636942,0.515
Per position nucleotide content - G position 36,Pass,0.53,0.716875,0.53
Per position nucleotide content - G position 37,Pass,0.54,0.7131578947368421,0.54
Per position nucleotide content - G position 38,Pass,0.585,0.7339115646258503,0.585
Per position nucleotide content - G position 39,Pass,0.5149999999999999,0.6999019607843138,0.515
Per position nucleotide content - G position 40,Pass,0.505,0.6891778523489933,0.505
Per position nucleotide content - G position 41,Pass,0.545,0.7241509433962263,0.545
Per position nucleotide content - G position 42,Pass,0.515,0.6853191489361702,0.515
Per position nucleotide content - G position 43,Pass,0.53,0.7121153846153846,0.53
Per position nucleotide content - G position 44,Pass,0.545,0.7126006711409396,0.545
Per position nucleotide content - G position 45,Pass,0.525,0.5977272727272727,0.525
Per position nucleotide content - G position 46,Pass,0.555,0.7229738562091502,0.555
Per position nucleotide content - G position 47,Pass,0.5700000000000001,0.7438414634146342,0.57
Per position nucleotide content - G position 48,Pass,0.595,0.752374213836478,0.595
Per position nucleotide content - G position 49,Warning,0.6000000000000001,0.7458333333333333,0.6
Per position nucleotide content - G position 50,Pass,0.5700000000000001,0.7305263157894737,0.57
Per position nucleotide content - G position 51,Pass,0.5349999999999999,0.7161464968152866,0.535
Per position nucleotide content - G position 52,Warning,0.6100000000000001,0.7476712328767123,0.61
Per position nucleotide content - G position 53,Pass,0.52,0.7015789473684211,0.52
Per position nucleotide content - G position 54,Pass,0.5900000000000001,0.7463461538461539,0.59
Per position nucleotide content - G position 55,Pass,0.5800000000000001,0.7363157894736843,0.58
Per position nucleotide content - G position 56,Pass,0.53,0.7097402597402597,0.53
Per position nucleotide content - G position 57,Pass,0.585,0.7339115646258503,0.585
Per position nucleotide content - G position 58,Pass,0.555,0.7229738562091502,0.555
Per position nucleotide content - G position 59,Pass,0.5349999999999999,0.7161464968152866,0.535
Per position nucleotide content - G position 60,Pass,0.5350000000000001,0.6997377622377623,0.535
Per position nucleotide content - G position 61,Pass,0.56,0.7225,0.56
Per position nucleotide content - G position 62,Pass,0.595,0.752374213836478,0.595
Per position nucleotide content - G position 63,Pass,0.585,0.723521897810219,0.585
Per position nucleotide content - G position 64,Pass,0.555,0.7229738562091502,0.555
Per position nucleotide content - G position 65,Pass,0.575,0.7237237762237763,0.575
Per position nucleotide content - G position 66,Warning,0.62,0.7497535211267604,0.62
Per position nucleotide content - G position 67,Pass,0.545,0.7126006711409396,0.545
Per position nucleotide content - G position 68,Pass,0.595,0.7276851851851851,0.595
Per position nucleotide content - G position 69,Pass,0.5750000000000001,0.7280102040816326,0.575
Per position nucleotide content - G position 70,Warning,0.655,0.7649074074074074,0.655
Per position nucleotide content - G position 71,Pass,0.55,0.728125,0.55
Per position nucleotide content - G position 72,Warning,0.615,0.7496551724137931,0.615
Per position nucleotide content - G position 73,Warning,0.61,0.7398550724637681,0.61
Per position nucleotide content - G position 74,Warning,0.62,0.7497535211267604,0.62
Per position nucleotide content - G position 75,Pass,0.5700000000000001,0.7283333333333334,0.57
Per position nucleotide content - G position 76,Warning,0.605,0.7397340425531915,0.605
Per position nucleotide content - G position 77,Pass,0.5800000000000001,0.7320270270270269,0.58
Per position nucleotide content - G position 78,Warning,0.63,0.7539285714285715,0.63
Per position nucleotide content - G position 79,Warning,0.64,0.7547388059701493,0.64
Per position nucleotide content - G position 80,Warning,0.625,0.7537062937062938,0.625
Per position nucleotide content - G position 81,Warning,0.635,0.7525000000000002,0.635
Per position nucleotide content - G position 82,Warning,0.615,0.7457801418439716,0.615
Per position nucleotide content - G position 83,Warning,0.615,0.7477097902097902,0.615
Per position nucleotide content - G position 84,Pass,0.595,0.7276851851851851,0.595
Per position nucleotide content - G position 85,Pass,0.5800000000000001,0.7428164556962026,0.58
Per position nucleotide content - G position 86,Pass,0.56,0.7158333333333332,0.56
Per position nucleotide content - G position 87,Pass,0.575,0.7131954887218046,0.575
Per position nucleotide content - G position 88,Warning,0.615,0.7382330827067668,0.615
Per position nucleotide content - G position 89,Warning,0.645,0.7604197080291971,0.645
Per position nucleotide content - G position 90,Warning,0.655,0.7665693430656935,0.655
Per position nucleotide content - G position 91,Pass,0.55,0.7053571428571428,0.55
Per position nucleotide content - G position 92,Warning,0.6100000000000001,0.7476712328767123,0.61
Per position nucleotide content - G position 93,Warning,0.645,0.7570112781954887,0.645
Per position nucleotide content - G position 94,Warning,0.61,0.7360447761194031,0.61
Per position nucleotide content - G position 95,Pass,0.58,0.7173507462686567,0.58
Per position nucleotide content - G position 96,Pass,0.53,0.7002739726027396,0.53
Per position nucleotide content - G position 97,Warning,0.615,0.7516156462585034,0.615
Per position nucleotide content - G position 98,Warning,0.61,0.7286507936507937,0.61
Per position nucleotide content - G position 99,Warning,0.68,0.7753125,0.68
Per position nucleotide content - G position 100,Warning,0.635,0.7490267175572519,0.635
Per position nucleotide content - G position 101,Warning,0.6399999999999999,0.76,0.64
Per position nucleotide content - G position 102,Warning,0.64,0.7513461538461539,0.64
Per position nucleotide content - G position 103,Pass,0.56,0.7180479452054795,0.56
Per position nucleotide content - G position 104,Pass,0.55,0.7121232876712329,0.55
Per position nucleotide content - G position 105,Warning,0.645,0.763918439716312,0.645
Per position nucleotide content - G position 106,Warning,0.62,0.7459782608695651,0.62
Per position nucleotide content - G position 107,Pass,0.5800000000000001,0.7235714285714285,0.58
Per position nucleotide content - G position 108,Pass,0.595,0.7257142857142856,0.595
Per position nucleotide content - G position 109,Warning,0.62,0.7516666666666667,0.62
Per position nucleotide content - G position 110,Warning,0.655,0.7665693430656935,0.655
Per position nucleotide content - G position 111,Warning,0.63,0.7521014492753623,0.63
Per position nucleotide content - G position 112,Warning,0.62,0.7497535211267604,0.62
Per position nucleotide content - G position 113,Warning,0.605,0.7417132867132866,0.605
Per position nucleotide content - G position 114,Warning,0.6100000000000001,0.7456944444444443,0.61
Per position nucleotide content - G position 115,Pass,0.5900000000000001,0.73375,0.59
Per position nucleotide content - G position 116,Warning,0.615,0.7419708029197081,0.615
Per position nucleotide content - G position 117,Pass,0.5800000000000001,0.7194117647058824,0.58
Per position nucleotide content - G position 118,Pass,0.56,0.7158333333333332,0.56
Per position nucleotide content - G position 119,Warning,0.6000000000000001,0.7417465753424658,0.6
Per position nucleotide content - G position 120,Pass,0.585,0.717442748091603,0.585
Per position nucleotide content - G position 121,Pass,0.53,0.6885294117647058,0.53
Per position nucleotide content - G position 122,Pass,0.565,0.7155496453900709,0.565
Per position nucleotide content - G position 123,Warning,0.615,0.7419708029197081,0.615
Per position nucleotide content - G position 124,Pass,0.55,0.7098611111111113,0.55
Per position nucleotide content - G position 125,Pass,0.585,0.7214814814814814,0.585
Per position nucleotide content - G position 126,Pass,0.595,0.7296715328467154,0.595
Per position nucleotide content - G position 127,Pass,0.575,0.7215957446808512,0.575
Per position nucleotide content - G position 128,Warning,0.62,0.7478571428571429,0.62
Per position nucleotide content - G position 129,Warning,0.6100000000000001,0.7437323943661972,0.61
Per position nucleotide content - G position 130,Pass,0.5750000000000001,0.7323344370860927,0.575
Per position nucleotide content - G position 131,Pass,0.565,0.7155496453900709,0.565
Per position nucleotide content - G position 132,Pass,0.545,0.7034574468085106,0.545
Per position nucleotide content - G position 133,Warning,0.625,0.7444924812030076,0.625
Per position nucleotide content - G position 134,Pass,0.6,0.7298134328358209,0.6
Per position nucleotide content - G position 135,Pass,0.54,0.7061986301369864,0.54
Per position nucleotide content - G position 136,Warning,0.605,0.7457142857142857,0.605
Per position nucleotide content - G position 137,Pass,0.575,0.7215957446808512,0.575
Per position nucleotide content - G position 138,Pass,0.5900000000000001,0.7379054054054055,0.59
Per position nucleotide content - G position 139,Pass,0.5549999999999999,0.7095035460992907,0.555
Per position nucleotide content - G position 140,Pass,0.575,0.7258620689655172,0.575
Per position nucleotide content - G position 141,Pass,0.5700000000000001,0.7218055555555556,0.57
Per position nucleotide content - G position 142,Pass,0.585,0.7339115646258503,0.585
Per position nucleotide content - G position 143,Pass,0.51,0.6884246575342465,0.51
Per position nucleotide content - G position 144,Warning,0.625,0.7499640287769783,0.625
Per position nucleotide content - G position 145,Warning,0.6000000000000001,0.7458333333333333,0.6
Per position nucleotide content - G position 146,Pass,0.56,0.7158333333333332,0.56
Per position nucleotide content - G position 147,Pass,0.585,0.723521897810219,0.585
Per position nucleotide content - G position 148,Pass,0.55,0.7076056338028169,0.55
Per position nucleotide content - G position 149,Pass,0.5750000000000001,0.7323344370860927,0.575
Per position nucleotide content - G position 150,Pass,0.5700000000000001,0.7261486486486487,0.57
Per position nucleotide content - G position 151,Pass,0.5800000000000001,0.7363157894736843,0.58
Per position nucleotide content - G position 152,Pass,0.5700000000000001,0.7283333333333334,0.57
Per position nucleotide content - G position 153,Pass,0.5850000000000001,0.7381456953642384,0.585
Per position nucleotide content - G position 154,Pass,0.56,0.7136267605633803,0.56
Per position nucleotide content - G position 155,Pass,0.5700000000000001,0.7283333333333334,0.57
Per position nucleotide content - G position 156,Pass,0.5650000000000001,0.7221088435374151,0.565
Per position nucleotide content - G position 157,Pass,0.51,0.6908783783783784,0.51
Per position nucleotide content - G position 158,Pass,0.5549999999999999,0.7095035460992907,0.555
Per position nucleotide content - G position 159,Pass,0.55,0.7076056338028169,0.55
Per position nucleotide content - G position 160,Pass,0.5850000000000001,0.7360234899328859,0.585
Per position nucleotide content - G position 161,Pass,0.5900000000000001,0.7463461538461539,0.59
Per position nucleotide content - G position 162,Pass,0.585,0.7276418439716312,0.585
Per position nucleotide content - G position 163,Pass,0.53,0.714493670886076,0.53
Per position nucleotide content - G position 164,Pass,0.5650000000000001,0.726523178807947,0.565
Per position nucleotide content - G position 165,Pass,0.505,0.6891778523489933,0.505
Per position nucleotide content - G position 166,Pass,0.56,0.7247368421052632,0.56
Per position nucleotide content - G position 167,Pass,0.5800000000000001,0.738474025974026,0.58
Per position nucleotide content - G position 168,Pass,0.54,0.7038888888888888,0.54
Per position nucleotide content - G position 169,Pass,0.525,0.7128616352201258,0.525
Per position nucleotide content - G position 170,Pass,0.5349999999999999,0.7161464968152866,0.535
Per position nucleotide content - G position 171,Pass,0.565,0.7287418300653593,0.565
Per position nucleotide content - G position 172,Pass,0.565,0.7332006369426752,0.565
Per position nucleotide content - G position 173,Pass,0.515,0.69503355704698,0.515
Per position nucleotide content - G position 174,Pass,0.555,0.7343711656441718,0.555
Per position nucleotide content - G position 175,Pass,0.56,0.7360185185185186,0.56
Per position nucleotide content - G position 176,Pass,0.545,0.7126006711409396,0.545
Per position nucleotide content - G position 177,Pass,0.525,0.7080645161290322,0.525
Per position nucleotide content - G position 178,Pass,0.515,0.6926020408163265,0.515
Per position nucleotide content - G position 179,Pass,0.555,0.7275159235668789,0.555
Per position nucleotide content - G position 180,Pass,0.53,0.7097402597402597,0.53
Per position nucleotide content - G position 181,Pass,0.5349999999999999,0.7161464968152866,0.535
Per position nucleotide content - G position 182,Pass,0.545,0.7264751552795031,0.545
Per position nucleotide content - G position 183,Pass,0.52,0.7064102564102565,0.52
Per position nucleotide content - G position 184,Pass,0.535,0.7208695652173913,0.535
Per position nucleotide content - G position 185,Pass,0.5,0.5475000000000001,0.5
Per position nucleotide content - G position 186,Pass,0.555,0.7343711656441718,0.555
Per position nucleotide content - G position 187,Pass,0.52,0.7258139534883721,0.52
Per position nucleotide content - G position 188,Pass,0.515,0.7023387096774194,0.515
Per position nucleotide content - G position 189,Pass,0.5599999999999999,0.7382926829268293,0.56
Per position nucleotide content - G position 190,Pass,0.5349999999999999,0.7327339181286551,0.535
Per position nucleotide content - G position 191,Pass,0.5549999999999999,0.7389670658682636,0.555
Per position nucleotide content - G position 192,Pass,0.525,0.7128616352201258,0.525
Per position nucleotide content - G position 193,Pass,0.54,0.715487012987013,0.54
Per position nucleotide content - G position 194,Pass,0.565,0.7399386503067484,0.565
Per position nucleotide content - G position 195,Pass,0.525,0.7104617834394905,0.525
Per position nucleotide content - G position 196,Pass,0.5349999999999999,0.7374999999999999,0.535
Per position nucleotide content - G position 197,Pass,0.585,0.7598538011695907,0.585
Per position nucleotide content - G position 198,Pass,0.57,0.7483333333333333,0.57
Per position nucleotide content - G position 199,Pass,0.575,0.7544298245614035,0.575
Per position nucleotide content - G position 200,Pass,0.5,0.7124999999999999,0.5
Per position nucleotide content - G,Warning,0.68,0.7753125,0.68
Per position nucleotide content - N position 1,Pass,0.515,0.6074999999999999,0.515
Per position nucleotide content - N position 2,Pass,0.5049999999999999,0.5935211267605633,0.505
Per position nucleotide content - N position 3,Pass,0.5049999999999999,0.5911231884057971,0.505
Per position nucleotide content - N position 4,Pass,0.515,0.5902118644067795,0.515
Per position nucleotide content - N position 5,Pass,0.51,0.5771153846153846,0.51
Per position nucleotide content - N position 6,Pass,0.505,0.5676020408163265,0.505
Per position nucleotide content - N position 7,Pass,0.5,0.56,0.5
Per position nucleotide content - N position 8,Pass,0.5,0.5575,0.5
Per position nucleotide content - N position 9,Pass,0.5,0.5525,0.5
Per position nucleotide content - N position 10,Pass,0.51,0.705625,0.51
Per position nucleotide content - N position 11,Pass,0.51,0.7080864197530865,0.51
Per position nucleotide content - N position 12,Pass,0.515,0.7121012269938649,0.515
Per position nucleotide content - N position 13,Pass,0.515,0.7121012269938649,0.515
Per position nucleotide content - N position 14,Pass,0.515,0.7121012269938649,0.515
Per position nucleotide content - N position 15,Pass,0.515,0.7121012269938649,0.515
Per position nucleotide content - N position 16,Pass,0.5050000000000001,0.7139792899408285,0.505
Per position nucleotide content - N position 17,Pass,0.5050000000000001,0.7139792899408285,0.505
Per position nucleotide content - N position 18,Pass,0.51,0.7179411764705883,0.51
Per position nucleotide content - N position 19,Pass,0.5049999999999999,0.7164619883040937,0.505
Per position nucleotide content - N position 20,Pass,0.5,0.7175,0.5
Per position nucleotide content - N position 21,Pass,0.5149999999999999,0.5651086956521738,0.515
Per position nucleotide content - N position 22,Pass,0.5149999999999999,0.5651086956521738,0.515
Per position nucleotide content - N position 23,Pass,0.52,0.5779545454545454,0.52
Per position nucleotide content - N position 24,Pass,0.52,0.5779545454545454,0.52
Per position nucleotide content - N position 25,Pass,0.52,0.5779545454545454,0.52
Per position nucleotide content - N position 26,Pass,0.5100000000000001,0.5525000000000001,0.51
Per position nucleotide content - N position 27,Pass,0.505,0.5381578947368421,0.505
Per position nucleotide content - N position 28,Pass,0.505,0.5381578947368421,0.505
Per position nucleotide content - N position 29,Pass,0.5000000000000001,0.5225,0.5
Per position nucleotide content - N position 30,Pass,0.5000000000000001,0.5225,0.5
Per position nucleotide content - N position 31,Pass,0.5050000000000001,0.5372058823529411,0.505
Per position nucleotide content - N position 32,Pass,0.51,0.55375,0.51
Per position nucleotide content - N position 33,Pass,0.51,0.5557142857142857,0.51
Per position nucleotide content - N position 34,Pass,0.51,0.5591666666666667,0.51
Per position nucleotide content - N position 35,Pass,0.51,0.5650000000000001,0.51
Per position nucleotide content - N position 36,Pass,0.515,0.5983333333333333,0.515
Per position nucleotide content - N position 37,Pass,0.515,0.5983333333333333,0.515
Per position nucleotide content - N position 38,Pass,0.52,0.6399999999999999,0.52
Per position nucleotide content - N position 39,Pass,0.52,0.6399999999999999,0.52
Per position nucleotide content - N position 40,Pass,0.52,0.6399999999999999,0.52
Per position nucleotide content - N position 41,Pass,0.52,0.6399999999999999,0.52
Per position nucleotide content - N position 42,Pass,0.52,0.6399999999999999,0.52
Per position nucleotide content - N position 43,Pass,0.52,0.6399999999999999,0.52
Per position nucleotide content - N position 44,Pass,0.52,0.6399999999999999,0.52
Per position nucleotide content - N position 45,Pass,0.52,0.6399999999999999,0.52
Per position nucleotide content - N position 46,Pass,0.5149999999999999,0.6196428571428572,0.515
Per position nucleotide content - N position 47,Pass,0.51,0.5933333333333333,0.51
Per position nucleotide content - N position 48,Pass,0.51,0.5933333333333333,0.51
Per position nucleotide content - N position 49,Pass,0.51,0.5933333333333333,0.51
Per position nucleotide content - N position 50,Pass,0.51,0.5933333333333333,0.51
Per position nucleotide content - N position 51,Pass,0.505,0.5575,0.505
Per position nucleotide content - N position 52,Pass,0.505,0.5575,0.505
Per position nucleotide content - N position 53,Pass,0.51,0.6325,0.51
Per position nucleotide content - N position 54,Pass,0.505,0.5883333333333333,0.505
Per position nucleotide content - N position 55,Pass,0.505,0.5883333333333333,0.505
Per position nucleotide content - N position 56,Pass,0.505,0.5883333333333333,0.505
Per position nucleotide content - N position 57,Pass,0.505,0.5883333333333333,0.505
Per position nucleotide content - N position 58,Pass,0.505,0.5883333333333333,0.505
Per position nucleotide content - N position 59,Pass,0.51,0.755,0.51
Per position nucleotide content - N position 60,Pass,0.51,0.755,0.51
Per position nucleotide content - N position 61,Pass,0.505,0.7525,0.505
Per position nucleotide content - N position 62,Pass,0.505,0.7525,0.505
Per position nucleotide content - N position 63,Pass,0.505,0.7525,0.505
Per position nucleotide content - N position 64,Pass,0.505,0.7525,0.505
Per position nucleotide content - N position 65,Pass,0.505,0.7525,0.505
Per position nucleotide content - N position 66,Pass,0.505,0.7525,0.505
Per position nucleotide content - N position 67,Pass,0.505,0.7525,0.505
Per position nucleotide content - N position 68,Pass,0.505,0.7525,0.505
Per position nucleotide content - N position 69,Pass,0.5,0.5,0.5
Per position nucleotide content - N position 70,Pass,0.5,0.5,0.5
Per position nucleotide content - N position 71,Pass,0.5,0.5,0.5
Per position nucleotide content - N position 72,Pass,0.5,0.5,0.5
Per position nucleotide content - N position 73,Pass,0.5,0.5,0.5
Per position nucleotide content - N position 74,Pass,0.5,0.5,0.5
Per position nucleotide content - N position 75,Pass,0.5,0.5,0.5
Per position nucleotide content - N position 76,Pass,0.5,0.5,0.5
Per position nucleotide content - N position 77,Pass,0.5,0.5,0.5
Per position nucleotide content - N position 78,Pass,0.5,0.5,0.5
Per position nucleotide content - N position 79,Pass,0.5,0.5,0.5
Per position nucleotide content - N position 80,Pass,0.5,0.5,0.5
Per position nucleotide content - N position 81,Pass,0.5,0.5,0.5
Per position nucleotide content - N position 82,Pass,0.5,0.5,0.5
Per position nucleotide content - N position 83,Pass,0.5,0.5,0.5
Per position nucleotide content - N position 84,Pass,0.5,0.5,0.5
Per position nucleotide content - N position 85,Pass,0.5,0.5,0.5
Per position nucleotide content - N position 86,Pass,0.5,0.5,0.5
Per position nucleotide content - N position 87,Pass,0.5,0.5,0.5
Per position nucleotide content - N position 88,Pass,0.5,0.5,0.5
Per position nucleotide content - N position 89,Pass,0.5,0.5,0.5
Per position nucleotide content - N position 90,Pass,0.5,0.5,0.5
Per position nucleotide content - N position 91,Pass,0.5,0.5,0.5
Per position nucleotide content - N position 92,Pass,0.5,0.5,0.5
Per position nucleotide content - N position 93,Pass,0.5,0.5,0.5
Per position nucleotide content - N position 94,Pass,0.5,0.5,0.5
Per position nucleotide content - N position 95,Pass,0.5,0.5,0.5
Per position nucleotide content - N position 96,Pass,0.505,0.7525,0.505
Per position nucleotide content - N position 97,Pass,0.505,0.7525,0.505
Per position nucleotide content - N position 98,Pass,0.505,0.7525,0.505
Per position nucleotide content - N position 99,Pass,0.505,0.7525,0.505
Per position nucleotide content - N position 100,Pass,0.505,0.7525,0.505
Per position nucleotide content - N position 101,Pass,0.505,0.7525,0.505
Per position nucleotide content - N position 102,Pass,0.505,0.7525,0.505
Per position nucleotide content - N position 103,Pass,0.505,0.7525,0.505
Per position nucleotide content - N position 104,Pass,0.505,0.7525,0.505
Per position nucleotide content - N position 105,Pass,0.505,0.7525,0.505
Per position nucleotide content - N position 106,Pass,0.505,0.7525,0.505
Per position nucleotide content - N position 107,Pass,0.505,0.7525,0.505
Per position nucleotide content - N position 108,Pass,0.505,0.7525,0.505
Per position nucleotide content - N position 109,Pass,0.505,0.7525,0.505
Per position nucleotide content - N position 110,Pass,0.505,0.7525,0.505
Per position nucleotide content - N position 111,Pass,0.505,0.7525,0.505
Per position nucleotide content - N position 112,Pass,0.505,0.7525,0.505
Per position nucleotide content - N position 113,Pass,0.5,0.5025,0.5
Per position nucleotide content - N position 114,Pass,0.5,0.5025,0.5
Per position nucleotide content - N position 115,Pass,0.5,0.5025,0.5
Per position nucleotide content - N position 116,Pass,0.5,0.5025,0.5
Per position nucleotide content - N position 117,Pass,0.5,0.5025,0.5
Per position nucleotide content - N position 118,Pass,0.5,0.5025,0.5
Per position nucleotide content - N position 119,Pass,0.5,0.5025,0.5
Per position nucleotide content - N position 120,Pass,0.5,0.5025,0.5
Per position nucleotide content - N position 121,Pass,0.5,0.505,0.5
Per position nucleotide content - N position 122,Pass,0.5,0.505,0.5
Per position nucleotide content - N position 123,Pass,0.5,0.505,0.5
Per position nucleotide content - N position 124,Pass,0.505,0.7462820512820513,0.505
Per position nucleotide content - N position 125,Pass,0.51,0.7475773195876289,0.51
Per position nucleotide content - N position 126,Pass,0.51,0.7475773195876289,0.51
Per position nucleotide content - N position 127,Pass,0.51,0.7475773195876289,0.51
Per position nucleotide content - N position 128,Pass,0.51,0.7475773195876289,0.51
Per position nucleotide content - N position 129,Pass,0.51,0.7475773195876289,0.51
Per position nucleotide content - N position 130,Pass,0.51,0.7475773195876289,0.51
Per position nucleotide content - N position 131,Pass,0.51,0.7475773195876289,0.51
Per position nucleotide content - N position 132,Pass,0.51,0.7475773195876289,0.51
Per position nucleotide content - N position 133,Pass,0.51,0.7475773195876289,0.51
Per position nucleotide content - N position 134,Pass,0.51,0.7475773195876289,0.51
Per position nucleotide content - N position 135,Pass,0.51,0.7475773195876289,0.51
Per position nucleotide content - N position 136,Pass,0.51,0.7475773195876289,0.51
Per position nucleotide content - N position 137,Pass,0.51,0.7475773195876289,0.51
Per position nucleotide content - N position 138,Pass,0.51,0.7475773195876289,0.51
Per position nucleotide content - N position 139,Pass,0.51,0.7475773195876289,0.51
Per position nucleotide content - N position 140,Pass,0.51,0.7475773195876289,0.51
Per position nucleotide content - N position 141,Pass,0.51,0.7475773195876289,0.51
Per position nucleotide content - N position 142,Pass,0.51,0.7475773195876289,0.51
Per position nucleotide content - N position 143,Pass,0.51,0.7475773195876289,0.51
Per position nucleotide content - N position 144,Pass,0.51,0.7475773195876289,0.51
Per position nucleotide content - N position 145,Pass,0.51,0.7475773195876289,0.51
Per position nucleotide content - N position 146,Pass,0.505,0.7437953367875648,0.505
Per position nucleotide content - N position 147,Pass,0.505,0.7437953367875648,0.505
Per position nucleotide content - N position 148,Pass,0.505,0.7437953367875648,0.505
Per position nucleotide content - N position 149,Pass,0.505,0.7437953367875648,0.505
Per position nucleotide content - N position 150,Pass,0.505,0.7437953367875648,0.505
Per position nucleotide content - N position 151,Pass,0.505,0.7437953367875648,0.505
Per position nucleotide content - N position 152,Pass,0.505,0.7437953367875648,0.505
Per position nucleotide content - N position 153,Pass,0.505,0.7437953367875648,0.505
Per position nucleotide content - N position 154,Pass,0.505,0.7437953367875648,0.505
Per position nucleotide content - N position 155,Pass,0.51,0.7451041666666668,0.51
Per position nucleotide content - N position 156,Pass,0.505,0.7413089005235602,0.505
Per position nucleotide content - N position 157,Pass,0.505,0.7413089005235602,0.505
Per position nucleotide content - N position 158,Pass,0.505,0.7413089005235602,0.505
Per position nucleotide content - N position 159,Pass,0.5,0.7374999999999999,0.5
Per position nucleotide content - N position 160,Pass,0.5,0.7374999999999999,0.5
Per position nucleotide content - N position 161,Pass,0.51,0.5591666666666667,0.51
Per position nucleotide content - N position 162,Pass,0.51,0.5591666666666667,0.51
Per position nucleotide content - N position 163,Pass,0.51,0.5591666666666667,0.51
Per position nucleotide content - N position 164,Pass,0.515,0.5776923076923077,0.515
Per position nucleotide content - N position 165,Pass,0.515,0.5776923076923077,0.515
Per position nucleotide content - N position 166,Pass,0.515,0.5776923076923077,0.515
Per position nucleotide content - N position 167,Pass,0.515,0.5725,0.515
Per position nucleotide content - N position 168,Pass,0.515,0.5725,0.515
Per position nucleotide content - N position 169,Pass,0.515,0.5725,0.515
Per position nucleotide content - N position 170,Pass,0.515,0.5725,0.515
Per position nucleotide content - N position 171,Pass,0.51,0.55375,0.51
Per position nucleotide content - N position 172,Pass,0.51,0.55375,0.51
Per position nucleotide content - N position 173,Pass,0.51,0.55375,0.51
Per position nucleotide content - N position 174,Pass,0.5100000000000001,0.5527777777777778,0.51
Per position nucleotide content - N position 175,Pass,0.5100000000000001,0.5527777777777778,0.51
Per position nucleotide content - N position 176,Pass,0.5100000000000001,0.5527777777777778,0.51
Per position nucleotide content - N position 177,Pass,0.515,0.5669736842105264,0.515
Per position nucleotide content - N position 178,Pass,0.515,0.5669736842105264,0.515
Per position nucleotide content - N position 179,Pass,0.505,0.5394047619047618,0.505
Per position nucleotide content - N position 180,Pass,0.505,0.5394047619047618,0.505
Per position nucleotide content - N position 181,Pass,0.5099999999999999,0.5533333333333332,0.51
Per position nucleotide content - N position 182,Pass,0.5150000000000001,0.5650000000000001,0.515
Per position nucleotide content - N position 183,Pass,0.51,0.5542307692307692,0.51
Per position nucleotide content - N position 184,Pass,0.5050000000000001,0.5442592592592593,0.505
Per position nucleotide content - N position 185,Pass,0.51,0.558125,0.51
Per position nucleotide content - N position 186,Pass,0.505,0.5521428571428572,0.505
Per position nucleotide content - N position 187,Pass,0.51,0.5613888888888889,0.51
Per position nucleotide content - N position 188,Pass,0.505,0.5564102564102564,0.505
Per position nucleotide content - N position 189,Pass,0.505,0.5608139534883722,0.505
Per position nucleotide content - N position 190,Pass,0.51,0.5708695652173914,0.51
Per position nucleotide content - N position 191,Pass,0.505,0.5653191489361702,0.505
Per position nucleotide content - N position 192,Pass,0.51,0.5729166666666667,0.51
Per position nucleotide content - N position 193,Pass,0.505,0.5676020408163265,0.505
Per position nucleotide content - N position 194,Pass,0.51,0.575,0.51
Per position nucleotide content - N position 195,Pass,0.51,0.575,0.51
Per position nucleotide content - N position 196,Pass,0.515,0.5861363636363637,0.515
Per position nucleotide content - N position 197,Pass,0.52,0.5947413793103448,0.52
Per position nucleotide content - N position 198,Pass,0.54,0.6197580645161289,0.54
Per position nucleotide content - N position 199,Pass,0.5349999999999999,0.623972602739726,0.535
Per position nucleotide content - N position 200,Pass,0.53,0.6242307692307691,0.53
Per position nucleotide content - N,Pass,0.54,0.755,0.54
Per position nucleotide content - T position 1,Pass,0.51,0.5613888888888889,0.51
Per position nucleotide content - T position 2,Pass,0.5299999999999999,0.595,0.53
Per position nucleotide content - T position 3,Pass,0.565,0.6559848484848485,0.565
Per position nucleotide content - T position 4,Pass,0.515,0.5717307692307692,0.515
Per position nucleotide content - T position 5,Pass,0.52,0.5827272727272728,0.52
Per position nucleotide content - T position 6,Pass,0.52,0.5800000000000001,0.52
Per position nucleotide content - T position 7,Pass,0.5300000000000001,0.5965909090909092,0.53
Per position nucleotide content - T position 8,Pass,0.5549999999999999,0.6343243243243244,0.555
Per position nucleotide content - T position 9,Pass,0.5700000000000001,0.6498148148148148,0.57
Per position nucleotide content - T position 10,Pass,0.54,0.6125,0.54
Per position nucleotide content - T position 11,Pass,0.505,0.5585975609756098,0.505
Per position nucleotide content - T position 12,Pass,0.58,0.6633333333333332,0.58
Per position nucleotide content - T position 13,Pass,0.515,0.5766666666666665,0.515
Per position nucleotide content - T position 14,Pass,0.5800000000000001,0.6677380952380952,0.58
Per position nucleotide content - T position 15,Pass,0.54,0.6125,0.54
Per position nucleotide content - T position 16,Pass,0.555,0.6325000000000001,0.555
Per position nucleotide content - T position 17,Pass,0.5800000000000001,0.6677380952380952,0.58
Per position nucleotide content - T position 18,Pass,0.54,0.6116666666666667,0.54
Per position nucleotide content - T position 19,Pass,0.5750000000000001,0.6560294117647059,0.575
Per position nucleotide content - T position 20,Pass,0.5249999999999999,0.5853787878787878,0.525
Per position nucleotide content - T position 21,Pass,0.565,0.6447222222222222,0.565
Per position nucleotide content - T position 22,Pass,0.52,0.5827272727272728,0.52
Per position nucleotide content - T position 23,Pass,0.52,0.5813095238095238,0.52
Per position nucleotide content - T position 24,Pass,0.515,0.7047770700636942,0.515
Per position nucleotide content - T position 25,Pass,0.53,0.59875,0.53
Per position nucleotide content - T position 26,Pass,0.535,0.6057142857142856,0.535
Per position nucleotide content - T position 27,Pass,0.505,0.6966129032258065,0.505
Per position nucleotide content - T position 28,Pass,0.5549999999999999,0.6320731707317073,0.555
Per position nucleotide content - T position 29,Pass,0.5700000000000001,0.6498076923076923,0.57
Per position nucleotide content - T position 30,Pass,0.51,0.565,0.51
Per position nucleotide content - T position 31,Pass,0.52,0.5858333333333333,0.52
Per position nucleotide content - T position 32,Pass,0.575,0.6565306122448978,0.575
Per position nucleotide content - T position 33,Pass,0.55,0.6243478260869565,0.55
Per position nucleotide content - T position 34,Pass,0.5700000000000001,0.6510869565217391,0.57
Per position nucleotide content - T position 35,Pass,0.5650000000000001,0.6457786885245902,0.565
Per position nucleotide content - T position 36,Pass,0.545,0.6243852459016392,0.545
Per position nucleotide content - T position 37,Pass,0.53,0.6000000000000001,0.53
Per position nucleotide content - T position 38,Pass,0.5700000000000001,0.65,0.57
Per position nucleotide content - T position 39,Pass,0.515,0.5749418604651163,0.515
Per position nucleotide content - T position 40,Pass,0.52,0.5842391304347826,0.52
Per position nucleotide content - T position 41,Pass,0.54,0.6116666666666667,0.54
Per position nucleotide content - T position 42,Pass,0.505,0.5653191489361702,0.505
Per position nucleotide content - T position 43,Pass,0.51,0.565,0.51
Per position nucleotide content - T position 44,Pass,0.5800000000000001,0.6615740740740741,0.58
Per position nucleotide content - T position 45,Pass,0.5599999999999999,0.6389285714285714,0.56
Per position nucleotide content - T position 46,Pass,0.555,0.6332456140350877,0.555
Per position nucleotide content - T position 47,Pass,0.515,0.5861363636363637,0.515
Per position nucleotide content - T position 48,Pass,0.535,0.6093181818181816,0.535
Per position nucleotide content - T position 49,Pass,0.56,0.6375,0.56
Per position nucleotide content - T position 50,Pass,0.5599999999999999,0.6377173913043479,0.56
Per position nucleotide content - T position 51,Pass,0.52,0.7015789473684211,0.52
Per position nucleotide content - T position 52,Pass,0.5599999999999999,0.64,0.56
Per position nucleotide content - T position 53,Pass,0.5700000000000001,0.6498148148148148,0.57
Per position nucleotide content - T position 54,Pass,0.5900000000000001,0.67625,0.59
Per position nucleotide content - T position 55,Pass,0.55,0.625,0.55
Per position nucleotide content - T position 56,Pass,0.505,0.5699019607843137,0.505
Per position nucleotide content - T position 57,Pass,0.515,0.5784574468085106,0.515
Per position nucleotide content - T position 58,Pass,0.5900000000000001,0.6724999999999999,0.59
Per position nucleotide content - T position 59,Pass,0.5700000000000001,0.65,0.57
Per position nucleotide content - T position 60,Pass,0.505,0.5630555555555555,0.505
Per position nucleotide content - T position 61,Pass,0.5,0.555,0.5
Per position nucleotide content - T position 62,Pass,0.5950000000000001,0.6780084745762711,0.595
Per position nucleotide content - T position 63,Pass,0.5250000000000001,0.5879878048780488,0.525
Per position nucleotide content - T position 64,Pass,0.53,0.6000000000000001,0.53
Per position nucleotide content - T position 65,Warning,0.6149999999999999,0.7073469387755101,0.615
Per position nucleotide content - T position 66,Pass,0.58,0.6644565217391303,0.58
Per position nucleotide content - T position 67,Pass,0.54,0.6116666666666667,0.54
Per position nucleotide content - T position 68,Pass,0.55,0.6245238095238095,0.55
Per position nucleotide content - T position 69,Pass,0.56,0.6375,0.56
Per position nucleotide content - T position 70,Pass,0.5850000000000001,0.6704255319148937,0.585
Per position nucleotide content - T position 71,Pass,0.5700000000000001,0.65,0.57
Per position nucleotide content - T position 72,Warning,0.6200000000000001,0.7125,0.62
Per position nucleotide content - T position 73,Pass,0.58,0.6633333333333332,0.58
Per position nucleotide content - T position 74,Pass,0.54,0.6134615384615384,0.54
Per position nucleotide content - T position 75,Pass,0.5650000000000001,0.6445175438596491,0.565
Per position nucleotide content - T position 76,Pass,0.535,0.6031976744186047,0.535
Per position nucleotide content - T position 77,Pass,0.55,0.6262962962962962,0.55
Per position nucleotide content - T position 78,Pass,0.585,0.6692346938775511,0.585
Per position nucleotide content - T position 79,Warning,0.6150000000000001,0.7098404255319148,0.615
Per position nucleotide content - T position 80,Pass,0.575,0.6603169014084508,0.575
Per position nucleotide content - T position 81,Pass,0.56,0.6375,0.56
Per position nucleotide content - T position 82,Pass,0.5700000000000001,0.6510869565217391,0.57
Per position nucleotide content - T position 83,Pass,0.5750000000000001,0.655754716981132,0.575
Per position nucleotide content - T position 84,Pass,0.545,0.6175,0.545
Per position nucleotide content - T position 85,Pass,0.545,0.6231355932203391,0.545
Per position nucleotide content - T position 86,Pass,0.545,0.6173255813953489,0.545
Per position nucleotide content - T position 87,Pass,0.5800000000000001,0.6659090909090908,0.58
Per position nucleotide content - T position 88,Pass,0.545,0.6178723404255319,0.545
Per position nucleotide content - T position 89,Pass,0.525,0.5902777777777778,0.525
Per position nucleotide content - T position 90,Pass,0.5650000000000001,0.6438265306122448,0.565
Per position nucleotide content - T position 91,Pass,0.5650000000000001,0.6437254901960784,0.565
Per position nucleotide content - T position 92,Pass,0.53,0.6013461538461539,0.53
Per position nucleotide content - T position 93,Pass,0.555,0.6360714285714285,0.555
Per position nucleotide content - T position 94,Pass,0.535,0.606813725490196,0.535
Per position nucleotide content - T position 95,Pass,0.55,0.6257894736842105,0.55
Per position nucleotide content - T position 96,Pass,0.545,0.6219736842105263,0.545
Per position nucleotide content - T position 97,Pass,0.6,0.6861538461538461,0.6
Per position nucleotide content - T position 98,Pass,0.58,0.6644565217391303,0.58
Per position nucleotide content - T position 99,Pass,0.585,0.6761585365853658,0.585
Per position nucleotide content - T position 100,Pass,0.5800000000000001,0.6625000000000001,0.58
Per position nucleotide content - T position 101,Pass,0.5599999999999999,0.6389285714285714,0.56
Per position nucleotide content - T position 102,Warning,0.61,0.7,0.61
Per position nucleotide content - T position 103,Pass,0.505,0.5608139534883722,0.505
Per position nucleotide content - T position 104,Pass,0.55,0.6271428571428572,0.55
Per position nucleotide content - T position 105,Pass,0.6,0.6861538461538461,0.6
Per position nucleotide content - T position 106,Pass,0.5650000000000001,0.6467682926829269,0.565
Per position nucleotide content - T position 107,Pass,0.54,0.6109782608695652,0.54
Per position nucleotide content - T position 108,Pass,0.575,0.6583333333333332,0.575
Per position nucleotide content - T position 109,Pass,0.53,0.6027777777777777,0.53
Per position nucleotide content - T position 110,Warning,0.625,0.7263888888888888,0.625
Per position nucleotide content - T position 111,Warning,0.6150000000000001,0.7052450980392158,0.615
Per position nucleotide content - T position 112,Pass,0.5950000000000001,0.6788636363636364,0.595
Per position nucleotide content - T position 113,Warning,0.6100000000000001,0.7020833333333332,0.61
Per position nucleotide content - T position 114,Pass,0.55,0.6243478260869565,0.55
Per position nucleotide content - T position 115,Pass,0.59,0.6925,0.59
Per position nucleotide content - T position 116,Pass,0.525,0.5930102040816326,0.525
Per position nucleotide content - T position 117,Pass,0.54,0.6134615384615384,0.54
Per position nucleotide content - T position 118,Pass,0.5900000000000001,0.67625,0.59
Per position nucleotide content - T position 119,Pass,0.56,0.6376923076923077,0.56
Per position nucleotide content - T position 120,Pass,0.56,0.6375,0.56
Per position nucleotide content - T position 121,Pass,0.56,0.6376923076923077,0.56
Per position nucleotide content - T position 122,Pass,0.545,0.6173255813953489,0.545
Per position nucleotide content - T position 123,Pass,0.575,0.6583333333333332,0.575
Per position nucleotide content - T position 124,Pass,0.56,0.6375,0.56
Per position nucleotide content - T position 125,Pass,0.575,0.6614634146341465,0.575
Per position nucleotide content - T position 126,Pass,0.545,0.6173780487804879,0.545
Per position nucleotide content - T position 127,Pass,0.56,0.6375,0.56
Per position nucleotide content - T position 128,Pass,0.5599999999999999,0.6389285714285714,0.56
Per position nucleotide content - T position 129,Pass,0.5850000000000001,0.6704255319148937,0.585
Per position nucleotide content - T position 130,Pass,0.55,0.6291666666666668,0.55
Per position nucleotide content - T position 131,Pass,0.5750000000000001,0.6560294117647059,0.575
Per position nucleotide content - T position 132,Pass,0.5700000000000001,0.6520454545454546,0.57
Per position nucleotide content - T position 133,Pass,0.55,0.625,0.55
Per position nucleotide content - T position 134,Pass,0.5700000000000001,0.65,0.57
Per position nucleotide content - T position 135,Pass,0.52,0.5910185185185186,0.52
Per position nucleotide content - T position 136,Pass,0.54,0.6125,0.54
Per position nucleotide content - T position 137,Pass,0.545,0.6178723404255319,0.545
Per position nucleotide content - T position 138,Pass,0.5350000000000001,0.6038888888888888,0.535
Per position nucleotide content - T position 139,Pass,0.51,0.5708695652173914,0.51
Per position nucleotide content - T position 140,Pass,0.5700000000000001,0.6520454545454546,0.57
Per position nucleotide content - T position 141,Pass,0.545,0.6219736842105263,0.545
Per position nucleotide content - T position 142,Pass,0.56,0.6385714285714286,0.56
Per position nucleotide content - T position 143,Pass,0.58,0.6644565217391303,0.58
Per position nucleotide content - T position 144,Pass,0.5300000000000001,0.5965909090909092,0.53
Per position nucleotide content - T position 145,Pass,0.53,0.6074999999999999,0.53
Per position nucleotide content - T position 146,Pass,0.5650000000000001,0.6438265306122448,0.565
Per position nucleotide content - T position 147,Pass,0.52,0.5875,0.52
Per position nucleotide content - T position 148,Pass,0.53,0.5976086956521738,0.53
Per position nucleotide content - T position 149,Pass,0.505,0.6990923566878982,0.505
Per position nucleotide content - T position 150,Pass,0.55,0.6255769230769231,0.55
Per position nucleotide content - T position 151,Pass,0.525,0.5902777777777778,0.525
Per position nucleotide content - T position 152,Pass,0.525,0.5915957446808511,0.525
Per position nucleotide content - T position 153,Warning,0.65,0.7346874999999999,0.65
Per position nucleotide content - T position 154,Pass,0.5650000000000001,0.6438207547169812,0.565
Per position nucleotide content - T position 155,Pass,0.5700000000000001,0.6510869565217391,0.57
Per position nucleotide content - T position 156,Pass,0.51,0.575,0.51
Per position nucleotide content - T position 157,Pass,0.52,0.5827272727272728,0.52
Per position nucleotide content - T position 158,Pass,0.505,0.5608139534883722,0.505
Per position nucleotide content - T position 159,Pass,0.545,0.6175,0.545
Per position nucleotide content - T position 160,Pass,0.59,0.6733333333333333,0.59
Per position nucleotide content - T position 161,Pass,0.5800000000000001,0.6619230769230768,0.58
Per position nucleotide content - T position 162,Pass,0.51,0.7080864197530865,0.51
Per position nucleotide content - T position 163,Pass,0.525,0.5945098039215686,0.525
Per position nucleotide content - T position 164,Pass,0.56,0.6375,0.56
Per position nucleotide content - T position 165,Pass,0.525,0.7080645161290322,0.525
Per position nucleotide content - T position 166,Pass,0.525,0.5902777777777778,0.525
Per position nucleotide content - T position 167,Pass,0.5650000000000001,0.6438207547169812,0.565
Per position nucleotide content - T position 168,Pass,0.5,0.555,0.5
Per position nucleotide content - T position 169,Pass,0.555,0.6310106382978724,0.555
Per position nucleotide content - T position 170,Pass,0.5299999999999999,0.595,0.53
Per position nucleotide content - T position 171,Pass,0.5149999999999999,0.6999019607843138,0.515
Per position nucleotide content - T position 172,Pass,0.57,0.6503448275862069,0.57
Per position nucleotide content - T position 173,Pass,0.535,0.6080188679245282,0.535
Per position nucleotide content - T position 174,Pass,0.55,0.6245833333333333,0.55
Per position nucleotide content - T position 175,Pass,0.56,0.6392241379310344,0.56
Per position nucleotide content - T position 176,Pass,0.505,0.5608139534883722,0.505
Per position nucleotide content - T position 177,Pass,0.505,0.5722169811320755,0.505
Per position nucleotide content - T position 178,Pass,0.5,0.56,0.5
Per position nucleotide content - T position 179,Pass,0.55,0.6243181818181819,0.55
Per position nucleotide content - T position 180,Pass,0.51,0.575,0.51
Per position nucleotide content - T position 181,Pass,0.525,0.5994298245614034,0.525
Per position nucleotide content - T position 182,Pass,0.515,0.5861363636363637,0.515
Per position nucleotide content - T position 183,Pass,0.5350000000000001,0.6038888888888888,0.535
Per position nucleotide content - T position 184,Pass,0.505,0.5585975609756098,0.505
Per position nucleotide content - T position 185,Pass,0.515,0.5784574468085106,0.515
Per position nucleotide content - T position 186,Pass,0.55,0.625,0.55
Per position nucleotide content - T position 187,Pass,0.53,0.6058620689655172,0.53
Per position nucleotide content - T position 188,Pass,0.565,0.6447222222222222,0.565
Per position nucleotide content - T position 189,Pass,0.5149999999999999,0.5702702702702703,0.515
Per position nucleotide content - T position 190,Pass,0.5800000000000001,0.6659090909090908,0.58
Per position nucleotide content - T position 191,Pass,0.5549999999999999,0.6330128205128205,0.555
Per position nucleotide content - T position 192,Pass,0.55,0.6243181818181819,0.55
Per position nucleotide content - T position 193,Pass,0.525,0.5870512820512821,0.525
Per position nucleotide content - T position 194,Pass,0.505,0.5564102564102564,0.505
Per position nucleotide content - T position 195,Pass,0.5399999999999999,0.6101315789473684,0.54
Per position nucleotide content - T position 196,Pass,0.5049999999999999,0.5500757575757576,0.505
Per position nucleotide content - T position 197,Pass,0.5650000000000001,0.6455813953488373,0.565
Per position nucleotide content - T position 198,Pass,0.5399999999999999,0.6101190476190477,0.54
Per position nucleotide content - T position 199,Pass,0.525,0.5862837837837838,0.525
Per position nucleotide content - T position 200,Pass,0.5249999999999999,0.5875,0.525
Per position nucleotide content - T,Warning,0.65,0.7346874999999999,0.65
Per reverse position nucleotide content - A position 1,Pass,0.5599999999999999,0.7405722891566265,0.56
Per reverse position nucleotide content - A position 2,Pass,0.525,0.5870512820512821,0.525
Per reverse position nucleotide content - A position 3,Pass,0.51,0.7130120481927711,0.51
Per reverse position nucleotide content - A position 4,Pass,0.5349999999999999,0.6023717948717949,0.535
Per reverse position nucleotide content - A position 5,Pass,0.53,0.6000000000000001,0.53
Per reverse position nucleotide content - A position 6,Pass,0.515,0.5666935483870967,0.515
Per reverse position nucleotide content - A position 7,Pass,0.5,0.55,0.5
Per reverse position nucleotide content - A position 8,Pass,0.52,0.5800000000000001,0.52
Per reverse position nucleotide content - A position 9,Pass,0.515,0.7121012269938649,0.515
Per reverse position nucleotide content - A position 10,Pass,0.525,0.5890697674418605,0.525
Per reverse position nucleotide content - A position 11,Pass,0.55,0.723525641025641,0.55
Per reverse position nucleotide content - A position 12,Pass,0.5549999999999999,0.631453488372093,0.555
Per reverse position nucleotide content - A position 13,Pass,0.53,0.7097402597402597,0.53
Per reverse position nucleotide content - A position 14,Pass,0.52,0.5858333333333333,0.52
Per reverse position nucleotide content - A position 15,Pass,0.525,0.5890697674418605,0.525
Per reverse position nucleotide content - A position 16,Pass,0.5,0.5675,0.5
Per reverse position nucleotide content - A position 17,Pass,0.535,0.6093181818181816,0.535
Per reverse position nucleotide content - A position 18,Pass,0.505,0.6891778523489933,0.505
Per reverse position nucleotide content - A position 19,Pass,0.5,0.5575,0.5
Per reverse position nucleotide content - A position 20,Pass,0.525,0.5870512820512821,0.525
Per reverse position nucleotide content - A position 21,Pass,0.5149999999999999,0.6999019607843138,0.515
Per reverse position nucleotide content - A position 22,Pass,0.525,0.601186440677966,0.525
Per reverse position nucleotide content - A position 23,Pass,0.515,0.7072169811320755,0.515
Per reverse position nucleotide content - A position 24,Pass,0.505,0.5653191489361702,0.505
Per reverse position nucleotide content - A position 25,Pass,0.545,0.6184183673469388,0.545
Per reverse position nucleotide content - A position 26,Pass,0.515,0.5749418604651163,0.515
Per reverse position nucleotide content - A position 27,Pass,0.545,0.6173255813953489,0.545
Per reverse position nucleotide content - A position 28,Pass,0.5,0.555,0.5
Per reverse position nucleotide content - A position 29,Pass,0.515,0.5784574468085106,0.515
Per reverse position nucleotide content - A position 30,Pass,0.545,0.6176923076923078,0.545
Per reverse position nucleotide content - A position 31,Pass,0.53,0.6000000000000001,0.53
Per reverse position nucleotide content - A position 32,Pass,0.53,0.6027777777777777,0.53
Per reverse position nucleotide content - A position 33,Pass,0.54,0.6125,0.54
Per reverse position nucleotide content - A position 34,Pass,0.545,0.6176923076923078,0.545
Per reverse position nucleotide content - A position 35,Pass,0.525,0.5977272727272727,0.525
Per reverse position nucleotide content - A position 36,Pass,0.515,0.588157894736842,0.515
Per reverse position nucleotide content - A position 37,Pass,0.505,0.6916556291390727,0.505
Per reverse position nucleotide content - A position 38,Pass,0.5150000000000001,0.6877447552447552,0.515
Per reverse position nucleotide content - A position 39,Pass,0.5700000000000001,0.65,0.57
Per reverse position nucleotide content - A position 40,Pass,0.515,0.5861363636363637,0.515
Per reverse position nucleotide content - A position 41,Pass,0.5300000000000001,0.5965909090909092,0.53
Per reverse position nucleotide content - A position 42,Pass,0.52,0.6991666666666666,0.52
Per reverse position nucleotide content - A position 43,Pass,0.555,0.6325000000000001,0.555
Per reverse position nucleotide content - A position 44,Pass,0.545,0.6199528301886793,0.545
Per reverse position nucleotide content - A position 45,Pass,0.52,0.5842391304347826,0.52
Per reverse position nucleotide content - A position 46,Pass,0.505,0.6916556291390727,0.505
Per reverse position nucleotide content - A position 47,Pass,0.505,0.5676020408163265,0.505
Per reverse position nucleotide content - A position 48,Pass,0.535,0.7044047619047619,0.535
Per reverse position nucleotide content - A position 49,Pass,0.505,0.6941339869281046,0.505
Per reverse position nucleotide content - A position 50,Pass,0.515,0.5902118644067795,0.515
Per reverse position nucleotide content - A position 51,Pass,0.545,0.6199528301886793,0.545
Per reverse position nucleotide content - A position 52,Pass,0.56,0.6392241379310344,0.56
Per reverse position nucleotide content - A position 53,Pass,0.52,0.5875,0.52
Per reverse position nucleotide content - A position 54,Pass,0.555,0.6311224489795918,0.555
Per reverse position nucleotide content - A position 55,Pass,0.535,0.6093181818181816,0.535
Per reverse position nucleotide content - A position 56,Pass,0.5650000000000001,0.644090909090909,0.565
Per reverse position nucleotide content - A position 57,Pass,0.535,0.6047340425531915,0.535
Per reverse position nucleotide content - A position 58,Pass,0.515,0.7072169811320755,0.515
Per reverse position nucleotide content - A position 59,Pass,0.52,0.5966666666666666,0.52
Per reverse position nucleotide content - A position 60,Pass,0.52,0.5827272727272728,0.52
Per reverse position nucleotide content - A position 61,Pass,0.55,0.6271428571428572,0.55
Per reverse position nucleotide content - A position 62,Pass,0.56,0.6375,0.56
Per reverse position nucleotide content - A position 63,Pass,0.5850000000000001,0.667688679245283,0.585
Per reverse position nucleotide content - A position 64,Pass,0.505,0.5653191489361702,0.505
Per reverse position nucleotide content - A position 65,Pass,0.545,0.6199528301886793,0.545
Per reverse position nucleotide content - A position 66,Pass,0.505,0.5699019607843137,0.505
Per reverse position nucleotide content - A position 67,Pass,0.5299999999999999,0.595,0.53
Per reverse position nucleotide content - A position 68,Pass,0.565,0.6441489361702127,0.565
Per reverse position nucleotide content - A position 69,Pass,0.53,0.6013461538461539,0.53
Per reverse position nucleotide content - A position 70,Pass,0.515,0.6974668874172186,0.515
Per reverse position nucleotide content - A position 71,Pass,0.545,0.6199528301886793,0.545
Per reverse position nucleotide content - A position 72,Pass,0.525,0.5945098039215686,0.525
Per reverse position nucleotide content - A position 73,Pass,0.53,0.6013461538461539,0.53
Per reverse position nucleotide content - A position 74,Pass,0.505,0.5653191489361702,0.505
Per reverse position nucleotide content - A position 75,Pass,0.5800000000000001,0.6614655172413794,0.58
Per reverse position nucleotide content - A position 76,Pass,0.51,0.5729166666666667,0.51
Per reverse position nucleotide content - A position 77,Pass,0.51,0.6957894736842105,0.51
Per reverse position nucleotide content - A position 78,Pass,0.5900000000000001,0.67625,0.59
Per reverse position nucleotide content - A position 79,Pass,0.52,0.6895422535211267,0.52
Per reverse position nucleotide content - A position 80,Pass,0.505,0.6990923566878982,0.505
Per reverse position nucleotide content - A position 81,Pass,0.51,0.5729166666666667,0.51
Per reverse position nucleotide content - A position 82,Pass,0.545,0.6191176470588236,0.545
Per reverse position nucleotide content - A position 83,Pass,0.51,0.5771153846153846,0.51
Per reverse position nucleotide content - A position 84,Pass,0.52,0.5858333333333333,0.52
Per reverse position nucleotide content - A position 85,Pass,0.5300000000000001,0.5965909090909092,0.53
Per reverse position nucleotide content - A position 86,Pass,0.53,0.6058620689655172,0.53
Per reverse position nucleotide content - A position 87,Pass,0.5650000000000001,0.6457786885245902,0.565
Per reverse position nucleotide content - A position 88,Pass,0.535,0.6047340425531915,0.535
Per reverse position nucleotide content - A position 89,Pass,0.51,0.5771153846153846,0.51
Per reverse position nucleotide content - A position 90,Pass,0.545,0.6184183673469388,0.545
Per reverse position nucleotide content - A position 91,Pass,0.52,0.5892307692307692,0.52
Per reverse position nucleotide content - A position 92,Pass,0.52,0.5892307692307692,0.52
Per reverse position nucleotide content - A position 93,Pass,0.535,0.6080188679245282,0.535
Per reverse position nucleotide content - A position 94,Pass,0.52,0.5858333333333333,0.52
Per reverse position nucleotide content - A position 95,Pass,0.52,0.5892307692307692,0.52
Per reverse position nucleotide content - A position 96,Pass,0.5950000000000001,0.683563829787234,0.595
Per reverse position nucleotide content - A position 97,Pass,0.52,0.5892307692307692,0.52
Per reverse position nucleotide content - A position 98,Pass,0.565,0.6465873015873016,0.565
Per reverse position nucleotide content - A position 99,Pass,0.54,0.6104545454545455,0.54
Per reverse position nucleotide content - A position 100,Pass,0.525,0.6067307692307691,0.525
Per reverse position nucleotide content - A position 101,Pass,0.54,0.6116666666666667,0.54
Per reverse position nucleotide content - A position 102,Pass,0.555,0.6318867924528301,0.555
Per reverse position nucleotide content - A position 103,Pass,0.5,0.56,0.5
Per reverse position nucleotide content - A position 104,Pass,0.55,0.625,0.55
Per reverse position nucleotide content - A position 105,Pass,0.515,0.588157894736842,0.515
Per reverse position nucleotide content - A position 106,Pass,0.525,0.5977272727272727,0.525
Per reverse position nucleotide content - A position 107,Pass,0.595,0.681938775510204,0.595
Per reverse position nucleotide content - A position 108,Pass,0.56,0.6429545454545454,0.56
Per reverse position nucleotide content - A position 109,Pass,0.5800000000000001,0.6615740740740741,0.58
Per reverse position nucleotide content - A position 110,Pass,0.5150000000000001,0.6877447552447552,0.515
Per reverse position nucleotide content - A position 111,Pass,0.55,0.6262962962962962,0.55
Per reverse position nucleotide content - A position 112,Pass,0.5700000000000001,0.6498076923076923,0.57
Per reverse position nucleotide content - A position 113,Pass,0.57,0.6503448275862069,0.57
Per reverse position nucleotide content - A position 114,Pass,0.535,0.606813725490196,0.535
Per reverse position nucleotide content - A position 115,Pass,0.545,0.6271153846153846,0.545
Per reverse position nucleotide content - A position 116,Pass,0.5900000000000001,0.6724999999999999,0.59
Per reverse position nucleotide content - A position 117,Pass,0.535,0.6047340425531915,0.535
Per reverse position nucleotide content - A position 118,Pass,0.5,0.5575,0.5
Per reverse position nucleotide content - A position 119,Pass,0.5,0.565,0.5
Per reverse position nucleotide content - A position 120,Pass,0.515,0.5803061224489797,0.515
Per reverse position nucleotide content - A position 121,Pass,0.51,0.565,0.51
Per reverse position nucleotide content - A position 122,Pass,0.505,0.6941339869281046,0.505
Per reverse position nucleotide content - A position 123,Pass,0.52,0.5892307692307692,0.52
Per reverse position nucleotide content - A position 124,Pass,0.55,0.6271428571428572,0.55
Per reverse position nucleotide content - A position 125,Pass,0.5800000000000001,0.6615740740740741,0.58
Per reverse position nucleotide content - A position 126,Pass,0.5,0.565,0.5
Per reverse position nucleotide content - A position 127,Pass,0.535,0.6093181818181816,0.535
Per reverse position nucleotide content - A position 128,Pass,0.515,0.5732926829268293,0.515
Per reverse position nucleotide content - A position 129,Pass,0.535,0.7137903225806451,0.535
Per reverse position nucleotide content - A position 130,Pass,0.515,0.6901724137931035,0.515
Per reverse position nucleotide content - A position 131,Pass,0.55,0.6255769230769231,0.55
Per reverse position nucleotide content - A position 132,Pass,0.51,0.6835211267605634,0.51
Per reverse position nucleotide content - A position 133,Pass,0.525,0.5915957446808511,0.525
Per reverse position nucleotide content - A position 134,Pass,0.52,0.5986290322580645,0.52
Per reverse position nucleotide content - A position 135,Pass,0.535,0.6080188679245282,0.535
Per reverse position nucleotide content - A position 136,Pass,0.51,0.6884246575342465,0.51
Per reverse position nucleotide content - A position 137,Pass,0.5650000000000001,0.6475000000000001,0.565
Per reverse position nucleotide content - A position 138,Pass,0.555,0.6325000000000001,0.555
Per reverse position nucleotide content - A position 139,Pass,0.53,0.6058620689655172,0.53
Per reverse position nucleotide content - A position 140,Pass,0.54,0.6169827586206897,0.54
Per reverse position nucleotide content - A position 141,Pass,0.535,0.6121610169491525,0.535
Per reverse position nucleotide content - A position 142,Pass,0.515,0.6780555555555555,0.515
Per reverse position nucleotide content - A position 143,Pass,0.51,0.5729166666666667,0.51
Per reverse position nucleotide content - A position 144,Pass,0.54,0.6145370370370369,0.54
Per reverse position nucleotide content - A position 145,Pass,0.505,0.5768859649122806,0.505
Per reverse position nucleotide content - A position 146,Pass,0.545,0.6219736842105263,0.545
Per reverse position nucleotide content - A position 147,Pass,0.56,0.6392241379310344,0.56
Per reverse position nucleotide content - A position 148,Pass,0.515,0.6901724137931035,0.515
Per reverse position nucleotide content - A position 149,Pass,0.5850000000000001,0.667172131147541,0.585
Per reverse position nucleotide content - A position 150,Pass,0.525,0.6048412698412697,0.525
Per reverse position nucleotide content - A position 151,Pass,0.54,0.6157142857142857,0.54
Per reverse position nucleotide content - A position 152,Pass,0.5,0.5700000000000001,0.5
Per reverse position nucleotide content - A position 153,Pass,0.535,0.6093181818181816,0.535
Per reverse position nucleotide content - A position 154,Pass,0.545,0.6191176470588236,0.545
Per reverse position nucleotide content - A position 155,Pass,0.53,0.7073684210526316,0.53
Per reverse position nucleotide content - A position 156,Pass,0.545,0.7149006622516557,0.545
Per reverse position nucleotide content - A position 157,Pass,0.545,0.7149006622516557,0.545
Per reverse position nucleotide content - A position 158,Pass,0.525,0.6795419847328245,0.525
Per reverse position nucleotide content - A position 159,Pass,0.53,0.716875,0.53
Per reverse position nucleotide content - A position 160,Pass,0.5050000000000001,0.67927304964539,0.505
Per reverse position nucleotide content - A position 161,Pass,0.515,0.6974668874172186,0.515
Per reverse position nucleotide content - A position 162,Pass,0.5,0.5700000000000001,0.5
Per reverse position nucleotide content - A position 163,Pass,0.505,0.5630555555555555,0.505
Per reverse position nucleotide content - A position 164,Pass,0.525,0.5902777777777778,0.525
Per reverse position nucleotide content - A position 165,Pass,0.535,0.70908940397351,0.535
Per reverse position nucleotide content - A position 166,Pass,0.505,0.5676020408163265,0.505
Per reverse position nucleotide content - A position 167,Pass,0.525,0.601186440677966,0.525
Per reverse position nucleotide content - A position 168,Pass,0.505,0.5722169811320755,0.505
Per reverse position nucleotide content - A position 169,Pass,0.53,0.6027777777777777,0.53
Per reverse position nucleotide content - A position 170,Pass,0.51,0.5858333333333332,0.51
Per reverse position nucleotide content - A position 171,Pass,0.54,0.6134615384615384,0.54
Per reverse position nucleotide content - A position 172,Pass,0.515,0.5732926829268293,0.515
Per reverse position nucleotide content - A position 173,Pass,0.53,0.7097402597402597,0.53
Per reverse position nucleotide content - A position 174,Pass,0.535,0.6121610169491525,0.535
Per reverse position nucleotide content - A position 175,Pass,0.55,0.6243181818181819,0.55
Per reverse position nucleotide content - A position 176,Pass,0.5,0.5475000000000001,0.5
Per reverse position nucleotide content - A position 177,Pass,0.535,0.6093181818181816,0.535
Per reverse position nucleotide content - A position 178,Pass,0.51,0.5771153846153846,0.51
Per reverse position nucleotide content - A position 179,Pass,0.535,0.6093181818181816,0.535
Per reverse position nucleotide content - A position 180,Pass,0.52,0.6895422535211267,0.52
Per reverse position nucleotide content - A position 181,Pass,0.51,0.7031645569620254,0.51
Per reverse position nucleotide content - A position 182,Pass,0.52,0.7064102564102565,0.52
Per reverse position nucleotide content - A position 183,Pass,0.53,0.705,0.53
Per reverse position nucleotide content - A position 184,Pass,0.5,0.7075,0.5
Per reverse position nucleotide content - A position 185,Pass,0.5249999999999999,0.5853787878787878,0.525
Per reverse position nucleotide content - A position 186,Pass,0.535,0.6031976744186047,0.535
Per reverse position nucleotide content - A position 187,Pass,0.5250000000000001,0.5879878048780488,0.525
Per reverse position nucleotide content - A position 188,Pass,0.505,0.6941339869281046,0.505
Per reverse position nucleotide content - A position 189,Pass,0.5050000000000001,0.7139792899408285,0.505
Per reverse position nucleotide content - A position 190,Pass,0.515,0.5689285714285713,0.515
Per reverse position nucleotide content - A position 191,Pass,0.515,0.5861363636363637,0.515
Per reverse position nucleotide content - A position 192,Pass,0.54,0.715487012987013,0.54
Per reverse position nucleotide content - A position 193,Pass,0.545,0.7311363636363637,0.545
Per reverse position nucleotide content - A position 194,Pass,0.505,0.5585975609756098,0.505
Per reverse position nucleotide content - A position 195,Pass,0.53,0.6013461538461539,0.53
Per reverse position nucleotide content - A position 196,Pass,0.56,0.64875,0.56
Per reverse position nucleotide content - A position 197,Pass,0.54,0.7224999999999999,0.54
Per reverse position nucleotide content - A position 198,Pass,0.535,0.7279790419161677,0.535
Per reverse position nucleotide content - A position 199,Pass,0.5150000000000001,0.5650000000000001,0.515
Per reverse position nucleotide content - A position 200,Pass,0.5249999999999999,0.5856034482758621,0.525
Per reverse position nucleotide content - A,Pass,0.5950000000000001,0.7405722891566265,0.595
Per reverse position nucleotide content - C position 1,Pass,0.5049999999999999,0.5500757575757576,0.505
Per reverse position nucleotide content - C position 2,Pass,0.51,0.7278089887640451,0.51
Per reverse position nucleotide content - C position 3,Pass,0.5,0.7124999999999999,0.5
Per reverse position nucleotide content - C position 4,Pass,0.5349999999999999,0.7303550295857988,0.535
Per reverse position nucleotide content - C position 5,Pass,0.515,0.7121012269938649,0.515
Per reverse position nucleotide content - C position 6,Pass,0.54,0.7248456790123456,0.54
Per reverse position nucleotide content - C position 7,Pass,0.5499999999999999,0.6285294117647059,0.55
Per reverse position nucleotide content - C position 8,Pass,0.51,0.7228735632183908,0.51
Per reverse position nucleotide content - C position 9,Pass,0.52,0.7233823529411765,0.52
Per reverse position nucleotide content - C position 10,Pass,0.53,0.7192592592592593,0.53
Per reverse position nucleotide content - C position 11,Pass,0.505,0.7065337423312884,0.505
Per reverse position nucleotide content - C position 12,Pass,0.515,0.7072169811320755,0.515
Per reverse position nucleotide content - C position 13,Pass,0.5249999999999999,0.7321428571428571,0.525
Per reverse position nucleotide content - C position 14,Pass,0.5399999999999999,0.7342647058823529,0.54
Per reverse position nucleotide content - C position 15,Pass,0.525,0.7080645161290322,0.525
Per reverse position nucleotide content - C position 16,Pass,0.5249999999999999,0.7273099415204678,0.525
Per reverse position nucleotide content - C position 17,Pass,0.51,0.7080864197530865,0.51
Per reverse position nucleotide content - C position 18,Pass,0.52,0.7185240963855423,0.52
Per reverse position nucleotide content - C position 19,Pass,0.515,0.5689285714285713,0.515
Per reverse position nucleotide content - C position 20,Pass,0.525,0.7176687116564419,0.525
Per reverse position nucleotide content - C position 21,Pass,0.53,0.5941666666666667,0.53
Per reverse position nucleotide content - C position 22,Pass,0.5249999999999999,0.7224850299401196,0.525
Per reverse position nucleotide content - C position 23,Pass,0.515,0.5717307692307692,0.515
Per reverse position nucleotide content - C position 24,Pass,0.5,0.545,0.5
Per reverse position nucleotide content - C position 25,Pass,0.515,0.7096583850931676,0.515
Per reverse position nucleotide content - C position 26,Pass,0.525,0.7104617834394905,0.525
Per reverse position nucleotide content - C position 27,Pass,0.55,0.7121232876712329,0.55
Per reverse position nucleotide content - C position 28,Pass,0.53,0.7216463414634147,0.53
Per reverse position nucleotide content - C position 29,Pass,0.53,0.7216463414634147,0.53
Per reverse position nucleotide content - C position 30,Pass,0.525,0.5945098039215686,0.525
Per reverse position nucleotide content - C position 31,Pass,0.54,0.7085135135135134,0.54
Per reverse position nucleotide content - C position 32,Pass,0.575,0.7388853503184712,0.575
Per reverse position nucleotide content - C position 33,Pass,0.515,0.7145454545454545,0.515
Per reverse position nucleotide content - C position 34,Pass,0.545,0.7172058823529411,0.545
Per reverse position nucleotide content - C position 35,Pass,0.505,0.704052795031056,0.505
Per reverse position nucleotide content - C position 36,Pass,0.5,0.7075,0.5
Per reverse position nucleotide content - C position 37,Pass,0.505,0.704052795031056,0.505
Per reverse position nucleotide content - C position 38,Pass,0.51,0.5631578947368421,0.51
Per reverse position nucleotide content - C position 39,Pass,0.515,0.5732926829268293,0.515
Per reverse position nucleotide content - C position 40,Pass,0.515,0.7121012269938649,0.515
Per reverse position nucleotide content - C position 41,Pass,0.535,0.7185062893081762,0.535
Per reverse position nucleotide content - C position 42,Pass,0.525,0.5862837837837838,0.525
Per reverse position nucleotide content - C position 43,Pass,0.5,0.7075,0.5
Per reverse position nucleotide content - C position 44,Pass,0.55,0.7258227848101265,0.55
Per reverse position nucleotide content - C position 45,Pass,0.5399999999999999,0.6101190476190477,0.54
Per reverse position nucleotide content - C position 46,Pass,0.515,0.5784574468085106,0.515
Per reverse position nucleotide content - C position 47,Pass,0.5050000000000001,0.7114970059880239,0.505
Per reverse position nucleotide content - C position 48,Pass,0.525,0.7297254335260115,0.525
Per reverse position nucleotide content - C position 49,Pass,0.555,0.6311224489795918,0.555
Per reverse position nucleotide content - C position 50,Pass,0.545,0.6173780487804879,0.545
Per reverse position nucleotide content - C position 51,Pass,0.52,0.7160975609756097,0.52
Per reverse position nucleotide content - C position 52,Pass,0.525,0.5890697674418605,0.525
Per reverse position nucleotide content - C position 53,Pass,0.505,0.5564102564102564,0.505
Per reverse position nucleotide content - C position 54,Pass,0.515,0.5666935483870967,0.515
Per reverse position nucleotide content - C position 55,Pass,0.535,0.7279790419161677,0.535
Per reverse position nucleotide content - C position 56,Pass,0.5149999999999999,0.5658620689655173,0.515
Per reverse position nucleotide content - C position 57,Pass,0.57,0.6533333333333333,0.57
Per reverse position nucleotide content - C position 58,Pass,0.545,0.7103061224489796,0.545
Per reverse position nucleotide content - C position 59,Pass,0.5150000000000001,0.5650000000000001,0.515
Per reverse position nucleotide content - C position 60,Pass,0.5149999999999999,0.5702702702702703,0.515
Per reverse position nucleotide content - C position 61,Pass,0.535,0.7208695652173913,0.535
Per reverse position nucleotide content - C position 62,Pass,0.505,0.7015723270440251,0.505
Per reverse position nucleotide content - C position 63,Pass,0.52,0.7064102564102565,0.52
Per reverse position nucleotide content - C position 64,Pass,0.5349999999999999,0.6026829268292684,0.535
Per reverse position nucleotide content - C position 65,Pass,0.5299999999999999,0.5944736842105264,0.53
Per reverse position nucleotide content - C position 66,Pass,0.525,0.5857142857142857,0.525
Per reverse position nucleotide content - C position 67,Pass,0.51,0.5631578947368421,0.51
Per reverse position nucleotide content - C position 68,Pass,0.52,0.5800000000000001,0.52
Per reverse position nucleotide content - C position 69,Pass,0.545,0.7264751552795031,0.545
Per reverse position nucleotide content - C position 70,Pass,0.515,0.5689285714285713,0.515
Per reverse position nucleotide content - C position 71,Pass,0.51,0.7154761904761905,0.51
Per reverse position nucleotide content - C position 72,Pass,0.51,0.5631578947368421,0.51
Per reverse position nucleotide content - C position 73,Pass,0.5399999999999999,0.6100000000000001,0.54
Per reverse position nucleotide content - C position 74,Pass,0.52,0.5788157894736843,0.52
Per reverse position nucleotide content - C position 75,Pass,0.5199999999999999,0.7209523809523809,0.52
Per reverse position nucleotide content - C position 76,Pass,0.51,0.565,0.51
Per reverse position nucleotide content - C position 77,Pass,0.505,0.5585975609756098,0.505
Per reverse position nucleotide content - C position 78,Pass,0.55,0.728125,0.55
Per reverse position nucleotide content - C position 79,Pass,0.5399999999999999,0.6105555555555555,0.54
Per reverse position nucleotide content - C position 80,Pass,0.525,0.7176687116564419,0.525
Per reverse position nucleotide content - C position 81,Pass,0.5149999999999999,0.5677272727272727,0.515
Per reverse position nucleotide content - C position 82,Pass,0.505,0.7015723270440251,0.505
Per reverse position nucleotide content - C position 83,Pass,0.54,0.7201582278481014,0.54
Per reverse position nucleotide content - C position 84,Pass,0.5199999999999999,0.5769117647058823,0.52
Per reverse position nucleotide content - C position 85,Pass,0.5599999999999999,0.6389285714285714,0.56
Per reverse position nucleotide content - C position 86,Pass,0.53,0.7073684210526316,0.53
Per reverse position nucleotide content - C position 87,Pass,0.505,0.7090151515151515,0.505
Per reverse position nucleotide content - C position 88,Pass,0.54,0.715487012987013,0.54
Per reverse position nucleotide content - C position 89,Pass,0.5099999999999999,0.5597058823529412,0.51
Per reverse position nucleotide content - C position 90,Pass,0.535,0.7232361963190185,0.535
Per reverse position nucleotide content - C position 91,Pass,0.505,0.5564102564102564,0.505
Per reverse position nucleotide content - C position 92,Pass,0.5650000000000001,0.6503378378378378,0.565
Per reverse position nucleotide content - C position 93,Pass,0.52,0.7185240963855423,0.52
Per reverse position nucleotide content - C position 94,Pass,0.515,0.5766666666666665,0.515
Per reverse position nucleotide content - C position 95,Pass,0.5300000000000001,0.5965909090909092,0.53
Per reverse position nucleotide content - C position 96,Pass,0.5549999999999999,0.7297955974842768,0.555
Per reverse position nucleotide content - C position 97,Pass,0.525,0.7176687116564419,0.525
Per reverse position nucleotide content - C position 98,Pass,0.515,0.7096583850931676,0.515
Per reverse position nucleotide content - C position 99,Pass,0.515,0.7145454545454545,0.515
Per reverse position nucleotide content - C position 100,Pass,0.5499999999999999,0.630625,0.55
Per reverse position nucleotide content - C position 101,Pass,0.51,0.558125,0.51
Per reverse position nucleotide content - C position 102,Pass,0.535,0.603030303030303,0.535
Per reverse position nucleotide content - C position 103,Pass,0.525,0.5853225806451613,0.525
Per reverse position nucleotide content - C position 104,Pass,0.54,0.7178205128205127,0.54
Per reverse position nucleotide content - C position 105,Pass,0.5349999999999999,0.7303550295857988,0.535
Per reverse position nucleotide content - C position 106,Pass,0.505,0.5585975609756098,0.505
Per reverse position nucleotide content - C position 107,Pass,0.52,0.7185240963855423,0.52
Per reverse position nucleotide content - C position 108,Pass,0.5299999999999999,0.594375,0.53
Per reverse position nucleotide content - C position 109,Pass,0.5,0.55,0.5
Per reverse position nucleotide content - C position 110,Pass,0.5,0.71,0.5
Per reverse position nucleotide content - C position 111,Pass,0.54,0.6113235294117647,0.54
Per reverse position nucleotide content - C position 112,Pass,0.55,0.625,0.55
Per reverse position nucleotide content - C position 113,Pass,0.5,0.535,0.5
Per reverse position nucleotide content - C position 114,Pass,0.54,0.7248456790123456,0.54
Per reverse position nucleotide content - C position 115,Pass,0.53,0.7216463414634147,0.53
Per reverse position nucleotide content - C position 116,Pass,0.5549999999999999,0.7320807453416149,0.555
Per reverse position nucleotide content - C position 117,Pass,0.515,0.5749418604651163,0.515
Per reverse position nucleotide content - C position 118,Pass,0.54,0.6104545454545455,0.54
Per reverse position nucleotide content - C position 119,Pass,0.545,0.6173255813953489,0.545
Per reverse position nucleotide content - C position 120,Pass,0.5599999999999999,0.6414473684210527,0.56
Per reverse position nucleotide content - C position 121,Pass,0.54,0.6125,0.54
Per reverse position nucleotide content - C position 122,Pass,0.5299999999999999,0.595,0.53
Per reverse position nucleotide content - C position 123,Pass,0.525,0.5870512820512821,0.525
Per reverse position nucleotide content - C position 124,Pass,0.52,0.7136728395061729,0.52
Per reverse position nucleotide content - C position 125,Pass,0.51,0.7007051282051282,0.51
Per reverse position nucleotide content - C position 126,Pass,0.505,0.5585975609756098,0.505
Per reverse position nucleotide content - C position 127,Pass,0.5449999999999999,0.6192857142857143,0.545
Per reverse position nucleotide content - C position 128,Pass,0.515,0.5803061224489797,0.515
Per reverse position nucleotide content - C position 129,Pass,0.53,0.6000000000000001,0.53
Per reverse position nucleotide content - C position 130,Pass,0.505,0.6916556291390727,0.505
Per reverse position nucleotide content - C position 131,Pass,0.52,0.5777777777777778,0.52
Per reverse position nucleotide content - C position 132,Pass,0.525,0.5870512820512821,0.525
Per reverse position nucleotide content - C position 133,Pass,0.515,0.5766666666666665,0.515
Per reverse position nucleotide content - C position 134,Pass,0.52,0.7136728395061729,0.52
Per reverse position nucleotide content - C position 135,Pass,0.5,0.5525,0.5
Per reverse position nucleotide content - C position 136,Pass,0.535,0.7208695652173913,0.535
Per reverse position nucleotide content - C position 137,Pass,0.5449999999999999,0.7288036809815951,0.545
Per reverse position nucleotide content - C position 138,Pass,0.5,0.55,0.5
Per reverse position nucleotide content - C position 139,Pass,0.535,0.7185062893081762,0.535
Per reverse position nucleotide content - C position 140,Pass,0.515,0.5784574468085106,0.515
Per reverse position nucleotide content - C position 141,Pass,0.515,0.7121012269938649,0.515
Per reverse position nucleotide content - C position 142,Pass,0.5299999999999999,0.7240361445783133,0.53
Per reverse position nucleotide content - C position 143,Pass,0.55,0.7258227848101265,0.55
Per reverse position nucleotide content - C position 144,Pass,0.525,0.5890697674418605,0.525
Per reverse position nucleotide content - C position 145,Pass,0.515,0.5749418604651163,0.515
Per reverse position nucleotide content - C position 146,Pass,0.52,0.7088291139240507,0.52
Per reverse position nucleotide content - C position 147,Pass,0.565,0.7287418300653593,0.565
Per reverse position nucleotide content - C position 148,Pass,0.545,0.7264751552795031,0.545
Per reverse position nucleotide content - C position 149,Pass,0.54,0.7224999999999999,0.54
Per reverse position nucleotide content - C position 150,Pass,0.5250000000000001,0.5879878048780488,0.525
Per reverse position nucleotide content - C position 151,Pass,0.54,0.7178205128205127,0.54
Per reverse position nucleotide content - C position 152,Pass,0.5299999999999999,0.5944736842105264,0.53
Per reverse position nucleotide content - C position 153,Pass,0.515,0.5749418604651163,0.515
Per reverse position nucleotide content - C position 154,Pass,0.5,0.565,0.5
Per reverse position nucleotide content - C position 155,Pass,0.515,0.5732926829268293,0.515
Per reverse position nucleotide content - C position 156,Pass,0.56,0.7269805194805194,0.56
Per reverse position nucleotide content - C position 157,Pass,0.51,0.7080864197530865,0.51
Per reverse position nucleotide content - C position 158,Pass,0.525,0.5870512820512821,0.525
Per reverse position nucleotide content - C position 159,Pass,0.52,0.5842391304347826,0.52
Per reverse position nucleotide content - C position 160,Pass,0.51,0.7007051282051282,0.51
Per reverse position nucleotide content - C position 161,Pass,0.52,0.7039935064935066,0.52
Per reverse position nucleotide content - C position 162,Pass,0.52,0.7039935064935066,0.52
Per reverse position nucleotide content - C position 163,Pass,0.51,0.7007051282051282,0.51
Per reverse position nucleotide content - C position 164,Pass,0.53,0.7073684210526316,0.53
Per reverse position nucleotide content - C position 165,Pass,0.505,0.5585975609756098,0.505
Per reverse position nucleotide content - C position 166,Pass,0.565,0.7399386503067484,0.565
Per reverse position nucleotide content - C position 167,Pass,0.535,0.7185062893081762,0.535
Per reverse position nucleotide content - C position 168,Pass,0.5499999999999999,0.7397058823529412,0.55
Per reverse position nucleotide content - C position 169,Pass,0.52,0.7112499999999999,0.52
Per reverse position nucleotide content - C position 170,Pass,0.5549999999999999,0.7366666666666666,0.555
Per reverse position nucleotide content - C position 171,Pass,0.52,0.7015789473684211,0.52
Per reverse position nucleotide content - C position 172,Pass,0.5,0.535,0.5
Per reverse position nucleotide content - C position 173,Pass,0.54,0.6145370370370369,0.54
Per reverse position nucleotide content - C position 174,Pass,0.52,0.7112499999999999,0.52
Per reverse position nucleotide content - C position 175,Pass,0.5549999999999999,0.7320807453416149,0.555
Per reverse position nucleotide content - C position 176,Pass,0.52,0.7088291139240507,0.52
Per reverse position nucleotide content - C position 177,Pass,0.525,0.7176687116564419,0.525
Per reverse position nucleotide content - C position 178,Pass,0.5,0.5525,0.5
Per reverse position nucleotide content - C position 179,Pass,0.545,0.7264751552795031,0.545
Per reverse position nucleotide content - C position 180,Pass,0.52,0.7233823529411765,0.52
Per reverse position nucleotide content - C position 181,Pass,0.55,0.625,0.55
Per reverse position nucleotide content - C position 182,Pass,0.525,0.5857142857142857,0.525
Per reverse position nucleotide content - C position 183,Pass,0.5249999999999999,0.5856034482758621,0.525
Per reverse position nucleotide content - C position 184,Pass,0.505,0.6891778523489933,0.505
Per reverse position nucleotide content - C position 185,Pass,0.53,0.7121153846153846,0.53
Per reverse position nucleotide content - C position 186,Pass,0.52,0.6991666666666666,0.52
Per reverse position nucleotide content - C position 187,Pass,0.57,0.7460843373493977,0.57
Per reverse position nucleotide content - C position 188,Pass,0.525,0.5857142857142857,0.525
Per reverse position nucleotide content - C position 189,Pass,0.505,0.6990923566878982,0.505
Per reverse position nucleotide content - C position 190,Pass,0.525,0.7104617834394905,0.525
Per reverse position nucleotide content - C position 191,Pass,0.505,0.704052795031056,0.505
Per reverse position nucleotide content - C position 192,Pass,0.52,0.7282471264367816,0.52
Per reverse position nucleotide content - C position 193,Pass,0.5349999999999999,0.711437908496732,0.535
Per reverse position nucleotide content - C position 194,Pass,0.5199999999999999,0.7209523809523809,0.52
Per reverse position nucleotide content - C position 195,Pass,0.5,0.7075,0.5
Per reverse position nucleotide content - C position 196,Pass,0.51,0.7105487804878049,0.51
Per reverse position nucleotide content - C position 197,Pass,0.5199999999999999,0.5759615384615384,0.52
Per reverse position nucleotide content - C position 198,Pass,0.525,0.7248964497041419,0.525
Per reverse position nucleotide content - C position 199,Pass,0.53,0.7288235294117646,0.53
Per reverse position nucleotide content - C position 200,Pass,0.51,0.7179411764705883,0.51
Per reverse position nucleotide content - C,Pass,0.575,0.7460843373493977,0.575
Per reverse position nucleotide content - G position 1,Pass,0.5,0.7124999999999999,0.5
Per reverse position nucleotide content - G position 2,Pass,0.575,0.7544298245614035,0.575
Per reverse position nucleotide content - G position 3,Pass,0.57,0.7483333333333333,0.57
Per reverse position nucleotide content - G position 4,Pass,0.585,0.7598538011695907,0.585
Per reverse position nucleotide content - G position 5,Pass,0.5349999999999999,0.7374999999999999,0.535
Per reverse position nucleotide content - G position 6,Pass,0.525,0.7104617834394905,0.525
Per reverse position nucleotide content - G position 7,Pass,0.565,0.7399386503067484,0.565
Per reverse position nucleotide content - G position 8,Pass,0.54,0.715487012987013,0.54
Per reverse position nucleotide content - G position 9,Pass,0.525,0.7128616352201258,0.525
Per reverse position nucleotide content - G position 10,Pass,0.5549999999999999,0.7389670658682636,0.555
Per reverse position nucleotide content - G position 11,Pass,0.5349999999999999,0.7327339181286551,0.535
Per reverse position nucleotide content - G position 12,Pass,0.5599999999999999,0.7382926829268293,0.56
Per reverse position nucleotide content - G position 13,Pass,0.515,0.7023387096774194,0.515
Per reverse position nucleotide content - G position 14,Pass,0.52,0.7258139534883721,0.52
Per reverse position nucleotide content - G position 15,Pass,0.555,0.7343711656441718,0.555
Per reverse position nucleotide content - G position 16,Pass,0.5,0.5475000000000001,0.5
Per reverse position nucleotide content - G position 17,Pass,0.535,0.7208695652173913,0.535
Per reverse position nucleotide content - G position 18,Pass,0.52,0.7064102564102565,0.52
Per reverse position nucleotide content - G position 19,Pass,0.545,0.7264751552795031,0.545
Per reverse position nucleotide content - G position 20,Pass,0.5349999999999999,0.7161464968152866,0.535
Per reverse position nucleotide content - G position 21,Pass,0.53,0.7097402597402597,0.53
Per reverse position nucleotide content - G position 22,Pass,0.555,0.7275159235668789,0.555
Per reverse position nucleotide content - G position 23,Pass,0.515,0.6926020408163265,0.515
Per reverse position nucleotide content - G position 24,Pass,0.525,0.7080645161290322,0.525
Per reverse position nucleotide content - G position 25,Pass,0.545,0.7126006711409396,0.545
Per reverse position nucleotide content - G position 26,Pass,0.56,0.7360185185185186,0.56
Per reverse position nucleotide content - G position 27,Pass,0.555,0.7343711656441718,0.555
Per reverse position nucleotide content - G position 28,Pass,0.515,0.69503355704698,0.515
Per reverse position nucleotide content - G position 29,Pass,0.565,0.7332006369426752,0.565
Per reverse position nucleotide content - G position 30,Pass,0.565,0.7287418300653593,0.565
Per reverse position nucleotide content - G position 31,Pass,0.5349999999999999,0.7161464968152866,0.535
Per reverse position nucleotide content - G position 32,Pass,0.525,0.7128616352201258,0.525
Per reverse position nucleotide content - G position 33,Pass,0.54,0.7038888888888888,0.54
Per reverse position nucleotide content - G position 34,Pass,0.5800000000000001,0.738474025974026,0.58
Per reverse position nucleotide content - G position 35,Pass,0.56,0.7247368421052632,0.56
Per reverse position nucleotide content - G position 36,Pass,0.505,0.6891778523489933,0.505
Per reverse position nucleotide content - G position 37,Pass,0.5650000000000001,0.726523178807947,0.565
Per reverse position nucleotide content - G position 38,Pass,0.53,0.714493670886076,0.53
Per reverse position nucleotide content - G position 39,Pass,0.585,0.7276418439716312,0.585
Per reverse position nucleotide content - G position 40,Pass,0.5900000000000001,0.7463461538461539,0.59
Per reverse position nucleotide content - G position 41,Pass,0.5850000000000001,0.7360234899328859,0.585
Per reverse position nucleotide content - G position 42,Pass,0.55,0.7076056338028169,0.55
Per reverse position nucleotide content - G position 43,Pass,0.5549999999999999,0.7095035460992907,0.555
Per reverse position nucleotide content - G position 44,Pass,0.51,0.6908783783783784,0.51
Per reverse position nucleotide content - G position 45,Pass,0.5650000000000001,0.7221088435374151,0.565
Per reverse position nucleotide content - G position 46,Pass,0.5700000000000001,0.7283333333333334,0.57
Per reverse position nucleotide content - G position 47,Pass,0.56,0.7136267605633803,0.56
Per reverse position nucleotide content - G position 48,Pass,0.5850000000000001,0.7381456953642384,0.585
Per reverse position nucleotide content - G position 49,Pass,0.5700000000000001,0.7283333333333334,0.57
Per reverse position nucleotide content - G position 50,Pass,0.5800000000000001,0.7363157894736843,0.58
Per reverse position nucleotide content - G position 51,Pass,0.5700000000000001,0.7261486486486487,0.57
Per reverse position nucleotide content - G position 52,Pass,0.5750000000000001,0.7323344370860927,0.575
Per reverse position nucleotide content - G position 53,Pass,0.55,0.7076056338028169,0.55
Per reverse position nucleotide content - G position 54,Pass,0.585,0.723521897810219,0.585
Per reverse position nucleotide content - G position 55,Pass,0.56,0.7158333333333332,0.56
Per reverse position nucleotide content - G position 56,Warning,0.6000000000000001,0.7458333333333333,0.6
Per reverse position nucleotide content - G position 57,Warning,0.625,0.7499640287769783,0.625
Per reverse position nucleotide content - G position 58,Pass,0.51,0.6884246575342465,0.51
Per reverse position nucleotide content - G position 59,Pass,0.585,0.7339115646258503,0.585
Per reverse position nucleotide content - G position 60,Pass,0.5700000000000001,0.7218055555555556,0.57
Per reverse position nucleotide content - G position 61,Pass,0.575,0.7258620689655172,0.575
Per reverse position nucleotide content - G position 62,Pass,0.5549999999999999,0.7095035460992907,0.555
Per reverse position nucleotide content - G position 63,Pass,0.5900000000000001,0.7379054054054055,0.59
Per reverse position nucleotide content - G position 64,Pass,0.575,0.7215957446808512,0.575
Per reverse position nucleotide content - G position 65,Warning,0.605,0.7457142857142857,0.605
Per reverse position nucleotide content - G position 66,Pass,0.54,0.7061986301369864,0.54
Per reverse position nucleotide content - G position 67,Pass,0.6,0.7298134328358209,0.6
Per reverse position nucleotide content - G position 68,Warning,0.625,0.7444924812030076,0.625
Per reverse position nucleotide content - G position 69,Pass,0.545,0.7034574468085106,0.545
Per reverse position nucleotide content - G position 70,Pass,0.565,0.7155496453900709,0.565
Per reverse position nucleotide content - G position 71,Pass,0.5750000000000001,0.7323344370860927,0.575
Per reverse position nucleotide content - G position 72,Warning,0.6100000000000001,0.7437323943661972,0.61
Per reverse position nucleotide content - G position 73,Warning,0.62,0.7478571428571429,0.62
Per reverse position nucleotide content - G position 74,Pass,0.575,0.7215957446808512,0.575
Per reverse position nucleotide content - G position 75,Pass,0.595,0.7296715328467154,0.595
Per reverse position nucleotide content - G position 76,Pass,0.585,0.7214814814814814,0.585
Per reverse position nucleotide content - G position 77,Pass,0.55,0.7098611111111113,0.55
Per reverse position nucleotide content - G position 78,Warning,0.615,0.7419708029197081,0.615
Per reverse position nucleotide content - G position 79,Pass,0.565,0.7155496453900709,0.565
Per reverse position nucleotide content - G position 80,Pass,0.53,0.6885294117647058,0.53
Per reverse position nucleotide content - G position 81,Pass,0.585,0.717442748091603,0.585
Per reverse position nucleotide content - G position 82,Warning,0.6000000000000001,0.7417465753424658,0.6
Per reverse position nucleotide content - G position 83,Pass,0.56,0.7158333333333332,0.56
Per reverse position nucleotide content - G position 84,Pass,0.5800000000000001,0.7194117647058824,0.58
Per reverse position nucleotide content - G position 85,Warning,0.615,0.7419708029197081,0.615
Per reverse position nucleotide content - G position 86,Pass,0.5900000000000001,0.73375,0.59
Per reverse position nucleotide content - G position 87,Warning,0.6100000000000001,0.7456944444444443,0.61
Per reverse position nucleotide content - G position 88,Warning,0.605,0.7417132867132866,0.605
Per reverse position nucleotide content - G position 89,Warning,0.62,0.7497535211267604,0.62
Per reverse position nucleotide content - G position 90,Warning,0.63,0.7521014492753623,0.63
Per reverse position nucleotide content - G position 91,Warning,0.655,0.7665693430656935,0.655
Per reverse position nucleotide content - G position 92,Warning,0.62,0.7516666666666667,0.62
Per reverse position nucleotide content - G position 93,Pass,0.595,0.7257142857142856,0.595
Per reverse position nucleotide content - G position 94,Pass,0.5800000000000001,0.7235714285714285,0.58
Per reverse position nucleotide content - G position 95,Warning,0.62,0.7459782608695651,0.62
Per reverse position nucleotide content - G position 96,Warning,0.645,0.763918439716312,0.645
Per reverse position nucleotide content - G position 97,Pass,0.55,0.7121232876712329,0.55
Per reverse position nucleotide content - G position 98,Pass,0.56,0.7180479452054795,0.56
Per reverse position nucleotide content - G position 99,Warning,0.64,0.7513461538461539,0.64
Per reverse position nucleotide content - G position 100,Warning,0.6399999999999999,0.76,0.64
Per reverse position nucleotide content - G position 101,Warning,0.635,0.7490267175572519,0.635
Per reverse position nucleotide content - G position 102,Warning,0.68,0.7753125,0.68
Per reverse position nucleotide content - G position 103,Warning,0.61,0.7286507936507937,0.61
Per reverse position nucleotide content - G position 104,Warning,0.615,0.7516156462585034,0.615
Per reverse position nucleotide content - G position 105,Pass,0.53,0.7002739726027396,0.53
Per reverse position nucleotide content - G position 106,Pass,0.58,0.7173507462686567,0.58
Per reverse position nucleotide content - G position 107,Warning,0.61,0.7360447761194031,0.61
Per reverse position nucleotide content - G position 108,Warning,0.645,0.7570112781954887,0.645
Per reverse position nucleotide content - G position 109,Warning,0.6100000000000001,0.7476712328767123,0.61
Per reverse position nucleotide content - G position 110,Pass,0.55,0.7053571428571428,0.55
Per reverse position nucleotide content - G position 111,Warning,0.655,0.7665693430656935,0.655
Per reverse position nucleotide content - G position 112,Warning,0.645,0.7604197080291971,0.645
Per reverse position nucleotide content - G position 113,Warning,0.615,0.7382330827067668,0.615
Per reverse position nucleotide content - G position 114,Pass,0.575,0.7131954887218046,0.575
Per reverse position nucleotide content - G position 115,Pass,0.56,0.7158333333333332,0.56
Per reverse position nucleotide content - G position 116,Pass,0.5800000000000001,0.7428164556962026,0.58
Per reverse position nucleotide content - G position 117,Pass,0.595,0.7276851851851851,0.595
Per reverse position nucleotide content - G position 118,Warning,0.615,0.7477097902097902,0.615
Per reverse position nucleotide content - G position 119,Warning,0.615,0.7457801418439716,0.615
Per reverse position nucleotide content - G position 120,Warning,0.635,0.7525000000000002,0.635
Per reverse position nucleotide content - G position 121,Warning,0.625,0.7537062937062938,0.625
Per reverse position nucleotide content - G position 122,Warning,0.64,0.7547388059701493,0.64
Per reverse position nucleotide content - G position 123,Warning,0.63,0.7539285714285715,0.63
Per reverse position nucleotide content - G position 124,Pass,0.5800000000000001,0.7320270270270269,0.58
Per reverse position nucleotide content - G position 125,Warning,0.605,0.7397340425531915,0.605
Per reverse position nucleotide content - G position 126,Pass,0.5700000000000001,0.7283333333333334,0.57
Per reverse position nucleotide content - G position 127,Warning,0.62,0.7497535211267604,0.62
Per reverse position nucleotide content - G position 128,Warning,0.61,0.7398550724637681,0.61
Per reverse position nucleotide content - G position 129,Warning,0.615,0.7496551724137931,0.615
Per reverse position nucleotide content - G position 130,Pass,0.55,0.728125,0.55
Per reverse position nucleotide content - G position 131,Warning,0.655,0.7649074074074074,0.655
Per reverse position nucleotide content - G position 132,Pass,0.5750000000000001,0.7280102040816326,0.575
Per reverse position nucleotide content - G position 133,Pass,0.595,0.7276851851851851,0.595
Per reverse position nucleotide content - G position 134,Pass,0.545,0.7126006711409396,0.545
Per reverse position nucleotide content - G position 135,Warning,0.62,0.7497535211267604,0.62
Per reverse position nucleotide content - G position 136,Pass,0.575,0.7237237762237763,0.575
Per reverse position nucleotide content - G position 137,Pass,0.555,0.7229738562091502,0.555
Per reverse position nucleotide content - G position 138,Pass,0.585,0.723521897810219,0.585
Per reverse position nucleotide content - G position 139,Pass,0.595,0.752374213836478,0.595
Per reverse position nucleotide content - G position 140,Pass,0.56,0.7225,0.56
Per reverse position nucleotide content - G position 141,Pass,0.5350000000000001,0.6997377622377623,0.535
Per reverse position nucleotide content - G position 142,Pass,0.5349999999999999,0.7161464968152866,0.535
Per reverse position nucleotide content - G position 143,Pass,0.555,0.7229738562091502,0.555
Per reverse position nucleotide content - G position 144,Pass,0.585,0.7339115646258503,0.585
Per reverse position nucleotide content - G position 145,Pass,0.53,0.7097402597402597,0.53
Per reverse position nucleotide content - G position 146,Pass,0.5800000000000001,0.7363157894736843,0.58
Per reverse position nucleotide content - G position 147,Pass,0.5900000000000001,0.7463461538461539,0.59
Per reverse position nucleotide content - G position 148,Pass,0.52,0.7015789473684211,0.52
Per reverse position nucleotide content - G position 149,Warning,0.6100000000000001,0.7476712328767123,0.61
Per reverse position nucleotide content - G position 150,Pass,0.5349999999999999,0.7161464968152866,0.535
Per reverse position nucleotide content - G position 151,Pass,0.5700000000000001,0.7305263157894737,0.57
Per reverse position nucleotide content - G position 152,Warning,0.6000000000000001,0.7458333333333333,0.6
Per reverse position nucleotide content - G position 153,Pass,0.595,0.752374213836478,0.595
Per reverse position nucleotide content - G position 154,Pass,0.5700000000000001,0.7438414634146342,0.57
Per reverse position nucleotide content - G position 155,Pass,0.555,0.7229738562091502,0.555
Per reverse position nucleotide content - G position 156,Pass,0.525,0.5977272727272727,0.525
Per reverse position nucleotide content - G position 157,Pass,0.545,0.7126006711409396,0.545
Per reverse position nucleotide content - G position 158,Pass,0.53,0.7121153846153846,0.53
Per reverse position nucleotide content - G position 159,Pass,0.515,0.6853191489361702,0.515
Per reverse position nucleotide content - G position 160,Pass,0.545,0.7241509433962263,0.545
Per reverse position nucleotide content - G position 161,Pass,0.505,0.6891778523489933,0.505
Per reverse position nucleotide content - G position 162,Pass,0.5149999999999999,0.6999019607843138,0.515
Per reverse position nucleotide content - G position 163,Pass,0.585,0.7339115646258503,0.585
Per reverse position nucleotide content - G position 164,Pass,0.54,0.7131578947368421,0.54
Per reverse position nucleotide content - G position 165,Pass,0.53,0.716875,0.53
Per reverse position nucleotide content - G position 166,Pass,0.515,0.7047770700636942,0.515
Per reverse position nucleotide content - G position 167,Pass,0.57,0.7371518987341773,0.57
Per reverse position nucleotide content - G position 168,Pass,0.5150000000000001,0.6877447552447552,0.515
Per reverse position nucleotide content - G position 169,Pass,0.595,0.752374213836478,0.595
Per reverse position nucleotide content - G position 170,Pass,0.52,0.5800000000000001,0.52
Per reverse position nucleotide content - G position 171,Pass,0.53,0.714493670886076,0.53
Per reverse position nucleotide content - G position 172,Pass,0.585,0.7255755395683454,0.585
Per reverse position nucleotide content - G position 173,Pass,0.5700000000000001,0.739375,0.57
Per reverse position nucleotide content - G position 174,Pass,0.515,0.7121012269938649,0.515
Per reverse position nucleotide content - G position 175,Pass,0.54,0.7131578947368421,0.54
Per reverse position nucleotide content - G position 176,Pass,0.53,0.705,0.53
Per reverse position nucleotide content - G position 177,Pass,0.515,0.7047770700636942,0.515
Per reverse position nucleotide content - G position 178,Pass,0.55,0.7258227848101265,0.55
Per reverse position nucleotide content - G position 179,Pass,0.525,0.7152639751552795,0.525
Per reverse position nucleotide content - G position 180,Pass,0.54,0.7178205128205127,0.54
Per reverse position nucleotide content - G position 181,Pass,0.5650000000000001,0.726523178807947,0.565
Per reverse position nucleotide content - G position 182,Pass,0.5750000000000001,0.7410849056603774,0.575
Per reverse position nucleotide content - G position 183,Pass,0.525,0.7104617834394905,0.525
Per reverse position nucleotide content - G position 184,Pass,0.57,0.7371518987341773,0.57
Per reverse position nucleotide content - G position 185,Pass,0.5449999999999999,0.7288036809815951,0.545
Per reverse position nucleotide content - G position 186,Pass,0.54,0.7248456790123456,0.54
Per reverse position nucleotide content - G position 187,Pass,0.52,0.7039935064935066,0.52
Per reverse position nucleotide content - G position 188,Pass,0.52,0.7160975609756097,0.52
Per reverse position nucleotide content - G position 189,Pass,0.5549999999999999,0.7297955974842768,0.555
Per reverse position nucleotide content - G position 190,Pass,0.515,0.5749418604651163,0.515
Per reverse position nucleotide content - G position 191,Pass,0.54,0.7295481927710843,0.54
Per reverse position nucleotide content - G position 192,Pass,0.51,0.7154761904761905,0.51
Per reverse position nucleotide content - G position 193,Pass,0.525,0.5857142857142857,0.525
Per reverse position nucleotide content - G position 194,Pass,0.515,0.7145454545454545,0.515
Per reverse position nucleotide content - G position 195,Pass,0.5549999999999999,0.7482142857142858,0.555
Per reverse position nucleotide content - G position 196,Pass,0.58,0.7493902439024391,0.58
Per reverse position nucleotide content - G position 197,Pass,0.51,0.7105487804878049,0.51
Per reverse position nucleotide content - G position 198,Pass,0.51,0.7130120481927711,0.51
Per reverse position nucleotide content - G position 199,Pass,0.52,0.7185240963855423,0.52
Per reverse position nucleotide content - G position 200,Pass,0.5399999999999999,0.7342647058823529,0.54
Per reverse position nucleotide content - G,Warning,0.68,0.7753125,0.68
Per reverse position nucleotide content - N position 1,Pass,0.53,0.6242307692307691,0.53
Per reverse position nucleotide content - N position 2,Pass,0.5349999999999999,0.623972602739726,0.535
Per reverse position nucleotide content - N position 3,Pass,0.54,0.6197580645161289,0.54
Per reverse position nucleotide content - N position 4,Pass,0.52,0.5947413793103448,0.52
Per reverse position nucleotide content - N position 5,Pass,0.515,0.5861363636363637,0.515
Per reverse position nucleotide content - N position 6,Pass,0.51,0.575,0.51
Per reverse position nucleotide content - N position 7,Pass,0.51,0.575,0.51
Per reverse position nucleotide content - N position 8,Pass,0.505,0.5676020408163265,0.505
Per reverse position nucleotide content - N position 9,Pass,0.51,0.5729166666666667,0.51
Per reverse position nucleotide content - N position 10,Pass,0.505,0.5653191489361702,0.505
Per reverse position nucleotide content - N position 11,Pass,0.51,0.5708695652173914,0.51
Per reverse position nucleotide content - N position 12,Pass,0.505,0.5608139534883722,0.505
Per reverse position nucleotide content - N position 13,Pass,0.505,0.5564102564102564,0.505
Per reverse position nucleotide content - N position 14,Pass,0.51,0.5613888888888889,0.51
Per reverse position nucleotide content - N position 15,Pass,0.505,0.5521428571428572,0.505
Per reverse position nucleotide content - N position 16,Pass,0.51,0.558125,0.51
Per reverse position nucleotide content - N position 17,Pass,0.5050000000000001,0.5442592592592593,0.505
Per reverse position nucleotide content - N position 18,Pass,0.51,0.5542307692307692,0.51
Per reverse position nucleotide content - N position 19,Pass,0.5150000000000001,0.5650000000000001,0.515
Per reverse position nucleotide content - N position 20,Pass,0.5099999999999999,0.5533333333333332,0.51
Per reverse position nucleotide content - N position 21,Pass,0.505,0.5394047619047618,0.505
Per reverse position nucleotide content - N position 22,Pass,0.505,0.5394047619047618,0.505
Per reverse position nucleotide content - N position 23,Pass,0.515,0.5669736842105264,0.515
Per reverse position nucleotide content - N position 24,Pass,0.515,0.5669736842105264,0.515
Per reverse position nucleotide content - N position 25,Pass,0.5100000000000001,0.5527777777777778,0.51
Per reverse position nucleotide content - N position 26,Pass,0.5100000000000001,0.5527777777777778,0.51
Per reverse position nucleotide content - N position 27,Pass,0.5100000000000001,0.5527777777777778,0.51
Per reverse position nucleotide content - N position 28,Pass,0.51,0.55375,0.51
Per reverse position nucleotide content - N position 29,Pass,0.51,0.55375,0.51
Per reverse position nucleotide content - N position 30,Pass,0.51,0.55375,0.51
Per reverse position nucleotide content - N position 31,Pass,0.515,0.5725,0.515
Per reverse position nucleotide content - N position 32,Pass,0.515,0.5725,0.515
Per reverse position nucleotide content - N position 33,Pass,0.515,0.5725,0.515
Per reverse position nucleotide content - N position 34,Pass,0.515,0.5725,0.515
Per reverse position nucleotide content - N position 35,Pass,0.515,0.5776923076923077,0.515
Per reverse position nucleotide content - N position 36,Pass,0.515,0.5776923076923077,0.515
Per reverse position nucleotide content - N position 37,Pass,0.515,0.5776923076923077,0.515
Per reverse position nucleotide content - N position 38,Pass,0.51,0.5591666666666667,0.51
Per reverse position nucleotide content - N position 39,Pass,0.51,0.5591666666666667,0.51
Per reverse position nucleotide content - N position 40,Pass,0.51,0.5591666666666667,0.51
Per reverse position nucleotide content - N position 41,Pass,0.5,0.7374999999999999,0.5
Per reverse position nucleotide content - N position 42,Pass,0.5,0.7374999999999999,0.5
Per reverse position nucleotide content - N position 43,Pass,0.505,0.7413089005235602,0.505
Per reverse position nucleotide content - N position 44,Pass,0.505,0.7413089005235602,0.505
Per reverse position nucleotide content - N position 45,Pass,0.505,0.7413089005235602,0.505
Per reverse position nucleotide content - N position 46,Pass,0.51,0.7451041666666668,0.51
Per reverse position nucleotide content - N position 47,Pass,0.505,0.7437953367875648,0.505
Per reverse position nucleotide content - N position 48,Pass,0.505,0.7437953367875648,0.505
Per reverse position nucleotide content - N position 49,Pass,0.505,0.7437953367875648,0.505
Per reverse position nucleotide content - N position 50,Pass,0.505,0.7437953367875648,0.505
Per reverse position nucleotide content - N position 51,Pass,0.505,0.7437953367875648,0.505
Per reverse position nucleotide content - N position 52,Pass,0.505,0.7437953367875648,0.505
Per reverse position nucleotide content - N position 53,Pass,0.505,0.7437953367875648,0.505
Per reverse position nucleotide content - N position 54,Pass,0.505,0.7437953367875648,0.505
Per reverse position nucleotide content - N position 55,Pass,0.505,0.7437953367875648,0.505
Per reverse position nucleotide content - N position 56,Pass,0.51,0.7475773195876289,0.51
Per reverse position nucleotide content - N position 57,Pass,0.51,0.7475773195876289,0.51
Per reverse position nucleotide content - N position 58,Pass,0.51,0.7475773195876289,0.51
Per reverse position nucleotide content - N position 59,Pass,0.51,0.7475773195876289,0.51
Per reverse position nucleotide content - N position 60,Pass,0.51,0.7475773195876289,0.51
Per reverse position nucleotide content - N position 61,Pass,0.51,0.7475773195876289,0.51
Per reverse position nucleotide content - N position 62,Pass,0.51,0.7475773195876289,0.51
Per reverse position nucleotide content - N position 63,Pass,0.51,0.7475773195876289,0.51
Per reverse position nucleotide content - N position 64,Pass,0.51,0.7475773195876289,0.51
Per reverse position nucleotide content - N position 65,Pass,0.51,0.7475773195876289,0.51
Per reverse position nucleotide content - N position 66,Pass,0.51,0.7475773195876289,0.51
Per reverse position nucleotide content - N position 67,Pass,0.51,0.7475773195876289,0.51
Per reverse position nucleotide content - N position 68,Pass,0.51,0.7475773195876289,0.51
Per reverse position nucleotide content - N position 69,Pass,0.51,0.7475773195876289,0.51
Per reverse position nucleotide content - N position 70,Pass,0.51,0.7475773195876289,0.51
Per reverse position nucleotide content - N position 71,Pass,0.51,0.7475773195876289,0.51
Per reverse position nucleotide content - N position 72,Pass,0.51,0.7475773195876289,0.51
Per reverse position nucleotide content - N position 73,Pass,0.51,0.7475773195876289,0.51
Per reverse position nucleotide content - N position 74,Pass,0.51,0.7475773195876289,0.51
Per reverse position nucleotide content - N position 75,Pass,0.51,0.7475773195876289,0.51
Per reverse position nucleotide content - N position 76,Pass,0.51,0.7475773195876289,0.51
Per reverse position nucleotide content - N position 77,Pass,0.505,0.7462820512820513,0.505
Per reverse position nucleotide content - N position 78,Pass,0.5,0.505,0.5
Per reverse position nucleotide content - N position 79,Pass,0.5,0.505,0.5
Per reverse position nucleotide content - N position 80,Pass,0.5,0.505,0.5
Per reverse position nucleotide content - N position 81,Pass,0.5,0.5025,0.5
Per reverse position nucleotide content - N position 82,Pass,0.5,0.5025,0.5
Per reverse position nucleotide content - N position 83,Pass,0.5,0.5025,0.5
Per reverse position nucleotide content - N position 84,Pass,0.5,0.5025,0.5
Per reverse position nucleotide content - N position 85,Pass,0.5,0.5025,0.5
Per reverse position nucleotide content - N position 86,Pass,0.5,0.5025,0.5
Per reverse position nucleotide content - N position 87,Pass,0.5,0.5025,0.5
Per reverse position nucleotide content - N position 88,Pass,0.5,0.5025,0.5
Per reverse position nucleotide content - N position 89,Pass,0.505,0.7525,0.505
Per reverse position nucleotide content - N position 90,Pass,0.505,0.7525,0.505
Per reverse position nucleotide content - N position 91,Pass,0.505,0.7525,0.505
Per reverse position nucleotide content - N position 92,Pass,0.505,0.7525,0.505
Per reverse position nucleotide content - N position 93,Pass,0.505,0.7525,0.505
Per reverse position nucleotide content - N position 94,Pass,0.505,0.7525,0.505
Per reverse position nucleotide content - N position 95,Pass,0.505,0.7525,0.505
Per reverse position nucleotide content - N position 96,Pass,0.505,0.7525,0.505
Per reverse position nucleotide content - N position 97,Pass,0.505,0.7525,0.505
Per reverse position nucleotide content - N position 98,Pass,0.505,0.7525,0.505
Per reverse position nucleotide content - N position 99,Pass,0.505,0.7525,0.505
Per reverse position nucleotide content - N position 100,Pass,0.505,0.7525,0.505
Per reverse position nucleotide content - N position 101,Pass,0.505,0.7525,0.505
Per reverse position nucleotide content - N position 102,Pass,0.505,0.7525,0.505
Per reverse position nucleotide content - N position 103,Pass,0.505,0.7525,0.505
Per reverse position nucleotide content - N position 104,Pass,0.505,0.7525,0.505
Per reverse position nucleotide content - N position 105,Pass,0.505,0.7525,0.505
Per reverse position nucleotide content - N position 106,Pass,0.5,0.5,0.5
Per reverse position nucleotide content - N position 107,Pass,0.5,0.5,0.5
Per reverse position nucleotide content - N position 108,Pass,0.5,0.5,0.5
Per reverse position nucleotide content - N position 109,Pass,0.5,0.5,0.5
Per reverse position nucleotide content - N position 110,Pass,0.5,0.5,0.5
Per reverse position nucleotide content - N position 111,Pass,0.5,0.5,0.5
Per reverse position nucleotide content - N position 112,Pass,0.5,0.5,0.5
Per reverse position nucleotide content - N position 113,Pass,0.5,0.5,0.5
Per reverse position nucleotide content - N position 114,Pass,0.5,0.5,0.5
Per reverse position nucleotide content - N position 115,Pass,0.5,0.5,0.5
Per reverse position nucleotide content - N position 116,Pass,0.5,0.5,0.5
Per reverse position nucleotide content - N position 117,Pass,0.5,0.5,0.5
Per reverse position nucleotide content - N position 118,Pass,0.5,0.5,0.5
Per reverse position nucleotide content - N position 119,Pass,0.5,0.5,0.5
Per reverse position nucleotide content - N position 120,Pass,0.5,0.5,0.5
Per reverse position nucleotide content - N position 121,Pass,0.5,0.5,0.5
Per reverse position nucleotide content - N position 122,Pass,0.5,0.5,0.5
Per reverse position nucleotide content - N position 123,Pass,0.5,0.5,0.5
Per reverse position nucleotide content - N position 124,Pass,0.5,0.5,0.5
Per reverse position nucleotide content - N position 125,Pass,0.5,0.5,0.5
Per reverse position nucleotide content - N position 126,Pass,0.5,0.5,0.5
Per reverse position nucleotide content - N position 127,Pass,0.5,0.5,0.5
Per reverse position nucleotide content - N position 128,Pass,0.5,0.5,0.5
Per reverse position nucleotide content - N position 129,Pass,0.5,0.5,0.5
Per reverse position nucleotide content - N position 130,Pass,0.5,0.5,0.5
Per reverse position nucleotide content - N position 131,Pass,0.5,0.5,0.5
Per reverse position nucleotide content - N position 132,Pass,0.5,0.5,0.5
Per reverse position nucleotide content - N position 133,Pass,0.505,0.7525,0.505
Per reverse position nucleotide content - N position 134,Pass,0.505,0.7525,0.505
Per reverse position nucleotide content - N position 135,Pass,0.505,0.7525,0.505
Per reverse position nucleotide content - N position 136,Pass,0.505,0.7525,0.505
Per reverse position nucleotide content - N position 137,Pass,0.505,0.7525,0.505
Per reverse position nucleotide content - N position 138,Pass,0.505,0.7525,0.505
Per reverse position nucleotide content - N position 139,Pass,0.505,0.7525,0.505
Per reverse position nucleotide content - N position 140,Pass,0.505,0.7525,0.505
Per reverse position nucleotide content - N position 141,Pass,0.51,0.755,0.51
Per reverse position nucleotide content - N position 142,Pass,0.51,0.755,0.51
Per reverse position nucleotide content - N position 143,Pass,0.505,0.5883333333333333,0.505
Per reverse position nucleotide content - N position 144,Pass,0.505,0.5883333333333333,0.505
Per reverse position nucleotide content - N position 145,Pass,0.505,0.5883333333333333,0.505
Per reverse position nucleotide content - N position 146,Pass,0.505,0.5883333333333333,0.505
Per reverse position nucleotide content - N position 147,Pass,0.505,0.5883333333333333,0.505
Per reverse position nucleotide content - N position 148,Pass,0.51,0.6325,0.51
Per reverse position nucleotide content - N position 149,Pass,0.505,0.5575,0.505
Per reverse position nucleotide content - N position 150,Pass,0.505,0.5575,0.505
Per reverse position nucleotide content - N position 151,Pass,0.51,0.5933333333333333,0.51
Per reverse position nucleotide content - N position 152,Pass,0.51,0.5933333333333333,0.51
Per reverse position nucleotide content - N position 153,Pass,0.51,0.5933333333333333,0.51
Per reverse position nucleotide content - N position 154,Pass,0.51,0.5933333333333333,0.51
Per reverse position nucleotide content - N position 155,Pass,0.5149999999999999,0.6196428571428572,0.515
Per reverse position nucleotide content - N position 156,Pass,0.52,0.6399999999999999,0.52
Per reverse position nucleotide content - N position 157,Pass,0.52,0.6399999999999999,0.52
Per reverse position nucleotide content - N position 158,Pass,0.52,0.6399999999999999,0.52
Per reverse position nucleotide content - N position 159,Pass,0.52,0.6399999999999999,0.52
Per reverse position nucleotide content - N position 160,Pass,0.52,0.6399999999999999,0.52
Per reverse position nucleotide content - N position 161,Pass,0.52,0.6399999999999999,0.52
Per reverse position nucleotide content - N position 162,Pass,0.52,0.6399999999999999,0.52
Per reverse position nucleotide content - N position 163,Pass,0.52,0.6399999999999999,0.52
Per reverse position nucleotide content - N position 164,Pass,0.515,0.5983333333333333,0.515
Per reverse position nucleotide content - N position 165,Pass,0.515,0.5983333333333333,0.515
Per reverse position nucleotide content - N position 166,Pass,0.51,0.5650000000000001,0.51
Per reverse position nucleotide content - N position 167,Pass,0.51,0.5591666666666667,0.51
Per reverse position nucleotide content - N position 168,Pass,0.51,0.5557142857142857,0.51
Per reverse position nucleotide content - N position 169,Pass,0.51,0.55375,0.51
Per reverse position nucleotide content - N position 170,Pass,0.5050000000000001,0.5372058823529411,0.505
Per reverse position nucleotide content - N position 171,Pass,0.5000000000000001,0.5225,0.5
Per reverse position nucleotide content - N position 172,Pass,0.5000000000000001,0.5225,0.5
Per reverse position nucleotide content - N position 173,Pass,0.505,0.5381578947368421,0.505
Per reverse position nucleotide content - N position 174,Pass,0.505,0.5381578947368421,0.505
Per reverse position nucleotide content - N position 175,Pass,0.5100000000000001,0.5525000000000001,0.51
Per reverse position nucleotide content - N position 176,Pass,0.52,0.5779545454545454,0.52
Per reverse position nucleotide content - N position 177,Pass,0.52,0.5779545454545454,0.52
Per reverse position nucleotide content - N position 178,Pass,0.52,0.5779545454545454,0.52
Per reverse position nucleotide content - N position 179,Pass,0.5149999999999999,0.5651086956521738,0.515
Per reverse position nucleotide content - N position 180,Pass,0.5149999999999999,0.5651086956521738,0.515
Per reverse position nucleotide content - N position 181,Pass,0.5,0.7175,0.5
Per reverse position nucleotide content - N position 182,Pass,0.5049999999999999,0.7164619883040937,0.505
Per reverse position nucleotide content - N position 183,Pass,0.51,0.7179411764705883,0.51
Per reverse position nucleotide content - N position 184,Pass,0.5050000000000001,0.7139792899408285,0.505
Per reverse position nucleotide content - N position 185,Pass,0.5050000000000001,0.7139792899408285,0.505
Per reverse position nucleotide content - N position 186,Pass,0.515,0.7121012269938649,0.515
Per reverse position nucleotide content - N position 187,Pass,0.515,0.7121012269938649,0.515
Per reverse position nucleotide content - N position 188,Pass,0.515,0.7121012269938649,0.515
Per reverse position nucleotide content - N position 189,Pass,0.515,0.7121012269938649,0.515
Per reverse position nucleotide content - N position 190,Pass,0.51,0.7080864197530865,0.51
Per reverse position nucleotide content - N position 191,Pass,0.51,0.705625,0.51
Per reverse position nucleotide content - N position 192,Pass,0.5,0.5525,0.5
Per reverse position nucleotide content - N position 193,Pass,0.5,0.5575,0.5
Per reverse position nucleotide content - N position 194,Pass,0.5,0.56,0.5
Per reverse position nucleotide content - N position 195,Pass,0.505,0.5676020408163265,0.505
Per reverse position nucleotide content - N position 196,Pass,0.51,0.5771153846153846,0.51
Per reverse position nucleotide content - N position 197,Pass,0.515,0.5902118644067795,0.515
Per reverse position nucleotide content - N position 198,Pass,0.5049999999999999,0.5911231884057971,0.505
Per reverse position nucleotide content - N position 199,Pass,0.5049999999999999,0.5935211267605633,0.505
Per reverse position nucleotide content - N position 200,Pass,0.515,0.6074999999999999,0.515
Per reverse position nucleotide content - N,Pass,0.54,0.755,0.54
Per reverse position nucleotide content - T position 1,Pass,0.5249999999999999,0.5875,0.525
Per reverse position nucleotide content - T position 2,Pass,0.525,0.5862837837837838,0.525
Per reverse position nucleotide content - T position 3,Pass,0.5399999999999999,0.6101190476190477,0.54
Per reverse position nucleotide content - T position 4,Pass,0.5650000000000001,0.6455813953488373,0.565
Per reverse position nucleotide content - T position 5,Pass,0.5049999999999999,0.5500757575757576,0.505
Per reverse position nucleotide content - T position 6,Pass,0.5399999999999999,0.6101315789473684,0.54
Per reverse position nucleotide content - T position 7,Pass,0.505,0.5564102564102564,0.505
Per reverse position nucleotide content - T position 8,Pass,0.525,0.5870512820512821,0.525
Per reverse position nucleotide content - T position 9,Pass,0.55,0.6243181818181819,0.55
Per reverse position nucleotide content - T position 10,Pass,0.5549999999999999,0.6330128205128205,0.555
Per reverse position nucleotide content - T position 11,Pass,0.5800000000000001,0.6659090909090908,0.58
Per reverse position nucleotide content - T position 12,Pass,0.5149999999999999,0.5702702702702703,0.515
Per reverse position nucleotide content - T position 13,Pass,0.565,0.6447222222222222,0.565
Per reverse position nucleotide content - T position 14,Pass,0.53,0.6058620689655172,0.53
Per reverse position nucleotide content - T position 15,Pass,0.55,0.625,0.55
Per reverse position nucleotide content - T position 16,Pass,0.515,0.5784574468085106,0.515
Per reverse position nucleotide content - T position 17,Pass,0.505,0.5585975609756098,0.505
Per reverse position nucleotide content - T position 18,Pass,0.5350000000000001,0.6038888888888888,0.535
Per reverse position nucleotide content - T position 19,Pass,0.515,0.5861363636363637,0.515
Per reverse position nucleotide content - T position 20,Pass,0.525,0.5994298245614034,0.525
Per reverse position nucleotide content - T position 21,Pass,0.51,0.575,0.51
Per reverse position nucleotide content - T position 22,Pass,0.55,0.6243181818181819,0.55
Per reverse position nucleotide content - T position 23,Pass,0.5,0.56,0.5
Per reverse position nucleotide content - T position 24,Pass,0.505,0.5722169811320755,0.505
Per reverse position nucleotide content - T position 25,Pass,0.505,0.5608139534883722,0.505
Per reverse position nucleotide content - T position 26,Pass,0.56,0.6392241379310344,0.56
Per reverse position nucleotide content - T position 27,Pass,0.55,0.6245833333333333,0.55
Per reverse position nucleotide content - T position 28,Pass,0.535,0.6080188679245282,0.535
Per reverse position nucleotide content - T position 29,Pass,0.57,0.6503448275862069,0.57
Per reverse position nucleotide content - T position 30,Pass,0.5149999999999999,0.6999019607843138,0.515
Per reverse position nucleotide content - T position 31,Pass,0.5299999999999999,0.595,0.53
Per reverse position nucleotide content - T position 32,Pass,0.555,0.6310106382978724,0.555
Per reverse position nucleotide content - T position 33,Pass,0.5,0.555,0.5
Per reverse position nucleotide content - T position 34,Pass,0.5650000000000001,0.6438207547169812,0.565
Per reverse position nucleotide content - T position 35,Pass,0.525,0.5902777777777778,0.525
Per reverse position nucleotide content - T position 36,Pass,0.525,0.7080645161290322,0.525
Per reverse position nucleotide content - T position 37,Pass,0.56,0.6375,0.56
Per reverse position nucleotide content - T position 38,Pass,0.525,0.5945098039215686,0.525
Per reverse position nucleotide content - T position 39,Pass,0.51,0.7080864197530865,0.51
Per reverse position nucleotide content - T position 40,Pass,0.5800000000000001,0.6619230769230768,0.58
Per reverse position nucleotide content - T position 41,Pass,0.59,0.6733333333333333,0.59
Per reverse position nucleotide content - T position 42,Pass,0.545,0.6175,0.545
Per reverse position nucleotide content - T position 43,Pass,0.505,0.5608139534883722,0.505
Per reverse position nucleotide content - T position 44,Pass,0.52,0.5827272727272728,0.52
Per reverse position nucleotide content - T position 45,Pass,0.51,0.575,0.51
Per reverse position nucleotide content - T position 46,Pass,0.5700000000000001,0.6510869565217391,0.57
Per reverse position nucleotide content - T position 47,Pass,0.5650000000000001,0.6438207547169812,0.565
Per reverse position nucleotide content - T position 48,Warning,0.65,0.7346874999999999,0.65
Per reverse position nucleotide content - T position 49,Pass,0.525,0.5915957446808511,0.525
Per reverse position nucleotide content - T position 50,Pass,0.525,0.5902777777777778,0.525
Per reverse position nucleotide content - T position 51,Pass,0.55,0.6255769230769231,0.55
Per reverse position nucleotide content - T position 52,Pass,0.505,0.6990923566878982,0.505
Per reverse position nucleotide content - T position 53,Pass,0.53,0.5976086956521738,0.53
Per reverse position nucleotide content - T position 54,Pass,0.52,0.5875,0.52
Per reverse position nucleotide content - T position 55,Pass,0.5650000000000001,0.6438265306122448,0.565
Per reverse position nucleotide content - T position 56,Pass,0.53,0.6074999999999999,0.53
Per reverse position nucleotide content - T position 57,Pass,0.5300000000000001,0.5965909090909092,0.53
Per reverse position nucleotide content - T position 58,Pass,0.58,0.6644565217391303,0.58
Per reverse position nucleotide content - T position 59,Pass,0.56,0.6385714285714286,0.56
Per reverse position nucleotide content - T position 60,Pass,0.545,0.6219736842105263,0.545
Per reverse position nucleotide content - T position 61,Pass,0.5700000000000001,0.6520454545454546,0.57
Per reverse position nucleotide content - T position 62,Pass,0.51,0.5708695652173914,0.51
Per reverse position nucleotide content - T position 63,Pass,0.5350000000000001,0.6038888888888888,0.535
Per reverse position nucleotide content - T position 64,Pass,0.545,0.6178723404255319,0.545
Per reverse position nucleotide content - T position 65,Pass,0.54,0.6125,0.54
Per reverse position nucleotide content - T position 66,Pass,0.52,0.5910185185185186,0.52
Per reverse position nucleotide content - T position 67,Pass,0.5700000000000001,0.65,0.57
Per reverse position nucleotide content - T position 68,Pass,0.55,0.625,0.55
Per reverse position nucleotide content - T position 69,Pass,0.5700000000000001,0.6520454545454546,0.57
Per reverse position nucleotide content - T position 70,Pass,0.5750000000000001,0.6560294117647059,0.575
Per reverse position nucleotide content - T position 71,Pass,0.55,0.6291666666666668,0.55
Per reverse position nucleotide content - T position 72,Pass,0.5850000000000001,0.6704255319148937,0.585
Per reverse position nucleotide content - T position 73,Pass,0.5599999999999999,0.6389285714285714,0.56
Per reverse position nucleotide content - T position 74,Pass,0.56,0.6375,0.56
Per reverse position nucleotide content - T position 75,Pass,0.545,0.6173780487804879,0.545
Per reverse position nucleotide content - T position 76,Pass,0.575,0.6614634146341465,0.575
Per reverse position nucleotide content - T position 77,Pass,0.56,0.6375,0.56
Per reverse position nucleotide content - T position 78,Pass,0.575,0.6583333333333332,0.575
Per reverse position nucleotide content - T position 79,Pass,0.545,0.6173255813953489,0.545
Per reverse position nucleotide content - T position 80,Pass,0.56,0.6376923076923077,0.56
Per reverse position nucleotide content - T position 81,Pass,0.56,0.6375,0.56
Per reverse position nucleotide content - T position 82,Pass,0.56,0.6376923076923077,0.56
Per reverse position nucleotide content - T position 83,Pass,0.5900000000000001,0.67625,0.59
Per reverse position nucleotide content - T position 84,Pass,0.54,0.6134615384615384,0.54
Per reverse position nucleotide content - T position 85,Pass,0.525,0.5930102040816326,0.525
Per reverse position nucleotide content - T position 86,Pass,0.59,0.6925,0.59
Per reverse position nucleotide content - T position 87,Pass,0.55,0.6243478260869565,0.55
Per reverse position nucleotide content - T position 88,Warning,0.6100000000000001,0.7020833333333332,0.61
Per reverse position nucleotide content - T position 89,Pass,0.5950000000000001,0.6788636363636364,0.595
Per reverse position nucleotide content - T position 90,Warning,0.6150000000000001,0.7052450980392158,0.615
Per reverse position nucleotide content - T position 91,Warning,0.625,0.7263888888888888,0.625
Per reverse position nucleotide content - T position 92,Pass,0.53,0.6027777777777777,0.53
Per reverse position nucleotide content - T position 93,Pass,0.575,0.6583333333333332,0.575
Per reverse position nucleotide content - T position 94,Pass,0.54,0.6109782608695652,0.54
Per reverse position nucleotide content - T position 95,Pass,0.5650000000000001,0.6467682926829269,0.565
Per reverse position nucleotide content - T position 96,Pass,0.6,0.6861538461538461,0.6
Per reverse position nucleotide content - T position 97,Pass,0.55,0.6271428571428572,0.55
Per reverse position nucleotide content - T position 98,Pass,0.505,0.5608139534883722,0.505
Per reverse position nucleotide content - T position 99,Warning,0.61,0.7,0.61
Per reverse position nucleotide content - T position 100,Pass,0.5599999999999999,0.6389285714285714,0.56
Per reverse position nucleotide content - T position 101,Pass,0.5800000000000001,0.6625000000000001,0.58
Per reverse position nucleotide content - T position 102,Pass,0.585,0.6761585365853658,0.585
Per reverse position nucleotide content - T position 103,Pass,0.58,0.6644565217391303,0.58
Per reverse position nucleotide content - T position 104,Pass,0.6,0.6861538461538461,0.6
Per reverse position nucleotide content - T position 105,Pass,0.545,0.6219736842105263,0.545
Per reverse position nucleotide content - T position 106,Pass,0.55,0.6257894736842105,0.55
Per reverse position nucleotide content - T position 107,Pass,0.535,0.606813725490196,0.535
Per reverse position nucleotide content - T position 108,Pass,0.555,0.6360714285714285,0.555
Per reverse position nucleotide content - T position 109,Pass,0.53,0.6013461538461539,0.53
Per reverse position nucleotide content - T position 110,Pass,0.5650000000000001,0.6437254901960784,0.565
Per reverse position nucleotide content - T position 111,Pass,0.5650000000000001,0.6438265306122448,0.565
Per reverse position nucleotide content - T position 112,Pass,0.525,0.5902777777777778,0.525
Per reverse position nucleotide content - T position 113,Pass,0.545,0.6178723404255319,0.545
Per reverse position nucleotide content - T position 114,Pass,0.5800000000000001,0.6659090909090908,0.58
Per reverse position nucleotide content - T position 115,Pass,0.545,0.6173255813953489,0.545
Per reverse position nucleotide content - T position 116,Pass,0.545,0.6231355932203391,0.545
Per reverse position nucleotide content - T position 117,Pass,0.545,0.6175,0.545
Per reverse position nucleotide content - T position 118,Pass,0.5750000000000001,0.655754716981132,0.575
Per reverse position nucleotide content - T position 119,Pass,0.5700000000000001,0.6510869565217391,0.57
Per reverse position nucleotide content - T position 120,Pass,0.56,0.6375,0.56
Per reverse position nucleotide content - T position 121,Pass,0.575,0.6603169014084508,0.575
Per reverse position nucleotide content - T position 122,Warning,0.6150000000000001,0.7098404255319148,0.615
Per reverse position nucleotide content - T position 123,Pass,0.585,0.6692346938775511,0.585
Per reverse position nucleotide content - T position 124,Pass,0.55,0.6262962962962962,0.55
Per reverse position nucleotide content - T position 125,Pass,0.535,0.6031976744186047,0.535
Per reverse position nucleotide content - T position 126,Pass,0.5650000000000001,0.6445175438596491,0.565
Per reverse position nucleotide content - T position 127,Pass,0.54,0.6134615384615384,0.54
Per reverse position nucleotide content - T position 128,Pass,0.58,0.6633333333333332,0.58
Per reverse position nucleotide content - T position 129,Warning,0.6200000000000001,0.7125,0.62
Per reverse position nucleotide content - T position 130,Pass,0.5700000000000001,0.65,0.57
Per reverse position nucleotide content - T position 131,Pass,0.5850000000000001,0.6704255319148937,0.585
Per reverse position nucleotide content - T position 132,Pass,0.56,0.6375,0.56
Per reverse position nucleotide content - T position 133,Pass,0.55,0.6245238095238095,0.55
Per reverse position nucleotide content - T position 134,Pass,0.54,0.6116666666666667,0.54
Per reverse position nucleotide content - T position 135,Pass,0.58,0.6644565217391303,0.58
Per reverse position nucleotide content - T position 136,Warning,0.6149999999999999,0.7073469387755101,0.615
Per reverse position nucleotide content - T position 137,Pass,0.53,0.6000000000000001,0.53
Per reverse position nucleotide content - T position 138,Pass,0.5250000000000001,0.5879878048780488,0.525
Per reverse position nucleotide content - T position 139,Pass,0.5950000000000001,0.6780084745762711,0.595
Per reverse position nucleotide content - T position 140,Pass,0.5,0.555,0.5
Per reverse position nucleotide content - T position 141,Pass,0.505,0.5630555555555555,0.505
Per reverse position nucleotide content - T position 142,Pass,0.5700000000000001,0.65,0.57
Per reverse position nucleotide content - T position 143,Pass,0.5900000000000001,0.6724999999999999,0.59
Per reverse position nucleotide content - T position 144,Pass,0.515,0.5784574468085106,0.515
Per reverse position nucleotide content - T position 145,Pass,0.505,0.5699019607843137,0.505
Per reverse position nucleotide content - T position 146,Pass,0.55,0.625,0.55
Per reverse position nucleotide content - T position 147,Pass,0.5900000000000001,0.67625,0.59
Per reverse position nucleotide content - T position 148,Pass,0.5700000000000001,0.6498148148148148,0.57
Per reverse position nucleotide content - T position 149,Pass,0.5599999999999999,0.64,0.56
Per reverse position nucleotide content - T position 150,Pass,0.52,0.7015789473684211,0.52
Per reverse position nucleotide content - T position 151,Pass,0.5599999999999999,0.6377173913043479,0.56
Per reverse position nucleotide content - T position 152,Pass,0.56,0.6375,0.56
Per reverse position nucleotide content - T position 153,Pass,0.535,0.6093181818181816,0.535
Per reverse position nucleotide content - T position 154,Pass,0.515,0.5861363636363637,0.515
Per reverse position nucleotide content - T position 155,Pass,0.555,0.6332456140350877,0.555
Per reverse position nucleotide content - T position 156,Pass,0.5599999999999999,0.6389285714285714,0.56
Per reverse position nucleotide content - T position 157,Pass,0.5800000000000001,0.6615740740740741,0.58
Per reverse position nucleotide content - T position 158,Pass,0.51,0.565,0.51
Per reverse position nucleotide content - T position 159,Pass,0.505,0.5653191489361702,0.505
Per reverse position nucleotide content - T position 160,Pass,0.54,0.6116666666666667,0.54
Per reverse position nucleotide content - T position 161,Pass,0.52,0.5842391304347826,0.52
Per reverse position nucleotide content - T position 162,Pass,0.515,0.5749418604651163,0.515
Per reverse position nucleotide content - T position 163,Pass,0.5700000000000001,0.65,0.57
Per reverse position nucleotide content - T position 164,Pass,0.53,0.6000000000000001,0.53
Per reverse position nucleotide content - T position 165,Pass,0.545,0.6243852459016392,0.545
Per reverse position nucleotide content - T position 166,Pass,0.5650000000000001,0.6457786885245902,0.565
Per reverse position nucleotide content - T position 167,Pass,0.5700000000000001,0.6510869565217391,0.57
Per reverse position nucleotide content - T position 168,Pass,0.55,0.6243478260869565,0.55
Per reverse position nucleotide content - T position 169,Pass,0.575,0.6565306122448978,0.575
Per reverse position nucleotide content - T position 170,Pass,0.52,0.5858333333333333,0.52
Per reverse position nucleotide content - T position 171,Pass,0.51,0.565,0.51
Per reverse position nucleotide content - T position 172,Pass,0.5700000000000001,0.6498076923076923,0.57
Per reverse position nucleotide content - T position 173,Pass,0.5549999999999999,0.6320731707317073,0.555
Per reverse position nucleotide content - T position 174,Pass,0.505,0.6966129032258065,0.505
Per reverse position nucleotide content - T position 175,Pass,0.535,0.6057142857142856,0.535
Per reverse position nucleotide content - T position 176,Pass,0.53,0.59875,0.53
Per reverse position nucleotide content - T position 177,Pass,0.515,0.7047770700636942,0.515
Per reverse position nucleotide content - T position 178,Pass,0.52,0.5813095238095238,0.52
Per reverse position nucleotide content - T position 179,Pass,0.52,0.5827272727272728,0.52
Per reverse position nucleotide content - T position 180,Pass,0.565,0.6447222222222222,0.565
Per reverse position nucleotide content - T position 181,Pass,0.5249999999999999,0.5853787878787878,0.525
Per reverse position nucleotide content - T position 182,Pass,0.5750000000000001,0.6560294117647059,0.575
Per reverse position nucleotide content - T position 183,Pass,0.54,0.6116666666666667,0.54
Per reverse position nucleotide content - T position 184,Pass,0.5800000000000001,0.6677380952380952,0.58
Per reverse position nucleotide content - T position 185,Pass,0.555,0.6325000000000001,0.555
Per reverse position nucleotide content - T position 186,Pass,0.54,0.6125,0.54
Per reverse position nucleotide content - T position 187,Pass,0.5800000000000001,0.6677380952380952,0.58
Per reverse position nucleotide content - T position 188,Pass,0.515,0.5766666666666665,0.515
Per reverse position nucleotide content - T position 189,Pass,0.58,0.6633333333333332,0.58
Per reverse position nucleotide content - T position 190,Pass,0.505,0.5585975609756098,0.505
Per reverse position nucleotide content - T position 191,Pass,0.54,0.6125,0.54
Per reverse position nucleotide content - T position 192,Pass,0.5700000000000001,0.6498148148148148,0.57
Per reverse position nucleotide content - T position 193,Pass,0.5549999999999999,0.6343243243243244,0.555
Per reverse position nucleotide content - T position 194,Pass,0.5300000000000001,0.5965909090909092,0.53
Per reverse position nucleotide content - T position 195,Pass,0.52,0.5800000000000001,0.52
Per reverse position nucleotide content - T position 196,Pass,0.52,0.5827272727272728,0.52
Per reverse position nucleotide content - T position 197,Pass,0.515,0.5717307692307692,0.515
Per reverse position nucleotide content - T position 198,Pass,0.565,0.6559848484848485,0.565
Per reverse position nucleotide content - T position 199,Pass,0.5299999999999999,0.595,0.53
Per reverse position nucleotide content - T position 200,Pass,0.51,0.5613888888888889,0.51
Per reverse position nucleotide content - T,Warning,0.65,0.7346874999999999,0.65
