Check,Flag,AU-ROC,AU-PR,Accuracy
Unique bases,Pass,,,
Sequence Duplications within Labels,Pass,,,
Duplicate Sequences between Labels,Pass,,,
Sequence lengths,Pass,0.5,0.48641975308641977,0.5135802469135802
Per sequence GC content,Fail,0.7190794611479892,0.7106589022349648,0.6666666666666666
Per sequence nucleotide content,Warning,0.6964564623194065,0.685037680410962,0.6592592592592592
Per sequence dinucleotide content,Fail,0.7356257321358843,0.7373159955359493,0.671604938271605
Per position nucleotide content,Pass,0.5897964662241312,0.7340856931381466,0.5950617283950618
Per reverse position nucleotide content,Pass,0.5897964662241312,0.7340856931381466,0.5950617283950618
Per sequence nucleotide content - A,Warning,0.6636811792268645,0.6842096920342212,0.6172839506172839
Per sequence nucleotide content - C,Warning,0.6668049590003905,0.6676244507142138,0.6271604938271605
Per sequence nucleotide content - G,Warning,0.6964564623194065,0.685037680410962,0.6592592592592592
Per sequence nucleotide content - T,Warning,0.6101742483404919,0.639349693526361,0.6148148148148148
Per sequence dinucleotide content - AA,Warning,0.6563720226474034,0.6653680247936569,0.6271604938271605
Per sequence dinucleotide content - AC,Pass,0.5015008785630612,0.4926329293117605,0.5234567901234568
Per sequence dinucleotide content - AG,Pass,0.5805837563451777,0.5821916255038275,0.5753086419753086
Per sequence dinucleotide content - AT,Fail,0.7356257321358843,0.7373159955359493,0.671604938271605
Per sequence dinucleotide content - CA,Pass,0.5201093322920735,0.5338028485602588,0.5555555555555556
Per sequence dinucleotide content - CC,Warning,0.6655725302616167,0.656987489012899,0.6123456790123457
Per sequence dinucleotide content - CG,Warning,0.6596422295978133,0.6297452230277107,0.6172839506172839
Per sequence dinucleotide content - CT,Warning,0.630015130808278,0.6468819134026065,0.6197530864197531
Per sequence dinucleotide content - GA,Pass,0.5582414096056227,0.5491995535341124,0.5604938271604938
Per sequence dinucleotide content - GC,Warning,0.6904407458024209,0.6698587048493513,0.6469135802469136
Per sequence dinucleotide content - GG,Warning,0.6797637641546271,0.6644448271017214,0.6469135802469136
Per sequence dinucleotide content - GT,Pass,0.5372169074580242,0.555503206828384,0.5506172839506173
Per sequence dinucleotide content - TA,Warning,0.6948213588442014,0.6911334285782725,0.6345679012345679
Per sequence dinucleotide content - TC,Pass,0.5458439086294417,0.5318374213439667,0.5530864197530864
Per sequence dinucleotide content - TG,Pass,0.581364701288559,0.5895431683771845,0.5876543209876544
Per sequence dinucleotide content - TT,Pass,0.5940306520890277,0.6095527018212732,0.6098765432098765
Per position nucleotide content - A position 1,Pass,0.5250146427176884,0.5879409608976298,0.5308641975308642
Per position nucleotide content - A position 2,Pass,0.5124585122998829,0.5719738426485466,0.5185185185185185
Per position nucleotide content - A position 3,Pass,0.5050395353377588,0.6771502678651579,0.5135802469135803
Per position nucleotide content - A position 4,Pass,0.5102499023818821,0.6827950115936581,0.5135802469135803
Per position nucleotide content - A position 5,Pass,0.5272842639593909,0.5892772092856695,0.5333333333333333
Per position nucleotide content - A position 6,Pass,0.5171929910191332,0.6826680962766615,0.5135802469135803
Per position nucleotide content - A position 7,Pass,0.5087734283483014,0.6681926878125249,0.5135802469135803
Per position nucleotide content - A position 8,Pass,0.524746192893401,0.5858823290295372,0.5308641975308642
Per position nucleotide content - A position 9,Pass,0.5030383639203436,0.6803527673692356,0.5135802469135803
Per position nucleotide content - A position 10,Pass,0.5246119679812573,0.5848681059705757,0.5308641975308642
Per position nucleotide content - A position 11,Pass,0.5407677664974619,0.6003390225361093,0.5481481481481482
Per position nucleotide content - A position 12,Pass,0.5310791682936353,0.682787612676811,0.5259259259259259
Per position nucleotide content - A position 13,Pass,0.5334342053885202,0.6036858673068487,0.5382716049382716
Per position nucleotide content - A position 14,Pass,0.559339613432253,0.6265383827143556,0.5654320987654321
Per position nucleotide content - A position 15,Pass,0.5002318430300664,0.6755064260367524,0.5135802469135803
Per position nucleotide content - A position 16,Pass,0.527686938695822,0.5922797284651654,0.5333333333333333
Per position nucleotide content - A position 17,Pass,0.5576068918391254,0.6267422077982117,0.562962962962963
Per position nucleotide content - A position 18,Pass,0.5003050566185084,0.5596843146390709,0.5135802469135803
Per position nucleotide content - A position 19,Pass,0.5390350449043343,0.6003664581572685,0.5456790123456791
Per position nucleotide content - A position 20,Pass,0.5001708317063647,0.5582653824631573,0.5135802469135803
Per position nucleotide content - A position 21,Pass,0.5158019328387349,0.5826340790875478,0.5209876543209877
Per position nucleotide content - A position 22,Pass,0.5124585122998829,0.5719738426485466,0.5185185185185185
Per position nucleotide content - A position 23,Pass,0.509920441233893,0.5684583060217578,0.5160493827160494
Per position nucleotide content - A position 24,Pass,0.5467834830144476,0.6110641097950742,0.5530864197530864
Per position nucleotide content - A position 25,Pass,0.5236845958609918,0.5945152312749605,0.528395061728395
Per position nucleotide content - A position 26,Pass,0.5102499023818821,0.6827950115936581,0.5135802469135803
Per position nucleotide content - A position 27,Pass,0.5198652869972666,0.6861283449269913,0.5135802469135803
Per position nucleotide content - A position 28,Pass,0.527686938695822,0.5922797284651654,0.5333333333333333
Per position nucleotide content - A position 29,Pass,0.5576068918391254,0.6267422077982117,0.562962962962963
Per position nucleotide content - A position 30,Pass,0.529688110113237,0.591690336698797,0.5358024691358024
Per position nucleotide content - A position 31,Pass,0.5203411753221397,0.5845312744387094,0.5259259259259259
Per position nucleotide content - A position 32,Pass,0.5451849863334635,0.612839827283759,0.5506172839506173
Per position nucleotide content - A position 33,Pass,0.5076508199921905,0.5675095569342609,0.5135802469135803
Per position nucleotide content - A position 34,Pass,0.5056496485747755,0.5693539507260473,0.5135802469135803
Per position nucleotide content - A position 35,Pass,0.5251488676298322,0.5889843377153021,0.5308641975308642
Per position nucleotide content - A position 36,Pass,0.5429641741507224,0.6861949992442926,0.5382716049382716
Per position nucleotide content - A position 37,Pass,0.5047710855134713,0.6744738428018451,0.5135802469135803
Per position nucleotide content - A position 38,Pass,0.5275527137836783,0.591268452068382,0.5333333333333333
Per position nucleotide content - A position 39,Pass,0.5203411753221397,0.5845312744387094,0.5259259259259259
Per position nucleotide content - A position 40,Pass,0.51526503319016,0.5778303228387831,0.5209876543209877
Per position nucleotide content - A position 41,Pass,0.526747364310816,0.5854368230002748,0.5333333333333333
Per position nucleotide content - A position 42,Pass,0.5149233697774307,0.6831356525730468,0.5135802469135803
Per position nucleotide content - A position 43,Pass,0.5290779968762203,0.6857143389292291,0.5234567901234568
Per position nucleotide content - A position 44,Pass,0.5081877196407653,0.572723569593282,0.5135802469135803
Per position nucleotide content - A position 45,Pass,0.5051127489262006,0.5639936643889746,0.5135802469135803
Per position nucleotide content - A position 46,Pass,0.5077850449043342,0.5688130600990161,0.5135802469135803
Per position nucleotide content - A position 47,Pass,0.5374365482233503,0.6024961480530651,0.5432098765432098
Per position nucleotide content - A position 48,Pass,0.5028431276844983,0.5631992121066747,0.5135802469135803
Per position nucleotide content - A position 49,Pass,0.5175346544318625,0.5788884930883329,0.5234567901234568
Per position nucleotide content - A position 50,Pass,0.5311645841468177,0.6026758944739175,0.5358024691358024
Per position nucleotide content - A position 51,Pass,0.5509322530261617,0.622927501117901,0.5555555555555556
Per position nucleotide content - A position 52,Pass,0.5483941819601718,0.6199721410381309,0.5530864197530864
Per position nucleotide content - A position 53,Pass,0.5320187426786411,0.6916980596958421,0.5259259259259259
Per position nucleotide content - A position 54,Pass,0.506503807106599,0.668644914702926,0.5135802469135803
Per position nucleotide content - A position 55,Pass,0.5417073408824679,0.604438934353055,0.5481481481481482
Per position nucleotide content - A position 56,Pass,0.5182057789925811,0.5846985952165801,0.5234567901234568
Per position nucleotide content - A position 57,Pass,0.5421100156188988,0.6065805759227926,0.5481481481481482
Per position nucleotide content - A position 58,Pass,0.5049785240140571,0.5626502983524979,0.5135802469135803
Per position nucleotide content - A position 59,Pass,0.5119216126513081,0.567103236582932,0.5185185185185185
Per position nucleotide content - A position 60,Pass,0.5085903943771964,0.5766340790875478,0.5135802469135803
Per position nucleotide content - A position 61,Pass,0.5521280749707145,0.6187147696275848,0.5580246913580247
Per position nucleotide content - A position 62,Pass,0.5499926786411558,0.6175623774608547,0.5555555555555556
Per position nucleotide content - A position 63,Pass,0.5172662046075752,0.5766004660251699,0.5234567901234568
Per position nucleotide content - A position 64,Pass,0.5395719445529089,0.6033063520373165,0.5456790123456791
Per position nucleotide content - A position 65,Pass,0.5275527137836783,0.591268452068382,0.5333333333333333
Per position nucleotide content - A position 66,Pass,0.5278211636079657,0.5933007457542144,0.5333333333333333
Per position nucleotide content - A position 67,Pass,0.5075776064037485,0.6793125843887264,0.5135802469135803
Per position nucleotide content - A position 68,Pass,0.5203411753221397,0.5845312744387094,0.5259259259259259
Per position nucleotide content - A position 69,Pass,0.5228792463881297,0.5878305759227925,0.528395061728395
Per position nucleotide content - A position 70,Pass,0.5103231159703241,0.5722533154005236,0.5160493827160494
Per position nucleotide content - A position 71,Pass,0.5077850449043342,0.5688130600990161,0.5135802469135803
Per position nucleotide content - A position 72,Pass,0.5304934595860992,0.5975337683438877,0.5358024691358024
Per position nucleotide content - A position 73,Pass,0.5222081218274112,0.5824494237353798,0.528395061728395
Per position nucleotide content - A position 74,Pass,0.5071139203436158,0.5622955442752398,0.5135802469135803
Per position nucleotide content - A position 75,Pass,0.5302250097618119,0.5955416421127578,0.5358024691358024
Per position nucleotide content - A position 76,Pass,0.5055154236626318,0.568015722927637,0.5135802469135803
Per position nucleotide content - A position 77,Pass,0.5028431276844983,0.5631992121066747,0.5135802469135803
Per position nucleotide content - A position 78,Pass,0.5180715540804374,0.583527297234268,0.5234567901234568
Per position nucleotide content - A position 79,Pass,0.5479915072237408,0.6175046329868665,0.5530864197530864
Per position nucleotide content - A position 80,Pass,0.5358380515423662,0.6057729275334438,0.5407407407407407
Per position nucleotide content - A position 81,Pass,0.5023672393596252,0.6736381328574811,0.5135802469135803
Per position nucleotide content - A position 82,Pass,0.5018303397110504,0.6682564655670008,0.5135802469135803
Per position nucleotide content - A position 83,Pass,0.5096519914096056,0.5659354960381258,0.5160493827160494
Per position nucleotide content - A position 84,Pass,0.5122510737992971,0.6796581084702681,0.5135802469135803
Per position nucleotide content - A position 85,Pass,0.5320919562670832,0.5941473391557994,0.5382716049382716
Per position nucleotide content - A position 86,Pass,0.5175346544318625,0.5788884930883329,0.5234567901234568
Per position nucleotide content - A position 87,Pass,0.5519938500585709,0.6181161536808745,0.5580246913580247
Per position nucleotide content - A position 88,Pass,0.5350327020695042,0.6001383525918214,0.5407407407407407
Per position nucleotide content - A position 89,Pass,0.5023062280359235,0.55766591464561,0.5135802469135803
Per position nucleotide content - A position 90,Pass,0.5108600156188988,0.5773305759227926,0.5160493827160494
Per position nucleotide content - A position 91,Pass,0.5199385005857087,0.5811785101664263,0.5259259259259259
Per position nucleotide content - A position 92,Pass,0.5322261811792268,0.5950449981647106,0.5382716049382716
Per position nucleotide content - A position 93,Pass,0.5101888910581804,0.5709869731424944,0.5160493827160494
Per position nucleotide content - A position 94,Pass,0.5153992581023037,0.5790260906016853,0.5209876543209877
Per position nucleotide content - A position 95,Pass,0.5171319796954315,0.5754653130287648,0.5234567901234568
Per position nucleotide content - A position 96,Pass,0.5148623584537291,0.5742663136910175,0.5209876543209877
Per position nucleotide content - A position 97,Pass,0.5098472276454511,0.6788164748885078,0.5135802469135803
Per position nucleotide content - A position 98,Pass,0.5088588442014838,0.5792410854170584,0.5135802469135803
Per position nucleotide content - A position 99,Pass,0.502977352596642,0.5645757719634229,0.5135802469135803
Per position nucleotide content - A position 100,Pass,0.5005735064427957,0.5625105390906128,0.5135802469135803
Per position nucleotide content - A position 101,Pass,0.5331657555642327,0.6016893615878387,0.5382716049382716
Per position nucleotide content - A position 102,Pass,0.5159361577508785,0.5838430940633267,0.5209876543209877
Per position nucleotide content - A position 103,Pass,0.5475888324873096,0.6151814250799024,0.5530864197530864
Per position nucleotide content - A position 104,Pass,0.5582658141351035,0.6240762179937529,0.5654320987654321
Per position nucleotide content - A position 105,Pass,0.5282238383443967,0.5964176044548295,0.5333333333333333
Per position nucleotide content - A position 106,Pass,0.5042341858648965,0.6691151263033487,0.5135802469135803
Per position nucleotide content - A position 107,Pass,0.5175346544318625,0.5788884930883329,0.5234567901234568
Per position nucleotide content - A position 108,Pass,0.5275527137836783,0.591268452068382,0.5333333333333333
Per position nucleotide content - A position 109,Pass,0.5079802811401796,0.6833064355504924,0.5135802469135803
Per position nucleotide content - A position 110,Pass,0.5174004295197189,0.5777416315275876,0.5234567901234568
Per position nucleotide content - A position 111,Pass,0.5121168488871535,0.6783370126803413,0.5135802469135803
Per position nucleotide content - A position 112,Pass,0.5178031042561498,0.5811981458644684,0.5234567901234568
Per position nucleotide content - A position 113,Pass,0.5102499023818821,0.6827950115936581,0.5135802469135803
Per position nucleotide content - A position 114,Pass,0.5148623584537291,0.5742663136910175,0.5209876543209877
Per position nucleotide content - A position 115,Pass,0.5447823115970324,0.610546277904477,0.5506172839506173
Per position nucleotide content - A position 116,Pass,0.5438549394767669,0.6176384359051909,0.5481481481481482
Per position nucleotide content - A position 117,Pass,0.522745021475986,0.5867389371648168,0.528395061728395
Per position nucleotide content - A position 118,Pass,0.5278211636079657,0.5933007457542144,0.5333333333333333
Per position nucleotide content - A position 119,Pass,0.5051127489262006,0.5639936643889746,0.5135802469135803
Per position nucleotide content - A position 120,Pass,0.5268083756345178,0.6861164943068233,0.5209876543209877
Per position nucleotide content - A position 121,Pass,0.5394377196407653,0.6025400833547498,0.5456790123456791
Per position nucleotide content - A position 122,Pass,0.524672979304959,0.6878290251991002,0.5185185185185185
Per position nucleotide content - A position 123,Pass,0.5023672393596252,0.6736381328574811,0.5135802469135803
Per position nucleotide content - A position 124,Pass,0.5298223350253807,0.5926350740180607,0.5358024691358024
Per position nucleotide content - A position 125,Pass,0.5097862163217494,0.5671961285864016,0.5160493827160494
Per position nucleotide content - A position 126,Pass,0.5318235064427957,0.5923979657593935,0.5382716049382716
Per position nucleotide content - A position 127,Pass,0.5174614408434206,0.6852865940852405,0.5135802469135803
Per position nucleotide content - A position 128,Pass,0.5004880905896134,0.6547580112117353,0.5135802469135803
Per position nucleotide content - A position 129,Pass,0.5592053885201093,0.626102719866982,0.5654320987654321
Per position nucleotide content - A position 130,Pass,0.5340199140960562,0.688766093842236,0.528395061728395
Per position nucleotide content - A position 131,Pass,0.5096519914096056,0.5659354960381258,0.5160493827160494
Per position nucleotide content - A position 132,Pass,0.5056496485747755,0.5693539507260473,0.5135802469135803
Per position nucleotide content - A position 133,Pass,0.5580095665755564,0.6287316107351006,0.562962962962963
Per position nucleotide content - A position 134,Pass,0.526747364310816,0.5854368230002748,0.5333333333333333
Per position nucleotide content - A position 135,Pass,0.5515911753221397,0.6164799029467164,0.5580246913580247
Per position nucleotide content - A position 136,Pass,0.5572042171026942,0.624951540022431,0.562962962962963
Per position nucleotide content - A position 137,Pass,0.5068454705193284,0.5596885379457291,0.5135802469135803
Per position nucleotide content - A position 138,Pass,0.5146549199531434,0.6805055066656023,0.5135802469135803
Per position nucleotide content - A position 139,Pass,0.5724326434986333,0.6429477992596908,0.5777777777777777
Per position nucleotide content - A position 140,Pass,0.5050395353377588,0.6771502678651579,0.5135802469135803
Per position nucleotide content - A position 141,Pass,0.5199995119094103,0.6874318480917465,0.5135802469135803
Per position nucleotide content - A position 142,Pass,0.5188647012885591,0.5725751358838734,0.5259259259259259
Per position nucleotide content - A position 143,Pass,0.5200727254978524,0.582289631645918,0.5259259259259259
Per position nucleotide content - A position 144,Pass,0.516204607575166,0.5862697794215083,0.5209876543209877
Per position nucleotide content - A position 145,Pass,0.54251269035533,0.6089021023662109,0.5481481481481482
Per position nucleotide content - A position 146,Pass,0.5163876415462709,0.6748106398936465,0.5135802469135803
Per position nucleotide content - A position 147,Pass,0.5200727254978524,0.582289631645918,0.5259259259259259
Per position nucleotide content - A position 148,Pass,0.5399746192893401,0.6057153600300809,0.5456790123456791
Per position nucleotide content - A position 149,Pass,0.5083707536118705,0.6642028300321821,0.5135802469135803
Per position nucleotide content - A position 150,Pass,0.5005735064427957,0.5625105390906128,0.5135802469135803
Per position nucleotide content - A position 151,Pass,0.5419757907067552,0.605845254576219,0.5481481481481482
Per position nucleotide content - A position 152,Pass,0.5149965833658727,0.575450228240609,0.5209876543209877
Per position nucleotide content - A position 153,Pass,0.5075776064037485,0.6793125843887264,0.5135802469135803
Per position nucleotide content - A position 154,Pass,0.5215369972666928,0.5772955442752397,0.528395061728395
Per position nucleotide content - A position 155,Pass,0.5020987895353377,0.670948459451905,0.5135802469135803
Per position nucleotide content - A position 156,Pass,0.5662827020695042,0.6343263867798554,0.5728395061728395
Per position nucleotide content - A position 157,Pass,0.5341541390081999,0.6900331750955693,0.528395061728395
Per position nucleotide content - A position 158,Pass,0.5045758492776259,0.558611088729532,0.5135802469135803
Per position nucleotide content - A position 159,Pass,0.5405115189379149,0.6091515949113242,0.5456790123456791
Per position nucleotide content - A position 160,Pass,0.5511885005857087,0.6151165632637714,0.5580246913580247
Per position nucleotide content - A position 161,Pass,0.5131296368606013,0.5781254334137749,0.5185185185185185
Per position nucleotide content - A position 162,Pass,0.5549345958609918,0.6230675612978789,0.5604938271604938
Per position nucleotide content - A position 163,Pass,0.5373023233112065,0.6016463653964768,0.5432098765432098
Per position nucleotide content - A position 164,Pass,0.534630027333073,0.5974983443680568,0.5407407407407407
Per position nucleotide content - A position 165,Pass,0.5196700507614214,0.5789774468425177,0.5259259259259259
Per position nucleotide content - A position 166,Pass,0.5351669269816478,0.601046825949782,0.5407407407407407
Per position nucleotide content - A position 167,Pass,0.5304934595860992,0.5975337683438877,0.5358024691358024
Per position nucleotide content - A position 168,Pass,0.5405115189379149,0.6091515949113242,0.5456790123456791
Per position nucleotide content - A position 169,Pass,0.5097130027333073,0.6774896747337236,0.5135802469135803
Per position nucleotide content - A position 170,Pass,0.5087246192893401,0.5779375822523031,0.5135802469135803
Per position nucleotide content - A position 171,Pass,0.5142034361577509,0.5880782864818767,0.5185185185185185
Per position nucleotide content - A position 172,Pass,0.5389008199921906,0.599687774756043,0.5456790123456791
Per position nucleotide content - A position 173,Pass,0.5525307497071457,0.6206515949113242,0.5580246913580247
Per position nucleotide content - A position 174,Pass,0.54251269035533,0.6089021023662109,0.5481481481481482
Per position nucleotide content - A position 175,Pass,0.5461245607184694,0.6187503916776337,0.5506172839506173
Per position nucleotide content - A position 176,Pass,0.5332999804763764,0.6026828449113242,0.5382716049382716
Per position nucleotide content - A position 177,Pass,0.5514569504099961,0.6159928003625128,0.5580246913580247
Per position nucleotide content - A position 178,Pass,0.5037827020695042,0.5727879252413939,0.5135802469135803
Per position nucleotide content - A position 179,Pass,0.5331657555642327,0.6016893615878387,0.5382716049382716
Per position nucleotide content - A position 180,Pass,0.5103231159703241,0.5722533154005236,0.5160493827160494
Per position nucleotide content - A position 181,Pass,0.5423784654431862,0.6081099960454065,0.5481481481481482
Per position nucleotide content - A position 182,Pass,0.519401600937134,0.5768073125095121,0.5259259259259259
Per position nucleotide content - A position 183,Pass,0.5180715540804374,0.583527297234268,0.5234567901234568
Per position nucleotide content - A position 184,Pass,0.5179373291682937,0.5823604060913705,0.5234567901234568
Per position nucleotide content - A position 185,Pass,0.5319577313549394,0.5932647114119196,0.5382716049382716
Per position nucleotide content - A position 186,Pass,0.5149233697774307,0.6831356525730468,0.5135802469135803
Per position nucleotide content - A position 187,Pass,0.534630027333073,0.5974983443680568,0.5407407407407407
Per position nucleotide content - A position 188,Pass,0.5521280749707145,0.6187147696275848,0.5580246913580247
Per position nucleotide content - A position 189,Pass,0.564281530652089,0.6323463903836155,0.5703703703703704
Per position nucleotide content - A position 190,Pass,0.5245387543928153,0.6865371705293593,0.5185185185185185
Per position nucleotide content - A position 191,Pass,0.5196700507614214,0.5789774468425177,0.5259259259259259
Per position nucleotide content - A position 192,Pass,0.5138007614213198,0.5843324673696925,0.5185185185185185
Per position nucleotide content - A position 193,Pass,0.519804275673565,0.5800743213602775,0.5259259259259259
Per position nucleotide content - A position 194,Pass,0.5283580632565404,0.5974730917465689,0.5333333333333333
Per position nucleotide content - A position 195,Pass,0.5060523233112065,0.5733620719857847,0.5135802469135803
Per position nucleotide content - A position 196,Pass,0.5104573408824679,0.5735209067646612,0.5160493827160494
Per position nucleotide content - A position 197,Pass,0.5158019328387349,0.5826340790875478,0.5209876543209877
Per position nucleotide content - A position 198,Pass,0.509920441233893,0.5684583060217578,0.5160493827160494
Per position nucleotide content - A position 199,Pass,0.5250146427176884,0.5879409608976298,0.5308641975308642
Per position nucleotide content - A position 200,Pass,0.5897964662241312,0.661956294125829,0.5950617283950618
Per position nucleotide content - A position 201,Pass,0.5399746192893401,0.6057153600300809,0.5456790123456791
Per position nucleotide content - A position 202,Pass,0.5350327020695042,0.6001383525918214,0.5407407407407407
Per position nucleotide content - A position 203,Pass,0.529688110113237,0.591690336698797,0.5358024691358024
Per position nucleotide content - A position 204,Pass,0.522745021475986,0.5867389371648168,0.528395061728395
Per position nucleotide content - A position 205,Pass,0.5317502928543537,0.689150101277807,0.5259259259259259
Per position nucleotide content - A position 206,Pass,0.5324946310035142,0.5968823000607236,0.5382716049382716
Per position nucleotide content - A position 207,Pass,0.5173272159312767,0.6839773841351173,0.5135802469135803
Per position nucleotide content - A position 208,Pass,0.5074433814916048,0.6779805472971323,0.5135802469135803
Per position nucleotide content - A position 209,Pass,0.5525307497071457,0.6206515949113242,0.5580246913580247
Per position nucleotide content - A position 210,Pass,0.529688110113237,0.591690336698797,0.5358024691358024
Per position nucleotide content - A position 211,Pass,0.5153992581023037,0.5790260906016853,0.5209876543209877
Per position nucleotide content - A position 212,Pass,0.5612065599375244,0.6279486413854882,0.5679012345679012
Per position nucleotide content - A position 213,Pass,0.5228792463881297,0.5878305759227925,0.528395061728395
Per position nucleotide content - A position 214,Pass,0.5064427957828973,0.5557780284514633,0.5135802469135803
Per position nucleotide content - A position 215,Pass,0.5095177664974619,0.5646764966561921,0.5160493827160494
Per position nucleotide content - A position 216,Pass,0.5052469738383444,0.5653356438907826,0.5135802469135803
Per position nucleotide content - A position 217,Pass,0.5471861577508785,0.6130253015505487,0.5530864197530864
Per position nucleotide content - A position 218,Pass,0.5738969152674737,0.6436287007313464,0.5802469135802469
Per position nucleotide content - A position 219,Pass,0.503380027333073,0.5686913115287658,0.5135802469135803
Per position nucleotide content - A position 220,Pass,0.5485284068723154,0.6208233601685126,0.5530864197530864
Per position nucleotide content - A position 221,Pass,0.5175346544318625,0.5788884930883329,0.5234567901234568
Per position nucleotide content - A position 222,Pass,0.5526649746192893,0.6213403439777189,0.5580246913580247
Per position nucleotide content - A position 223,Pass,0.5373023233112065,0.6016463653964768,0.5432098765432098
Per position nucleotide content - A position 224,Pass,0.5014276649746193,0.6642139055162362,0.5135802469135803
Per position nucleotide content - A position 225,Pass,0.5179373291682937,0.5823604060913705,0.5234567901234568
Per position nucleotide content - A position 226,Pass,0.5149965833658727,0.575450228240609,0.5209876543209877
Per position nucleotide content - A position 227,Pass,0.5174614408434206,0.6852865940852405,0.5135802469135803
Per position nucleotide content - A position 228,Pass,0.5056984576337369,0.660625454142208,0.5135802469135803
Per position nucleotide content - A position 229,Pass,0.5323604060913706,0.5959568973194407,0.5382716049382716
Per position nucleotide content - A position 230,Pass,0.5059180983990629,0.5720270727580372,0.5135802469135803
Per position nucleotide content - A position 231,Pass,0.5742995900039047,0.6441896113504157,0.5802469135802469
Per position nucleotide content - A position 232,Pass,0.5076508199921905,0.5675095569342609,0.5135802469135803
Per position nucleotide content - A position 233,Pass,0.5302250097618119,0.5955416421127578,0.5358024691358024
Per position nucleotide content - A position 234,Pass,0.5300907848496681,0.5945613451535617,0.5358024691358024
Per position nucleotide content - A position 235,Pass,0.5108600156188988,0.5773305759227926,0.5160493827160494
Per position nucleotide content - A position 236,Pass,0.5395719445529089,0.6033063520373165,0.5456790123456791
Per position nucleotide content - A position 237,Pass,0.5303592346739555,0.5965326235746171,0.5358024691358024
Per position nucleotide content - A position 238,Pass,0.5028431276844983,0.5631992121066747,0.5135802469135803
Per position nucleotide content - A position 239,Pass,0.5100546661460368,0.5697219463147918,0.5160493827160494
Per position nucleotide content - A position 240,Pass,0.5123242873877392,0.5707515083149601,0.5185185185185185
Per position nucleotide content - A position 241,Pass,0.5457218859820383,0.6161318718474504,0.5506172839506173
Per position nucleotide content - A position 242,Pass,0.5023672393596252,0.6736381328574811,0.5135802469135803
Per position nucleotide content - A position 243,Pass,0.5025014642717689,0.6749821288781397,0.5135802469135803
Per position nucleotide content - A position 244,Pass,0.5350327020695042,0.6001383525918214,0.5407407407407407
Per position nucleotide content - A position 245,Pass,0.534630027333073,0.5974983443680568,0.5407407407407407
Per position nucleotide content - A position 246,Pass,0.5127269621241702,0.5744269080913577,0.5185185185185185
Per position nucleotide content - A position 247,Pass,0.5415731159703241,0.6037704094176176,0.5481481481481482
Per position nucleotide content - A position 248,Pass,0.5228792463881297,0.5878305759227925,0.528395061728395
Per position nucleotide content - A position 249,Pass,0.5489188793440063,0.6126822023508568,0.5555555555555556
Per position nucleotide content - A position 250,Pass,0.5232087075361187,0.6960619285689513,0.5160493827160494
Per position nucleotide content - A position 251,Pass,0.5382418976962124,0.6078925980760795,0.5432098765432098
Per position nucleotide content - A position 252,Pass,0.5271500390472471,0.5882983814455897,0.5333333333333333
Per position nucleotide content - A position 253,Pass,0.5025746778602109,0.5604382648904644,0.5135802469135803
Per position nucleotide content - A position 254,Pass,0.5258688012495119,0.6771240891714665,0.5209876543209877
Per position nucleotide content - A position 255,Pass,0.5089076532604452,0.66952188470801,0.5135802469135803
Per position nucleotide content - A position 256,Pass,0.5125927372120266,0.5731990250112968,0.5185185185185185
Per position nucleotide content - A position 257,Pass,0.541170441233893,0.6019203394837913,0.5481481481481482
Per position nucleotide content - A position 258,Pass,0.5207438500585708,0.5879375822523031,0.5259259259259259
Per position nucleotide content - A position 259,Pass,0.5125927372120266,0.5731990250112968,0.5185185185185185
Per position nucleotide content - A position 260,Pass,0.5207926591175323,0.6727055610304341,0.5160493827160494
Per position nucleotide content - A position 261,Pass,0.5318235064427957,0.5923979657593935,0.5382716049382716
Per position nucleotide content - A position 262,Pass,0.5322261811792268,0.5950449981647106,0.5382716049382716
Per position nucleotide content - A position 263,Pass,0.501378855915658,0.5709088882478531,0.5135802469135803
Per position nucleotide content - A position 264,Pass,0.5401088442014838,0.6065520097868062,0.5456790123456791
Per position nucleotide content - A position 265,Pass,0.5546661460367044,0.6218489364079005,0.5604938271604938
Per position nucleotide content - A position 266,Pass,0.5650868801249511,0.6351135750500201,0.5703703703703704
Per position nucleotide content - A position 267,Pass,0.502977352596642,0.5645757719634229,0.5135802469135803
Per position nucleotide content - A position 268,Pass,0.5127269621241702,0.5744269080913577,0.5185185185185185
Per position nucleotide content - A position 269,Pass,0.5543976962124171,0.6207303750450959,0.5604938271604938
Per position nucleotide content - A position 270,Pass,0.504502635689184,0.6717954894403709,0.5135802469135803
Per position nucleotide content - A position 271,Pass,0.5453192112456072,0.613639399789373,0.5506172839506173
Per position nucleotide content - A position 272,Pass,0.5304934595860992,0.5975337683438877,0.5358024691358024
Per position nucleotide content - A position 273,Pass,0.5230134713002734,0.5889291610547609,0.528395061728395
Per position nucleotide content - A position 274,Pass,0.5200727254978524,0.582289631645918,0.5259259259259259
Per position nucleotide content - A position 275,Pass,0.5049907262787973,0.5849872291919669,0.5135802469135803
Per position nucleotide content - A position 276,Pass,0.5664169269816478,0.6345413558372088,0.5728395061728395
Per position nucleotide content - A position 277,Pass,0.5167293049590004,0.5720994658438672,0.5234567901234568
Per position nucleotide content - A position 278,Pass,0.5491873291682937,0.6137466989262614,0.5555555555555556
Per position nucleotide content - A position 279,Pass,0.5009029675907849,0.6822418447629952,0.5135802469135803
Per position nucleotide content - A position 280,Pass,0.503380027333073,0.5686913115287658,0.5135802469135803
Per position nucleotide content - A position 281,Pass,0.5049053104256149,0.6758122914516437,0.5135802469135803
Per position nucleotide content - A position 282,Pass,0.5223423467395548,0.5835094204066286,0.528395061728395
Per position nucleotide content - A position 283,Pass,0.5351669269816478,0.601046825949782,0.5407407407407407
Per position nucleotide content - A position 284,Pass,0.5720299687622022,0.6417930839994554,0.5777777777777777
Per position nucleotide content - A position 285,Pass,0.513263861772745,0.5793628339873087,0.5185185185185185
Per position nucleotide content - A position 286,Pass,0.529285435376806,0.5889381283628322,0.5358024691358024
Per position nucleotide content - A position 287,Pass,0.5657458024209293,0.6339200664285267,0.5728395061728395
Per position nucleotide content - A position 288,Pass,0.5475888324873096,0.6151814250799024,0.5530864197530864
Per position nucleotide content - A position 289,Pass,0.5290169855525186,0.5871797783275226,0.5358024691358024
Per position nucleotide content - A position 290,Pass,0.543318039828192,0.613985181328667,0.5481481481481482
Per position nucleotide content - A position 291,Pass,0.5049785240140571,0.5626502983524979,0.5135802469135803
Per position nucleotide content - A position 292,Pass,0.5453192112456072,0.613639399789373,0.5506172839506173
Per position nucleotide content - A position 293,Pass,0.5344958024209293,0.5966494242266919,0.5407407407407407
Per position nucleotide content - A position 294,Pass,0.5175346544318625,0.5788884930883329,0.5234567901234568
Per position nucleotide content - A position 295,Pass,0.5470519328387349,0.6123483648018335,0.5530864197530864
Per position nucleotide content - A position 296,Pass,0.5219396720031237,0.580356997165732,0.528395061728395
Per position nucleotide content - A position 297,Pass,0.5430495900039047,0.6122328758538573,0.5481481481481482
Per position nucleotide content - A position 298,Pass,0.5139349863334635,0.5855794350301511,0.5185185185185185
Per position nucleotide content - A position 299,Pass,0.5254173174541195,0.5910968890049032,0.5308641975308642
Per position nucleotide content - A position 300,Pass,0.5322261811792268,0.5950449981647106,0.5382716049382716
Per position nucleotide content - A position 301,Pass,0.5328973057399453,0.5997328886957469,0.5382716049382716
Per position nucleotide content - A position 302,Pass,0.5600107379929715,0.6291470309929009,0.5654320987654321
Per position nucleotide content - A position 303,Pass,0.5099814525575947,0.6801429602191024,0.5135802469135803
Per position nucleotide content - A position 304,Pass,0.5466492581023037,0.6104594186498857,0.5530864197530864
Per position nucleotide content - A position 305,Pass,0.5288827606403749,0.5863263201672677,0.5358024691358024
Per position nucleotide content - A position 306,Pass,0.5402430691136275,0.6074040927140452,0.5456790123456791
Per position nucleotide content - A position 307,Pass,0.5066380320187427,0.6699798553134517,0.5135802469135803
Per position nucleotide content - A position 308,Pass,0.5497242288168683,0.6161976071561888,0.5555555555555556
Per position nucleotide content - A position 309,Pass,0.5246119679812573,0.5848681059705757,0.5308641975308642
Per position nucleotide content - A position 310,Pass,0.5046368606013276,0.6731349121453561,0.5135802469135803
Per position nucleotide content - A position 311,Pass,0.5083707536118705,0.6642028300321821,0.5135802469135803
Per position nucleotide content - A position 312,Pass,0.5373023233112065,0.6016463653964768,0.5432098765432098
Per position nucleotide content - A position 313,Pass,0.5467834830144476,0.6110641097950742,0.5530864197530864
Per position nucleotide content - A position 314,Pass,0.5216712221788363,0.5783049297929361,0.528395061728395
Per position nucleotide content - A position 315,Pass,0.5299565599375244,0.5935922901493416,0.5358024691358024
Per position nucleotide content - A position 316,Pass,0.5218054470909801,0.5793256275278271,0.528395061728395
Per position nucleotide content - A position 317,Pass,0.5381076727840687,0.606961118720848,0.5432098765432098
Per position nucleotide content - A position 318,Pass,0.5094445529090199,0.6748351037162374,0.5135802469135803
Per position nucleotide content - A position 319,Pass,0.5148623584537291,0.5742663136910175,0.5209876543209877
Per position nucleotide content - A position 320,Pass,0.5418415657946114,0.6051309770006894,0.5481481481481482
Per position nucleotide content - A position 321,Pass,0.5415731159703241,0.6037704094176176,0.5481481481481482
Per position nucleotide content - A position 322,Pass,0.519804275673565,0.5800743213602775,0.5259259259259259
Per position nucleotide content - A position 323,Pass,0.5151308082780164,0.5766383023942061,0.5209876543209877
Per position nucleotide content - A position 324,Pass,0.5044416243654822,0.5572613534797097,0.5135802469135803
Per position nucleotide content - A position 325,Pass,0.5681618508395159,0.640337668848667,0.5728395061728395
Per position nucleotide content - A position 326,Pass,0.5052469738383444,0.5653356438907826,0.5135802469135803
Per position nucleotide content - A position 327,Pass,0.5364969738383444,0.5969213216401432,0.5432098765432098
Per position nucleotide content - A position 328,Pass,0.5534703240921515,0.6258582066168499,0.5580246913580247
Per position nucleotide content - A position 329,Pass,0.5844518742678642,0.6559084269744169,0.5901234567901235
Per position nucleotide content - A position 330,Pass,0.5463808082780165,0.6093322495382812,0.5530864197530864
Per position nucleotide content - A position 331,Pass,0.5121168488871535,0.6783370126803413,0.5135802469135803
Per position nucleotide content - A position 332,Pass,0.5047710855134713,0.6744738428018451,0.5135802469135803
Per position nucleotide content - A position 333,Pass,0.5050395353377588,0.6771502678651579,0.5135802469135803
Per position nucleotide content - A position 334,Pass,0.5123242873877392,0.5707515083149601,0.5185185185185185
Per position nucleotide content - A position 335,Pass,0.5170587661069895,0.6813587289035159,0.5135802469135803
Per position nucleotide content - A position 336,Pass,0.5207438500585708,0.5879375822523031,0.5259259259259259
Per position nucleotide content - A position 337,Pass,0.511445724326435,0.6717277772982864,0.5135802469135803
Per position nucleotide content - A position 338,Pass,0.514386470128856,0.6778747179921037,0.5135802469135803
Per position nucleotide content - A position 339,Pass,0.5206096251464272,0.5867966807135641,0.5259259259259259
Per position nucleotide content - A position 340,Pass,0.5101888910581804,0.5709869731424944,0.5160493827160494
Per position nucleotide content - A position 341,Pass,0.5105183522061695,0.6854458775722914,0.5135802469135803
Per position nucleotide content - A position 342,Pass,0.537570773135494,0.6033613110658623,0.5432098765432098
Per position nucleotide content - A position 343,Pass,0.501378855915658,0.5709088882478531,0.5135802469135803
Per position nucleotide content - A position 344,Pass,0.572164193674346,0.6421468501683019,0.5777777777777777
Per position nucleotide content - A position 345,Pass,0.5294196602889496,0.5898410974821936,0.5358024691358024
Per position nucleotide content - A position 346,Pass,0.5434522647403357,0.6148807590854968,0.5481481481481482
Per position nucleotide content - A position 347,Pass,0.5005002928543537,0.6782023252059446,0.5135802469135803
Per position nucleotide content - A position 348,Pass,0.5178031042561498,0.5811981458644684,0.5234567901234568
Per position nucleotide content - A position 349,Pass,0.5023672393596252,0.6736381328574811,0.5135802469135803
Per position nucleotide content - A position 350,Pass,0.5206096251464272,0.5867966807135641,0.5259259259259259
Per position nucleotide content - A position 351,Pass,0.5401088442014838,0.6065520097868062,0.5456790123456791
Per position nucleotide content - A position 352,Pass,0.5124585122998829,0.5719738426485466,0.5185185185185185
Per position nucleotide content - A position 353,Pass,0.5398403943771963,0.604894948652765,0.5456790123456791
Per position nucleotide content - A position 354,Pass,0.5049785240140571,0.5626502983524979,0.5135802469135803
Per position nucleotide content - A position 355,Pass,0.5266131393986724,0.5845103937420051,0.5333333333333333
Per position nucleotide content - A position 356,Pass,0.5697603475204999,0.6395831128089513,0.5753086419753086
Per position nucleotide content - A position 357,Pass,0.5042341858648965,0.6691151263033487,0.5135802469135803
Per position nucleotide content - A position 358,Pass,0.564281530652089,0.6323463903836155,0.5703703703703704
Per position nucleotide content - A position 359,Pass,0.5145206950409996,0.6791901943369357,0.5135802469135803
Per position nucleotide content - A position 360,Pass,0.5613529871144084,0.636027675441579,0.5654320987654321
Per position nucleotide content - A position 361,Pass,0.5422442405310426,0.6073358334735127,0.5481481481481482
Per position nucleotide content - A position 362,Pass,0.5327630808278017,0.5987709155856363,0.5382716049382716
Per position nucleotide content - A position 363,Pass,0.5103231159703241,0.5722533154005236,0.5160493827160494
Per position nucleotide content - A position 364,Pass,0.5224765716516986,0.5845779611653688,0.528395061728395
Per position nucleotide content - A position 365,Pass,0.5201337368215541,0.6887353512565019,0.5135802469135803
Per position nucleotide content - A position 366,Pass,0.5069064818430301,0.6726484220768402,0.5135802469135803
Per position nucleotide content - A position 367,Pass,0.5219396720031237,0.580356997165732,0.528395061728395
Per position nucleotide content - A position 368,Pass,0.5145939086294417,0.5719118963991427,0.5209876543209877
Per position nucleotide content - A position 369,Pass,0.5004392815306521,0.5610993005240044,0.5135802469135803
Per position nucleotide content - A position 370,Pass,0.5299565599375244,0.5935922901493416,0.5358024691358024
Per position nucleotide content - A position 371,Pass,0.5389008199921906,0.599687774756043,0.5456790123456791
Per position nucleotide content - A position 372,Pass,0.5279553885201093,0.5943310248752539,0.5333333333333333
Per position nucleotide content - A position 373,Pass,0.5320919562670832,0.5941473391557994,0.5382716049382716
Per position nucleotide content - A position 374,Pass,0.5196700507614214,0.5789774468425177,0.5259259259259259
Per position nucleotide content - A position 375,Pass,0.5041853768059352,0.5768681179935784,0.5135802469135803
Per position nucleotide content - A position 376,Pass,0.5182667903162826,0.6931403024268499,0.5135802469135803
Per position nucleotide content - A position 377,Pass,0.5224765716516986,0.5845779611653688,0.528395061728395
Per position nucleotide content - A position 378,Pass,0.5070407067551739,0.6739820664228887,0.5135802469135803
Per position nucleotide content - A position 379,Pass,0.5250146427176884,0.5879409608976298,0.5308641975308642
Per position nucleotide content - A position 380,Pass,0.5653553299492385,0.6362482044510369,0.5703703703703704
Per position nucleotide content - A position 381,Pass,0.5529334244435767,0.6227763901198757,0.5580246913580247
Per position nucleotide content - A position 382,Pass,0.5367654236626318,0.5984184500562242,0.5432098765432098
Per position nucleotide content - A position 383,Pass,0.5023062280359235,0.55766591464561,0.5135802469135803
Per position nucleotide content - A position 384,Pass,0.5153992581023037,0.5790260906016853,0.5209876543209877
Per position nucleotide content - A position 385,Pass,0.5271500390472471,0.5882983814455897,0.5333333333333333
Per position nucleotide content - A position 386,Pass,0.5135323115970324,0.5818438322523031,0.5185185185185185
Per position nucleotide content - A position 387,Pass,0.532628855915658,0.5978205197655139,0.5382716049382716
Per position nucleotide content - A position 388,Pass,0.545856110894182,0.6169915617688185,0.5506172839506173
Per position nucleotide content - A position 389,Pass,0.5098472276454511,0.6788164748885078,0.5135802469135803
Per position nucleotide content - A position 390,Pass,0.5374365482233503,0.6024961480530651,0.5432098765432098
Per position nucleotide content - A position 391,Pass,0.5546661460367044,0.6218489364079005,0.5604938271604938
Per position nucleotide content - A position 392,Pass,0.5523965247950019,0.619983684966908,0.5580246913580247
Per position nucleotide content - A position 393,Pass,0.5358380515423662,0.6057729275334438,0.5407407407407407
Per position nucleotide content - A position 394,Pass,0.5582780163998439,0.630154904943399,0.562962962962963
Per position nucleotide content - A position 395,Pass,0.5258199921905505,0.5943241161408688,0.5308641975308642
Per position nucleotide content - A position 396,Pass,0.5728231159703241,0.6442923874395956,0.5802469135802469
Per position nucleotide content - A position 397,Pass,0.5127269621241702,0.5744269080913577,0.5185185185185185
Per position nucleotide content - A position 398,Pass,0.5232819211245607,0.5911458473218203,0.528395061728395
Per position nucleotide content - A position 399,Pass,0.5644157555642326,0.6327330474987813,0.5703703703703704
Per position nucleotide content - A position 400,Pass,0.5148623584537291,0.5742663136910175,0.5209876543209877
Per position nucleotide content - A position 401,Pass,0.5527991995314331,0.6220489238214799,0.5580246913580247
Per position nucleotide content - A position 402,Pass,0.5108600156188988,0.5773305759227926,0.5160493827160494
Per position nucleotide content - A position 403,Pass,0.5381076727840687,0.606961118720848,0.5432098765432098
Per position nucleotide content - A position 404,Pass,0.5373023233112065,0.6016463653964768,0.5432098765432098
Per position nucleotide content - A position 405,Pass,0.5348984771573604,0.5992436194010534,0.5407407407407407
Per position nucleotide content - A position 406,Pass,0.5306276844982429,0.5985445885818137,0.5358024691358024
Per position nucleotide content - A position 407,Pass,0.5207438500585708,0.5879375822523031,0.5259259259259259
Per position nucleotide content - A position 408,Pass,0.5141912338930105,0.5684177836847419,0.5209876543209877
Per position nucleotide content - A position 409,Pass,0.5206096251464272,0.5867966807135641,0.5259259259259259
Per position nucleotide content - A position 410,Pass,0.5439769621241702,0.6065243302540626,0.5506172839506173
Per position nucleotide content - A position 411,Pass,0.5398403943771963,0.604894948652765,0.5456790123456791
Per position nucleotide content - A position 412,Pass,0.5055154236626318,0.568015722927637,0.5135802469135803
Per position nucleotide content - A position 413,Pass,0.5565330925419758,0.6225003872435473,0.562962962962963
Per position nucleotide content - A position 414,Pass,0.5211465247950019,0.5913900764793933,0.5259259259259259
Per position nucleotide content - A position 415,Pass,0.5463808082780165,0.6093322495382812,0.5530864197530864
Per position nucleotide content - A position 416,Pass,0.5179373291682937,0.5823604060913705,0.5234567901234568
Per position nucleotide content - A position 417,Pass,0.5139837953924249,0.673927269963559,0.5135802469135803
Per position nucleotide content - A position 418,Pass,0.5572042171026942,0.624951540022431,0.562962962962963
Per position nucleotide content - A position 419,Pass,0.5016961147989067,0.6669095676963995,0.5135802469135803
Per position nucleotide content - A position 420,Pass,0.5527991995314331,0.6220489238214799,0.5580246913580247
Per position nucleotide content - A position 421,Pass,0.506320773135494,0.5760291853057382,0.5135802469135803
Per position nucleotide content - A position 422,Pass,0.5511885005857087,0.6151165632637714,0.5580246913580247
Per position nucleotide content - A position 423,Pass,0.5077850449043342,0.5688130600990161,0.5135802469135803
Per position nucleotide content - A position 424,Pass,0.5025014642717689,0.6749821288781397,0.5135802469135803
Per position nucleotide content - A position 425,Pass,0.5222081218274112,0.5824494237353798,0.528395061728395
Per position nucleotide content - A position 426,Pass,0.5160703826630222,0.5850550389054305,0.5209876543209877
Per position nucleotide content - A position 427,Pass,0.5350327020695042,0.6001383525918214,0.5407407407407407
Per position nucleotide content - A position 428,Pass,0.5662827020695042,0.6343263867798554,0.5728395061728395
Per position nucleotide content - A position 429,Pass,0.5507980281140179,0.6221118588267037,0.5555555555555556
Per position nucleotide content - A position 430,Pass,0.5199385005857087,0.5811785101664263,0.5259259259259259
Per position nucleotide content - A position 431,Pass,0.5328973057399453,0.5997328886957469,0.5382716049382716
Per position nucleotide content - A position 432,Pass,0.5025746778602109,0.5604382648904644,0.5135802469135803
Per position nucleotide content - A position 433,Pass,0.5053811987504881,0.566676307962264,0.5135802469135803
Per position nucleotide content - A position 434,Pass,0.5036484771573604,0.5714243259227926,0.5135802469135803
Per position nucleotide content - A position 435,Pass,0.516863529871144,0.5732144320553796,0.5234567901234568
Per position nucleotide content - A position 436,Pass,0.5223423467395548,0.5835094204066286,0.528395061728395
Per position nucleotide content - A position 437,Pass,0.5133980866848887,0.5806023330558018,0.5185185185185185
Per position nucleotide content - A position 438,Pass,0.5280896134322529,0.5953701176751229,0.5333333333333333
Per position nucleotide content - A position 439,Pass,0.5278211636079657,0.5933007457542144,0.5333333333333333
Per position nucleotide content - A position 440,Pass,0.5525307497071457,0.6206515949113242,0.5580246913580247
Per position nucleotide content - A position 441,Pass,0.5222081218274112,0.5824494237353798,0.528395061728395
Per position nucleotide content - A position 442,Pass,0.5374365482233503,0.6024961480530651,0.5432098765432098
Per position nucleotide content - A position 443,Pass,0.5442454119484577,0.6077702985652447,0.5506172839506173
Per position nucleotide content - A position 444,Pass,0.5275527137836783,0.591268452068382,0.5333333333333333
Per position nucleotide content - A position 445,Pass,0.5255515423662632,0.5921652245287258,0.5308641975308642
Per position nucleotide content - A position 446,Pass,0.51526503319016,0.5778303228387831,0.5209876543209877
Per position nucleotide content - A position 447,Pass,0.5075776064037485,0.6793125843887264,0.5135802469135803
Per position nucleotide content - A position 448,Pass,0.5049053104256149,0.6758122914516437,0.5135802469135803
Per position nucleotide content - A position 449,Pass,0.5003660679422101,0.6768546719308141,0.5135802469135803
Per position nucleotide content - A position 450,Pass,0.5525307497071457,0.6206515949113242,0.5580246913580247
Per position nucleotide content - A position 451,Pass,0.5027699140960562,0.6776684957881163,0.5135802469135803
Per position nucleotide content - A position 452,Pass,0.5518596251464273,0.6175431699966387,0.5580246913580247
Per position nucleotide content - A position 453,Pass,0.5497242288168683,0.6161976071561888,0.5555555555555556
Per position nucleotide content - A position 454,Pass,0.5019035532994924,0.5534830739966601,0.5135802469135803
Per position nucleotide content - A position 455,Pass,0.5250146427176884,0.5879409608976298,0.5308641975308642
Per position nucleotide content - A position 456,Pass,0.5125927372120266,0.5731990250112968,0.5185185185185185
Per position nucleotide content - A position 457,Pass,0.5228060327996876,0.6921674400942631,0.5160493827160494
Per position nucleotide content - A position 458,Pass,0.5274184888715345,0.5902674292424048,0.5333333333333333
Per position nucleotide content - A position 459,Pass,0.5069064818430301,0.6726484220768402,0.5135802469135803
Per position nucleotide content - A position 460,Pass,0.5182057789925811,0.5846985952165801,0.5234567901234568
Per position nucleotide content - A position 461,Pass,0.5246119679812573,0.5848681059705757,0.5308641975308642
Per position nucleotide content - A position 462,Pass,0.5074433814916048,0.6779805472971323,0.5135802469135803
Per position nucleotide content - A position 463,Pass,0.5125195236235844,0.6822995892369835,0.5135802469135803
Per position nucleotide content - A position 464,Pass,0.5347642522452167,0.5983633559438779,0.5407407407407407
Per position nucleotide content - A position 465,Pass,0.5264789144865287,0.583599047439995,0.5333333333333333
Per position nucleotide content - A position 466,Pass,0.509920441233893,0.5684583060217578,0.5160493827160494
Per position nucleotide content - A position 467,Pass,0.5018303397110504,0.6682564655670008,0.5135802469135803
Per position nucleotide content - A position 468,Pass,0.5335684303006638,0.6046979951802287,0.5382716049382716
Per position nucleotide content - A position 469,Pass,0.5158019328387349,0.5826340790875478,0.5209876543209877
Per position nucleotide content - A position 470,Pass,0.5262226669269816,0.5976129928129216,0.5308641975308642
Per position nucleotide content - A position 471,Pass,0.5128611870363139,0.5756573545641199,0.5185185185185185
Per position nucleotide content - A position 472,Pass,0.5530676493557204,0.6235218575703453,0.5580246913580247
Per position nucleotide content - A position 473,Pass,0.5042341858648965,0.6691151263033487,0.5135802469135803
Per position nucleotide content - A position 474,Pass,0.5102499023818821,0.6827950115936581,0.5135802469135803
Per position nucleotide content - A position 475,Pass,0.5430495900039047,0.6122328758538573,0.5481481481481482
Per position nucleotide content - A position 476,Pass,0.5324946310035142,0.5968823000607236,0.5382716049382716
Per position nucleotide content - A position 477,Pass,0.5176688793440063,0.5800407560836991,0.5234567901234568
Per position nucleotide content - A position 478,Pass,0.5215980085903944,0.6804880220856709,0.5160493827160494
Per position nucleotide content - A position 479,Pass,0.5270158141351035,0.5873315786175347,0.5333333333333333
Per position nucleotide content - A position 480,Pass,0.5179373291682937,0.5823604060913705,0.5234567901234568
Per position nucleotide content - A position 481,Pass,0.5315550566185084,0.5907158576910743,0.5382716049382716
Per position nucleotide content - A position 482,Pass,0.5172662046075752,0.5766004660251699,0.5234567901234568
Per position nucleotide content - A position 483,Pass,0.524746192893401,0.5858823290295372,0.5308641975308642
Per position nucleotide content - A position 484,Pass,0.5130564232721593,0.6875798380278145,0.5135802469135803
Per position nucleotide content - A position 485,Pass,0.522745021475986,0.5867389371648168,0.528395061728395
Per position nucleotide content - A position 486,Pass,0.5043684107770403,0.6704555643641938,0.5135802469135803
Per position nucleotide content - A position 487,Pass,0.5306276844982429,0.5985445885818137,0.5358024691358024
Per position nucleotide content - A position 488,Pass,0.5027089027723546,0.5618200888572249,0.5135802469135803
Per position nucleotide content - A position 489,Pass,0.5070407067551739,0.6739820664228887,0.5135802469135803
Per position nucleotide content - A position 490,Pass,0.5204754002342834,0.5856611544351893,0.5259259259259259
Per position nucleotide content - A position 491,Pass,0.506320773135494,0.5760291853057382,0.5135802469135803
Per position nucleotide content - A position 492,Pass,0.5180715540804374,0.583527297234268,0.5234567901234568
Per position nucleotide content - A position 493,Pass,0.5076508199921905,0.5675095569342609,0.5135802469135803
Per position nucleotide content - A position 494,Pass,0.5008907653260445,0.6588147297152611,0.5135802469135803
Per position nucleotide content - A position 495,Pass,0.5121168488871535,0.6783370126803413,0.5135802469135803
Per position nucleotide content - A position 496,Pass,0.5193283873486919,0.6809143322679702,0.5135802469135803
Per position nucleotide content - A position 497,Pass,0.5081877196407653,0.572723569593282,0.5135802469135803
Per position nucleotide content - A position 498,Pass,0.5103231159703241,0.5722533154005236,0.5160493827160494
Per position nucleotide content - A position 499,Pass,0.5000976181179226,0.6741575755112134,0.5135802469135803
Per position nucleotide content - A position 500,Pass,0.5348984771573604,0.5992436194010534,0.5407407407407407
Per position nucleotide content - A,Pass,0.5897964662241312,0.6960619285689513,0.5950617283950618
Per position nucleotide content - C position 1,Pass,0.5008297540023429,0.5421430559745596,0.5135802469135803
Per position nucleotide content - C position 2,Pass,0.5040389496290512,0.5532007088638344,0.5135802469135803
Per position nucleotide content - C position 3,Pass,0.521475985942991,0.7017703829040547,0.5135802469135803
Per position nucleotide content - C position 4,Pass,0.5167293049590004,0.5720994658438672,0.5234567901234568
Per position nucleotide content - C position 5,Pass,0.5131906481843029,0.6888993608433414,0.5135802469135803
Per position nucleotide content - C position 6,Pass,0.5322871925029286,0.6942476086300113,0.5259259259259259
Per position nucleotide content - C position 7,Pass,0.5146671222178836,0.7034012571399618,0.5135802469135803
Per position nucleotide content - C position 8,Pass,0.5076386177274502,0.547293253215419,0.5160493827160494
Per position nucleotide content - C position 9,Pass,0.5203289730573994,0.5688566987192716,0.528395061728395
Per position nucleotide content - C position 10,Pass,0.5063817844591956,0.6905060316372403,0.5135802469135803
Per position nucleotide content - C position 11,Pass,0.5326898672393596,0.6980747764567772,0.5259259259259259
Per position nucleotide content - C position 12,Pass,0.5033678250683327,0.5463869494092961,0.5135802469135803
Per position nucleotide content - C position 13,Pass,0.511189476766888,0.692068153704482,0.5135802469135803
Per position nucleotide content - C position 14,Pass,0.53924248340492,0.7162465870145281,0.5308641975308642
Per position nucleotide content - C position 15,Pass,0.5385713588442015,0.7098978939654264,0.5308641975308642
Per position nucleotide content - C position 16,Pass,0.5062475595470519,0.6891722938518288,0.5135802469135803
Per position nucleotide content - C position 17,Pass,0.5208048613822726,0.6952528670802782,0.5135802469135803
Per position nucleotide content - C position 18,Pass,0.516534068723155,0.6989043797392993,0.5135802469135803
Per position nucleotide content - C position 19,Pass,0.5113237016790317,0.6933918132830081,0.5135802469135803
Per position nucleotide content - C position 20,Pass,0.523477157360406,0.6986585954545173,0.5160493827160494
Per position nucleotide content - C position 21,Pass,0.5334952167122218,0.7057386368723086,0.5259259259259259
Per position nucleotide content - C position 22,Pass,0.5296270987895353,0.7131607660845319,0.5209876543209877
Per position nucleotide content - C position 23,Pass,0.5220128855915658,0.7069843955630757,0.5135802469135803
Per position nucleotide content - C position 24,Pass,0.5358990628660679,0.7065474529677489,0.528395061728395
Per position nucleotide content - C position 25,Pass,0.5341663412729403,0.7121340525739848,0.5259259259259259
Per position nucleotide content - C position 26,Pass,0.5278089613432253,0.5802794558568924,0.5358024691358024
Per position nucleotide content - C position 27,Pass,0.5109820382663022,0.5587265776775083,0.5185185185185185
Per position nucleotide content - C position 28,Pass,0.5479182936352986,0.7106700592794591,0.5407407407407407
Per position nucleotide content - C position 29,Pass,0.5093225302616167,0.6965969106990516,0.5135802469135803
Per position nucleotide content - C position 30,Pass,0.5169367434595862,0.702843646902277,0.5135802469135803
Per position nucleotide content - C position 31,Pass,0.5245509566575557,0.709047777147284,0.5160493827160494
Per position nucleotide content - C position 32,Pass,0.5260152284263959,0.7007557332624422,0.5185185185185185
Per position nucleotide content - C position 33,Pass,0.5028309254197579,0.5408819430066405,0.5135802469135803
Per position nucleotide content - C position 34,Pass,0.5117263764154627,0.6973612896771876,0.5135802469135803
Per position nucleotide content - C position 35,Pass,0.5163266302225693,0.5688017014476405,0.5234567901234568
Per position nucleotide content - C position 36,Pass,0.5197920734088247,0.5656202734036914,0.528395061728395
Per position nucleotide content - C position 37,Pass,0.5039779383053495,0.6897323623484172,0.5135802469135803
Per position nucleotide content - C position 38,Pass,0.5306886958219446,0.7010856798614017,0.5234567901234568
Per position nucleotide content - C position 39,Pass,0.516131393986724,0.6949640135571353,0.5135802469135803
Per position nucleotide content - C position 40,Pass,0.5114579265911753,0.6947152193217385,0.5135802469135803
Per position nucleotide content - C position 41,Pass,0.5212075361187036,0.6991633765745441,0.5135802469135803
Per position nucleotide content - C position 42,Pass,0.5159971690745803,0.6936503029777142,0.5135802469135803
Per position nucleotide content - C position 43,Pass,0.513117434595861,0.559387545204207,0.5209876543209877
Per position nucleotide content - C position 44,Pass,0.5117873877391643,0.5658940018947981,0.5185185185185185
Per position nucleotide content - C position 45,Pass,0.5091883053494728,0.6952692955776594,0.5135802469135803
Per position nucleotide content - C position 46,Pass,0.5009029675907849,0.6822418447629952,0.5135802469135803
Per position nucleotide content - C position 47,Pass,0.5037094884810621,0.6870548064376686,0.5135802469135803
Per position nucleotide content - C position 48,Pass,0.521475985942991,0.7017703829040547,0.5135802469135803
Per position nucleotide content - C position 49,Pass,0.5063085708707536,0.554474525286708,0.5135802469135803
Per position nucleotide content - C position 50,Pass,0.5109210269426006,0.6894200542991549,0.5135802469135803
Per position nucleotide content - C position 51,Pass,0.5269548028114017,0.7098122889717333,0.5185185185185185
Per position nucleotide content - C position 52,Pass,0.5584732526356891,0.7226503909507584,0.5506172839506173
Per position nucleotide content - C position 53,Pass,0.5087124170245997,0.5571626973297188,0.5160493827160494
Per position nucleotide content - C position 54,Pass,0.5201947481452558,0.5680105126276869,0.528395061728395
Per position nucleotide content - C position 55,Pass,0.5209390862944162,0.6965563702450335,0.5135802469135803
Per position nucleotide content - C position 56,Pass,0.5192063647012886,0.7022998922607604,0.5135802469135803
Per position nucleotide content - C position 57,Pass,0.5212075361187036,0.6991633765745441,0.5135802469135803
Per position nucleotide content - C position 58,Pass,0.5278821749316673,0.6964083803089656,0.5209876543209877
Per position nucleotide content - C position 59,Pass,0.5258810035142523,0.6994624375123529,0.5185185185185185
Per position nucleotide content - C position 60,Pass,0.5289559742288169,0.706713837831696,0.5209876543209877
Per position nucleotide content - C position 61,Pass,0.5087856306130418,0.6912846131120243,0.5135802469135803
Per position nucleotide content - C position 62,Pass,0.5314940452948067,0.7087864824604323,0.5234567901234568
Per position nucleotide content - C position 63,Pass,0.5268205778992581,0.7085181378943641,0.5185185185185185
Per position nucleotide content - C position 64,Pass,0.5457828973057399,0.7123391726730557,0.5382716049382716
Per position nucleotide content - C position 65,Pass,0.52107331120656,0.6978598734097888,0.5135802469135803
Per position nucleotide content - C position 66,Pass,0.5093225302616167,0.6965969106990516,0.5135802469135803
Per position nucleotide content - C position 67,Pass,0.5006345177664975,0.6795493975585702,0.5135802469135803
Per position nucleotide content - C position 68,Pass,0.5081755173760251,0.5522016890982752,0.5160493827160494
Per position nucleotide content - C position 69,Pass,0.5463197969543148,0.7173553770478658,0.5382716049382716
Per position nucleotide content - C position 70,Pass,0.5114579265911753,0.6947152193217385,0.5135802469135803
Per position nucleotide content - C position 71,Pass,0.5134590980085904,0.691537788352822,0.5135802469135803
Per position nucleotide content - C position 72,Pass,0.5435132760640374,0.7127786841964278,0.5358024691358024
Per position nucleotide content - C position 73,Pass,0.5485894181960171,0.7169085883830035,0.5407407407407407
Per position nucleotide content - C position 74,Pass,0.5067844591956268,0.6945049914813763,0.5135802469135803
Per position nucleotide content - C position 75,Pass,0.5507248145255759,0.7152350325257091,0.5432098765432098
Per position nucleotide content - C position 76,Pass,0.5056374463100352,0.5479570094629317,0.5135802469135803
Per position nucleotide content - C position 77,Pass,0.5052347715736041,0.5440464999686658,0.5135802469135803
Per position nucleotide content - C position 78,Pass,0.514130222569309,0.6981304311411685,0.5135802469135803
Per position nucleotide content - C position 79,Pass,0.5037094884810621,0.6870548064376686,0.5135802469135803
Per position nucleotide content - C position 80,Pass,0.5372413119875048,0.7192964325156792,0.528395061728395
Per position nucleotide content - C position 81,Pass,0.5162656188988677,0.6962775949287761,0.5135802469135803
Per position nucleotide content - C position 82,Pass,0.5278089613432253,0.5802794558568924,0.5358024691358024
Per position nucleotide content - C position 83,Pass,0.5208048613822726,0.6952528670802782,0.5135802469135803
Per position nucleotide content - C position 84,Pass,0.5216102108551346,0.7030738860688099,0.5135802469135803
Per position nucleotide content - C position 85,Pass,0.5109210269426006,0.6894200542991549,0.5135802469135803
Per position nucleotide content - C position 86,Pass,0.5107135884420149,0.5563779692808143,0.5185185185185185
Per position nucleotide content - C position 87,Pass,0.5008297540023429,0.5421430559745596,0.5135802469135803
Per position nucleotide content - C position 88,Pass,0.5065160093713392,0.6918393891129581,0.5135802469135803
Per position nucleotide content - C position 89,Pass,0.52761372510738,0.6938340519381719,0.5209876543209877
Per position nucleotide content - C position 90,Pass,0.5268205778992581,0.7085181378943641,0.5185185185185185
Per position nucleotide content - C position 91,Pass,0.526417903162827,0.70463638606881,0.5185185185185185
Per position nucleotide content - C position 92,Pass,0.5284190745802421,0.7015595427087293,0.5209876543209877
Per position nucleotide content - C position 93,Pass,0.5080412924638813,0.5509690576557027,0.5160493827160494
Per position nucleotide content - C position 94,Pass,0.516058180398282,0.5666475936688546,0.5234567901234568
Per position nucleotide content - C position 95,Pass,0.5236113822725498,0.6999570273681949,0.5160493827160494
Per position nucleotide content - C position 96,Pass,0.5030993752440454,0.5436414581054052,0.5135802469135803
Per position nucleotide content - C position 97,Pass,0.5064427957828973,0.5557780284514633,0.5135802469135803
Per position nucleotide content - C position 98,Pass,0.5452581999219055,0.7291862003039875,0.5358024691358024
Per position nucleotide content - C position 99,Pass,0.5077728426395939,0.5485145600954464,0.5160493827160494
Per position nucleotide content - C position 100,Pass,0.5065160093713392,0.6918393891129581,0.5135802469135803
Per position nucleotide content - C position 101,Pass,0.5015740921515033,0.6889635589041777,0.5135802469135803
Per position nucleotide content - C position 102,Pass,0.503233600156189,0.5450158329923435,0.5135802469135803
Per position nucleotide content - C position 103,Pass,0.5213417610308474,0.7004668797392993,0.5135802469135803
Per position nucleotide content - C position 104,Pass,0.5487236431081609,0.7181583800857327,0.5407407407407407
Per position nucleotide content - C position 105,Pass,0.5436475009761812,0.714037687099126,0.5358024691358024
Per position nucleotide content - C position 106,Pass,0.5055032213978915,0.5466535062981763,0.5135802469135803
Per position nucleotide content - C position 107,Pass,0.5364359625146428,0.7116427806562434,0.528395061728395
Per position nucleotide content - C position 108,Pass,0.5031725888324873,0.6816941431737138,0.5135802469135803
Per position nucleotide content - C position 109,Pass,0.5165950800468566,0.5709920411104845,0.5234567901234568
Per position nucleotide content - C position 110,Pass,0.5063085708707536,0.554474525286708,0.5135802469135803
Per position nucleotide content - C position 111,Pass,0.526417903162827,0.70463638606881,0.5185185185185185
Per position nucleotide content - C position 112,Pass,0.516131393986724,0.6949640135571353,0.5135802469135803
Per position nucleotide content - C position 113,Pass,0.5143254588051542,0.5695770976732979,0.5209876543209877
Per position nucleotide content - C position 114,Pass,0.5241482819211245,0.7051513830416147,0.5160493827160494
Per position nucleotide content - C position 115,Pass,0.5487236431081609,0.7181583800857327,0.5407407407407407
Per position nucleotide content - C position 116,Pass,0.5427079265911754,0.7052369225901167,0.5358024691358024
Per position nucleotide content - C position 117,Pass,0.526417903162827,0.70463638606881,0.5185185185185185
Per position nucleotide content - C position 118,Pass,0.5314940452948067,0.7087864824604323,0.5234567901234568
Per position nucleotide content - C position 119,Pass,0.5599375244045295,0.7149282776408967,0.5530864197530864
Per position nucleotide content - C position 120,Pass,0.5061743459586099,0.5531710221219528,0.5135802469135803
Per position nucleotide content - C position 121,Pass,0.531359820382663,0.7075023892335652,0.5234567901234568
Per position nucleotide content - C position 122,Pass,0.5356306130417805,0.7040020862519634,0.528395061728395
Per position nucleotide content - C position 123,Pass,0.5077728426395939,0.5485145600954464,0.5160493827160494
Per position nucleotide content - C position 124,Pass,0.5369728621632175,0.7167438627675514,0.528395061728395
Per position nucleotide content - C position 125,Pass,0.5091883053494728,0.6952692955776594,0.5135802469135803
Per position nucleotide content - C position 126,Pass,0.5292244240531043,0.7092920878707681,0.5209876543209877
Per position nucleotide content - C position 127,Pass,0.5005613041780554,0.5392524421578113,0.5135802469135803
Per position nucleotide content - C position 128,Pass,0.5113237016790317,0.6933918132830081,0.5135802469135803
Per position nucleotide content - C position 129,Pass,0.516131393986724,0.6949640135571353,0.5135802469135803
Per position nucleotide content - C position 130,Pass,0.5025136665365092,0.698353292848023,0.5135802469135803
Per position nucleotide content - C position 131,Pass,0.5436475009761812,0.714037687099126,0.5358024691358024
Per position nucleotide content - C position 132,Pass,0.54324482623975,0.7102623844713658,0.5358024691358024
Per position nucleotide content - C position 133,Pass,0.5412436548223349,0.7132343955630758,0.5333333333333333
Per position nucleotide content - C position 134,Pass,0.5041731745411948,0.5545562790909662,0.5135802469135803
Per position nucleotide content - C position 135,Pass,0.5568625536899648,0.7079647314870579,0.5506172839506173
Per position nucleotide content - C position 136,Pass,0.5238798320968372,0.7025540819636158,0.5160493827160494
Per position nucleotide content - C position 137,Pass,0.5055032213978915,0.5466535062981763,0.5135802469135803
Per position nucleotide content - C position 138,Pass,0.5152528309254197,0.5604570094629316,0.5234567901234568
Per position nucleotide content - C position 139,Pass,0.5261494533385397,0.702049158220312,0.5185185185185185
Per position nucleotide content - C position 140,Pass,0.5576679031628271,0.715288869782165,0.5506172839506173
Per position nucleotide content - C position 141,Pass,0.5157287192502928,0.6910224841273911,0.5135802469135803
Per position nucleotide content - C position 142,Pass,0.5284190745802421,0.7015595427087293,0.5209876543209877
Per position nucleotide content - C position 143,Pass,0.5059791097227646,0.6865036479085931,0.5135802469135803
Per position nucleotide content - C position 144,Pass,0.5071871339320577,0.6985007153371026,0.5135802469135803
Per position nucleotide content - C position 145,Pass,0.5137275478328778,0.6941754178640812,0.5135802469135803
Per position nucleotide content - C position 146,Pass,0.5312255954705193,0.7062185401568603,0.5234567901234568
Per position nucleotide content - C position 147,Pass,0.5121290511518937,0.7013286087457603,0.5135802469135803
Per position nucleotide content - C position 148,Pass,0.5308229207340882,0.7023685047796723,0.5234567901234568
Per position nucleotide content - C position 149,Pass,0.500292854353768,0.5363327403936541,0.5135802469135803
Per position nucleotide content - C position 150,Pass,0.531359820382663,0.7075023892335652,0.5234567901234568
Per position nucleotide content - C position 151,Pass,0.5070529090199141,0.6971691559101897,0.5135802469135803
Per position nucleotide content - C position 152,Pass,0.55232331120656,0.7086572156024799,0.5456790123456791
Per position nucleotide content - C position 153,Pass,0.5045148379539243,0.695082264354684,0.5135802469135803
Per position nucleotide content - C position 154,Pass,0.5334952167122218,0.7057386368723086,0.5259259259259259
Per position nucleotide content - C position 155,Pass,0.5108478133541585,0.5575493371390156,0.5185185185185185
Per position nucleotide content - C position 156,Pass,0.5328240921515033,0.6993512277360159,0.5259259259259259
Per position nucleotide content - C position 157,Pass,0.536301737602499,0.7103683923983205,0.528395061728395
Per position nucleotide content - C position 158,Pass,0.5041121632174932,0.6910704768281056,0.5135802469135803
Per position nucleotide content - C position 159,Pass,0.5289559742288169,0.706713837831696,0.5209876543209877
Per position nucleotide content - C position 160,Pass,0.5379002342834831,0.7035601991426877,0.5308641975308642
Per position nucleotide content - C position 161,Pass,0.5065160093713392,0.6918393891129581,0.5135802469135803
Per position nucleotide content - C position 162,Pass,0.52107331120656,0.6978598734097888,0.5135802469135803
Per position nucleotide content - C position 163,Pass,0.5312255954705193,0.7062185401568603,0.5234567901234568
Per position nucleotide content - C position 164,Pass,0.5086514057008981,0.6899557536918808,0.5135802469135803
Per position nucleotide content - C position 165,Pass,0.5558009566575557,0.7193638480949197,0.5481481481481482
Per position nucleotide content - C position 166,Pass,0.5056374463100352,0.5479570094629317,0.5135802469135803
Per position nucleotide content - C position 167,Pass,0.5265521280749708,0.7059301842646211,0.5185185185185185
Per position nucleotide content - C position 168,Pass,0.5371070870753611,0.7180199836760088,0.528395061728395
Per position nucleotide content - C position 169,Pass,0.5039047247169074,0.5518429463393397,0.5135802469135803
Per position nucleotide content - C position 170,Pass,0.5004270792659118,0.5377964999686657,0.5135802469135803
Per position nucleotide content - C position 171,Pass,0.5170709683717297,0.704156502154418,0.5135802469135803
Per position nucleotide content - C position 172,Pass,0.5208048613822726,0.6952528670802782,0.5135802469135803
Per position nucleotide content - C position 173,Pass,0.5174736431081609,0.7080943959045624,0.5135802469135803
Per position nucleotide content - C position 174,Pass,0.526417903162827,0.70463638606881,0.5185185185185185
Per position nucleotide content - C position 175,Pass,0.5314940452948067,0.7087864824604323,0.5234567901234568
Per position nucleotide content - C position 176,Pass,0.5368386372510738,0.7154680757890489,0.528395061728395
Per position nucleotide content - C position 177,Pass,0.5202679617336978,0.6900388544212571,0.5135802469135803
Per position nucleotide content - C position 178,Pass,0.5391082584927763,0.7149760172772016,0.5308641975308642
Per position nucleotide content - C position 179,Pass,0.5338978914486529,0.7095749733952051,0.5259259259259259
Per position nucleotide content - C position 180,Pass,0.5091883053494728,0.6952692955776594,0.5135802469135803
Per position nucleotide content - C position 181,Pass,0.5467224716907458,0.7211238626063643,0.5382716049382716
Per position nucleotide content - C position 182,Pass,0.5379002342834831,0.7035601991426877,0.5308641975308642
Per position nucleotide content - C position 183,Pass,0.5189379148770012,0.6996831806797382,0.5135802469135803
Per position nucleotide content - C position 184,Pass,0.5185352401405701,0.6957576482003052,0.5135802469135803
Per position nucleotide content - C position 185,Pass,0.5237456071846935,0.7012555232724225,0.5160493827160494
Per position nucleotide content - C position 186,Pass,0.5237456071846935,0.7012555232724225,0.5160493827160494
Per position nucleotide content - C position 187,Pass,0.5289559742288169,0.706713837831696,0.5209876543209877
Per position nucleotide content - C position 188,Pass,0.5121290511518937,0.7013286087457603,0.5135802469135803
Per position nucleotide content - C position 189,Pass,0.5034410386567747,0.6843754240005452,0.5135802469135803
Per position nucleotide content - C position 190,Pass,0.5136543342444357,0.5638425445804955,0.5209876543209877
Per position nucleotide content - C position 191,Pass,0.5218786606794221,0.7056808923983204,0.5135802469135803
Per position nucleotide content - C position 192,Pass,0.527943186255369,0.5809451135220022,0.5358024691358024
Per position nucleotide content - C position 193,Pass,0.511518937914877,0.5634870755973004,0.5185185185185185
Per position nucleotide content - C position 194,Pass,0.5154602694260054,0.6883941175791518,0.5135802469135803
Per position nucleotide content - C position 195,Pass,0.5041731745411948,0.5545562790909662,0.5135802469135803
Per position nucleotide content - C position 196,Pass,0.5255393401015228,0.5777303392401965,0.5333333333333333
Per position nucleotide content - C position 197,Pass,0.5184010152284264,0.694449008559378,0.5135802469135803
Per position nucleotide content - C position 198,Pass,0.5087856306130418,0.6912846131120243,0.5135802469135803
Per position nucleotide content - C position 199,Pass,0.5460513471300273,0.7148460307832015,0.5382716049382716
Per position nucleotide content - C position 200,Pass,0.5338978914486529,0.7095749733952051,0.5259259259259259
Per position nucleotide content - C position 201,Pass,0.5552640570089808,0.7144375224324463,0.5481481481481482
Per position nucleotide content - C position 202,Pass,0.5336294416243654,0.7070171037344251,0.5259259259259259
Per position nucleotide content - C position 203,Pass,0.5726278797344787,0.725278189989967,0.5654320987654321
Per position nucleotide content - C position 204,Pass,0.5212075361187036,0.6991633765745441,0.5135802469135803
Per position nucleotide content - C position 205,Pass,0.5217444357672785,0.7043773892335652,0.5135802469135803
Per position nucleotide content - C position 206,Pass,0.5006955290901992,0.5407011253457954,0.5135802469135803
Per position nucleotide content - C position 207,Pass,0.5376317844591956,0.7010284446380339,0.5308641975308642
Per position nucleotide content - C position 208,Pass,0.5015008785630612,0.5492661919533747,0.5135802469135803
Per position nucleotide content - C position 209,Pass,0.5010982038266303,0.5450084602368866,0.5135802469135803
Per position nucleotide content - C position 210,Pass,0.5405725302616167,0.7069184926425252,0.5333333333333333
Per position nucleotide content - C position 211,Pass,0.5150697969543148,0.707352595922437,0.5135802469135803
Per position nucleotide content - C position 212,Pass,0.5533971105037094,0.7185402646584303,0.5456790123456791
Per position nucleotide content - C position 213,Pass,0.5085171807887544,0.688626568146266,0.5135802469135803
Per position nucleotide content - C position 214,Pass,0.5157897305739946,0.5645346584855891,0.5234567901234568
Per position nucleotide content - C position 215,Pass,0.526417903162827,0.70463638606881,0.5185185185185185
Per position nucleotide content - C position 216,Pass,0.530957145646232,0.7036515931150955,0.5234567901234568
Per position nucleotide content - C position 217,Pass,0.5241482819211245,0.7051513830416147,0.5160493827160494
Per position nucleotide content - C position 218,Pass,0.5233429324482624,0.6973602287659338,0.5160493827160494
Per position nucleotide content - C position 219,Pass,0.516863529871144,0.5732144320553796,0.5234567901234568
Per position nucleotide content - C position 220,Pass,0.5343005661850839,0.7134140318620052,0.5259259259259259
Per position nucleotide content - C position 221,Pass,0.5332267668879344,0.7031826691790457,0.5259259259259259
Per position nucleotide content - C position 222,Pass,0.5135933229207341,0.6928567009460929,0.5135802469135803
Per position nucleotide content - C position 223,Pass,0.5051737602499023,0.6784877815505009,0.5135802469135803
Per position nucleotide content - C position 224,Pass,0.5081755173760251,0.5522016890982752,0.5160493827160494
Per position nucleotide content - C position 225,Pass,0.5204631979695431,0.5697246618143402,0.528395061728395
Per position nucleotide content - C position 226,Pass,0.5273574775478328,0.7136954142101208,0.5185185185185185
Per position nucleotide content - C position 227,Pass,0.5113237016790317,0.6933918132830081,0.5135802469135803
Per position nucleotide content - C position 228,Pass,0.5300297735259664,0.7170309338394412,0.5209876543209877
Per position nucleotide content - C position 229,Pass,0.5457828973057399,0.7123391726730557,0.5382716049382716
Per position nucleotide content - C position 230,Pass,0.531359820382663,0.7075023892335652,0.5234567901234568
Per position nucleotide content - C position 231,Pass,0.5531286606794221,0.7160642789797901,0.5456790123456791
Per position nucleotide content - C position 232,Pass,0.5059058961343225,0.5505640157924423,0.5135802469135803
Per position nucleotide content - C position 233,Pass,0.5345690160093712,0.7159748432674141,0.5259259259259259
Per position nucleotide content - C position 234,Pass,0.5141912338930105,0.5684177836847419,0.5209876543209877
Per position nucleotide content - C position 235,Pass,0.5004270792659118,0.5377964999686657,0.5135802469135803
Per position nucleotide content - C position 236,Pass,0.5459171222178836,0.7135922848033838,0.5382716049382716
Per position nucleotide content - C position 237,Pass,0.5505905896134322,0.7139927738489498,0.5432098765432098
Per position nucleotide content - C position 238,Pass,0.5078460562280359,0.6819755210067255,0.5135802469135803
Per position nucleotide content - C position 239,Pass,0.5039779383053495,0.6897323623484172,0.5135802469135803
Per position nucleotide content - C position 240,Pass,0.5009639789144866,0.5435786944458687,0.5135802469135803
Per position nucleotide content - C position 241,Pass,0.5138617727450215,0.6954939428104197,0.5135802469135803
Per position nucleotide content - C position 242,Pass,0.5374975595470519,0.6997633174038951,0.5308641975308642
Per position nucleotide content - C position 243,Pass,0.5107868020304569,0.6880956043392592,0.5135802469135803
Per position nucleotide content - C position 244,Pass,0.5161924053104255,0.567719829488559,0.5234567901234568
Per position nucleotide content - C position 245,Pass,0.5404383053494728,0.7056568830680506,0.5333333333333333
Per position nucleotide content - C position 246,Pass,0.524416731745412,0.7077489215569596,0.5160493827160494
Per position nucleotide content - C position 247,Pass,0.5407067551737602,0.708180639314311,0.5333333333333333
Per position nucleotide content - C position 248,Pass,0.5216102108551346,0.7030738860688099,0.5135802469135803
Per position nucleotide content - C position 249,Pass,0.5504563647012886,0.7127513054236487,0.5432098765432098
Per position nucleotide content - C position 250,Pass,0.5619386958219446,0.712169637719553,0.5555555555555556
Per position nucleotide content - C position 251,Pass,0.5261494533385397,0.702049158220312,0.5185185185185185
Per position nucleotide content - C position 252,Pass,0.5162656188988677,0.6962775949287761,0.5135802469135803
Per position nucleotide content - C position 253,Pass,0.5238798320968372,0.7025540819636158,0.5160493827160494
Per position nucleotide content - C position 254,Pass,0.5014398672393596,0.6876202499914723,0.5135802469135803
Per position nucleotide content - C position 255,Pass,0.5282116360796564,0.5823624304926232,0.5358024691358024
Per position nucleotide content - C position 256,Pass,0.5216102108551346,0.7030738860688099,0.5135802469135803
Per position nucleotide content - C position 257,Pass,0.5602059742288169,0.7173644022205782,0.5530864197530864
Per position nucleotide content - C position 258,Pass,0.5384371339320577,0.7086294416243655,0.5308641975308642
Per position nucleotide content - C position 259,Pass,0.5184010152284264,0.694449008559378,0.5135802469135803
Per position nucleotide content - C position 260,Pass,0.5114579265911753,0.6947152193217385,0.5135802469135803
Per position nucleotide content - C position 261,Pass,0.518059351815697,0.5665734013101387,0.5259259259259259
Per position nucleotide content - C position 262,Pass,0.5272842639593909,0.5892772092856695,0.5333333333333333
Per position nucleotide content - C position 263,Pass,0.5041121632174932,0.6910704768281056,0.5135802469135803
Per position nucleotide content - C position 264,Pass,0.5216102108551346,0.7030738860688099,0.5135802469135803
Per position nucleotide content - C position 265,Pass,0.523477157360406,0.6986585954545173,0.5160493827160494
Per position nucleotide content - C position 266,Pass,0.519474814525576,0.7049163664044367,0.5135802469135803
Per position nucleotide content - C position 267,Pass,0.5163998438110113,0.6975910495305189,0.5135802469135803
Per position nucleotide content - C position 268,Pass,0.5409752049980476,0.7107065031576159,0.5333333333333333
Per position nucleotide content - C position 269,Pass,0.5131906481843029,0.6888993608433414,0.5135802469135803
Per position nucleotide content - C position 270,Pass,0.5122632760640374,0.7026505893680174,0.5135802469135803
Per position nucleotide content - C position 271,Pass,0.5484551932838735,0.715659474427429,0.5407407407407407
Per position nucleotide content - C position 272,Pass,0.5017693283873487,0.5520815316162186,0.5135802469135803
Per position nucleotide content - C position 273,Pass,0.5159971690745803,0.6936503029777142,0.5135802469135803
Per position nucleotide content - C position 274,Pass,0.5013666536509176,0.5478518731857825,0.5135802469135803
Per position nucleotide content - C position 275,Pass,0.5024282506833269,0.5367113329401534,0.5135802469135803
Per position nucleotide content - C position 276,Pass,0.5484551932838735,0.715659474427429,0.5407407407407407
Per position nucleotide content - C position 277,Pass,0.5262836782506833,0.7033427099480797,0.5185185185185185
Per position nucleotide content - C position 278,Pass,0.5163998438110113,0.6975910495305189,0.5135802469135803
Per position nucleotide content - C position 279,Pass,0.5282848496680984,0.7002714489724897,0.5209876543209877
Per position nucleotide content - C position 280,Pass,0.5039779383053495,0.6897323623484172,0.5135802469135803
Per position nucleotide content - C position 281,Pass,0.5058448848106208,0.6851687245511272,0.5135802469135803
Per position nucleotide content - C position 282,Pass,0.5385713588442015,0.7098978939654264,0.5308641975308642
Per position nucleotide content - C position 283,Pass,0.5126659508004686,0.7066152114163958,0.5135802469135803
Per position nucleotide content - C position 284,Pass,0.5381686841077704,0.7060938893856016,0.5308641975308642
Per position nucleotide content - C position 285,Pass,0.516534068723155,0.6989043797392993,0.5135802469135803
Per position nucleotide content - C position 286,Pass,0.5033678250683327,0.5463869494092961,0.5135802469135803
Per position nucleotide content - C position 287,Pass,0.5405725302616167,0.7069184926425252,0.5333333333333333
Per position nucleotide content - C position 288,Pass,0.5185352401405701,0.6957576482003052,0.5135802469135803
Per position nucleotide content - C position 289,Pass,0.5266863529871144,0.7072241022748638,0.5185185185185185
Per position nucleotide content - C position 290,Pass,0.5310913705583756,0.70493493986608,0.5234567901234568
Per position nucleotide content - C position 291,Pass,0.5306886958219446,0.7010856798614017,0.5234567901234568
Per position nucleotide content - C position 292,Pass,0.5256125536899648,0.6968762437036549,0.5185185185185185
Per position nucleotide content - C position 293,Pass,0.5456486723935963,0.7110867065816304,0.5382716049382716
Per position nucleotide content - C position 294,Pass,0.5364359625146428,0.7116427806562434,0.528395061728395
Per position nucleotide content - C position 295,Pass,0.5042463881296368,0.6924081600141501,0.5135802469135803
Per position nucleotide content - C position 296,Pass,0.5151186060132761,0.5594740191186891,0.5234567901234568
Per position nucleotide content - C position 297,Pass,0.5281506247559546,0.6989835547110529,0.5209876543209877
Per position nucleotide content - C position 298,Pass,0.5122632760640374,0.7026505893680174,0.5135802469135803
Per position nucleotide content - C position 299,Pass,0.5256125536899648,0.6968762437036549,0.5185185185185185
Per position nucleotide content - C position 300,Pass,0.5071871339320577,0.6985007153371026,0.5135802469135803
Per position nucleotide content - C position 301,Pass,0.5041121632174932,0.6910704768281056,0.5135802469135803
Per position nucleotide content - C position 302,Pass,0.5018425419757907,0.6916486932855652,0.5135802469135803
Per position nucleotide content - C position 303,Pass,0.5162656188988677,0.6962775949287761,0.5135802469135803
Per position nucleotide content - C position 304,Pass,0.5077118313158921,0.680644239755547,0.5135802469135803
Per position nucleotide content - C position 305,Pass,0.5066502342834831,0.6931723734097888,0.5135802469135803
Per position nucleotide content - C position 306,Pass,0.5519328387348692,0.7264485654594313,0.5432098765432098
Per position nucleotide content - C position 307,Pass,0.5007687426786411,0.6808959003793283,0.5135802469135803
Per position nucleotide content - C position 308,Pass,0.5346910386567747,0.6951064219888247,0.528395061728395
Per position nucleotide content - C position 309,Pass,0.5555325068332683,0.7168988411162692,0.5481481481481482
Per position nucleotide content - C position 310,Pass,0.5213417610308474,0.7004668797392993,0.5135802469135803
Per position nucleotide content - C position 311,Pass,0.5069186841077704,0.6958372501096697,0.5135802469135803
Per position nucleotide content - C position 312,Pass,0.5345690160093712,0.7159748432674141,0.5259259259259259
Per position nucleotide content - C position 313,Pass,0.530957145646232,0.7036515931150955,0.5234567901234568
Per position nucleotide content - C position 314,Pass,0.511189476766888,0.692068153704482,0.5135802469135803
Per position nucleotide content - C position 315,Pass,0.5429763764154627,0.7077484331373577,0.5358024691358024
Per position nucleotide content - C position 316,Pass,0.5258810035142523,0.6994624375123529,0.5185185185185185
Per position nucleotide content - C position 317,Pass,0.5216102108551346,0.7030738860688099,0.5135802469135803
Per position nucleotide content - C position 318,Pass,0.5389740335806326,0.7137058553841779,0.5308641975308642
Per position nucleotide content - C position 319,Pass,0.5302860210855134,0.6972388375997335,0.5234567901234568
Per position nucleotide content - C position 320,Pass,0.5204021866458415,0.6913423575860124,0.5135802469135803
Per position nucleotide content - C position 321,Pass,0.5517864115579851,0.7037380109214162,0.5456790123456791
Per position nucleotide content - C position 322,Pass,0.521475985942991,0.7017703829040547,0.5135802469135803
Per position nucleotide content - C position 323,Pass,0.5336294416243654,0.7070171037344251,0.5259259259259259
Per position nucleotide content - C position 324,Pass,0.5580705778992581,0.7189652262340024,0.5506172839506173
Per position nucleotide content - C position 325,Pass,0.5436475009761812,0.714037687099126,0.5358024691358024
Per position nucleotide content - C position 326,Pass,0.514130222569309,0.6981304311411685,0.5135802469135803
Per position nucleotide content - C position 327,Pass,0.5081145060523233,0.6846369906007641,0.5135802469135803
Per position nucleotide content - C position 328,Pass,0.5308229207340882,0.7023685047796723,0.5234567901234568
Per position nucleotide content - C position 329,Pass,0.5383029090199141,0.7073614372171537,0.5308641975308642
Per position nucleotide content - C position 330,Pass,0.5353621632174932,0.7014583310293472,0.528395061728395
Per position nucleotide content - C position 331,Pass,0.5238798320968372,0.7025540819636158,0.5160493827160494
Per position nucleotide content - C position 332,Pass,0.5061743459586099,0.5531710221219528,0.5135802469135803
Per position nucleotide content - C position 333,Pass,0.5310913705583756,0.70493493986608,0.5234567901234568
Per position nucleotide content - C position 334,Pass,0.532958317063647,0.7006280314828185,0.5259259259259259
Per position nucleotide content - C position 335,Pass,0.5072481452557595,0.563599047439995,0.5135802469135803
Per position nucleotide content - C position 336,Pass,0.5512617141741507,0.7202116752436771,0.5432098765432098
Per position nucleotide content - C position 337,Pass,0.5162656188988677,0.6962775949287761,0.5135802469135803
Per position nucleotide content - C position 338,Pass,0.5185962514642717,0.5705223918312724,0.5259259259259259
Per position nucleotide content - C position 339,Pass,0.5113237016790317,0.6933918132830081,0.5135802469135803
Per position nucleotide content - C position 340,Pass,0.5169367434595862,0.702843646902277,0.5135802469135803
Per position nucleotide content - C position 341,Pass,0.5491873291682937,0.6137466989262614,0.5555555555555556
Per position nucleotide content - C position 342,Pass,0.5137275478328778,0.6941754178640812,0.5135802469135803
Per position nucleotide content - C position 343,Pass,0.5149843811011323,0.5585078978702631,0.5234567901234568
Per position nucleotide content - C position 344,Pass,0.5627440452948067,0.7194349377057639,0.5555555555555556
Per position nucleotide content - C position 345,Pass,0.5018425419757907,0.6916486932855652,0.5135802469135803
Per position nucleotide content - C position 346,Pass,0.5046490628660679,0.6964187009468681,0.5135802469135803
Per position nucleotide content - C position 347,Pass,0.5188036899648575,0.6983747330414211,0.5135802469135803
Per position nucleotide content - C position 348,Pass,0.5045148379539243,0.695082264354684,0.5135802469135803
Per position nucleotide content - C position 349,Pass,0.5054422100741898,0.6811614575097729,0.5135802469135803
Per position nucleotide content - C position 350,Pass,0.5146671222178836,0.7034012571399618,0.5135802469135803
Per position nucleotide content - C position 351,Pass,0.5405725302616167,0.7069184926425252,0.5333333333333333
Per position nucleotide content - C position 352,Pass,0.5018425419757907,0.6916486932855652,0.5135802469135803
Per position nucleotide content - C position 353,Pass,0.5481867434595862,0.713163331725578,0.5407407407407407
Per position nucleotide content - C position 354,Pass,0.5229402577118313,0.6934655328819153,0.5160493827160494
Per position nucleotide content - C position 355,Pass,0.527943186255369,0.5809451135220022,0.5358024691358024
Per position nucleotide content - C position 356,Pass,0.5475156188988677,0.7069357810005479,0.5407407407407407
Per position nucleotide content - C position 357,Pass,0.5177298906677079,0.6879047864724487,0.5135802469135803
Per position nucleotide content - C position 358,Pass,0.5265521280749708,0.7059301842646211,0.5185185185185185
Per position nucleotide content - C position 359,Pass,0.5183278016399844,0.5685194691069327,0.5259259259259259
Per position nucleotide content - C position 360,Pass,0.5457828973057399,0.7123391726730557,0.5382716049382716
Per position nucleotide content - C position 361,Pass,0.511189476766888,0.692068153704482,0.5135802469135803
Per position nucleotide content - C position 362,Pass,0.5110552518547442,0.6907442357103948,0.5135802469135803
Per position nucleotide content - C position 363,Pass,0.5261494533385397,0.702049158220312,0.5185185185185185
Per position nucleotide content - C position 364,Pass,0.5318967200312379,0.7126401823803912,0.5234567901234568
Per position nucleotide content - C position 365,Pass,0.508578192112456,0.5559182748692055,0.5160493827160494
Per position nucleotide content - C position 366,Pass,0.5084439672003123,0.5546765077212423,0.5160493827160494
Per position nucleotide content - C position 367,Pass,0.5038437133932057,0.6883938083599674,0.5135802469135803
Per position nucleotide content - C position 368,Pass,0.5236113822725498,0.6999570273681949,0.5160493827160494
Per position nucleotide content - C position 369,Pass,0.5547271573604061,0.7095265400764554,0.5481481481481482
Per position nucleotide content - C position 370,Pass,0.5563378563061304,0.7243043805226547,0.5481481481481482
Per position nucleotide content - C position 371,Pass,0.5480525185474424,0.7119163297987134,0.5407407407407407
Per position nucleotide content - C position 372,Pass,0.5170709683717297,0.704156502154418,0.5135802469135803
Per position nucleotide content - C position 373,Pass,0.5132516595080047,0.5604882086123699,0.5209876543209877
Per position nucleotide content - C position 374,Pass,0.5043073994533386,0.5559097872562214,0.5135802469135803
Per position nucleotide content - C position 375,Pass,0.5041121632174932,0.6910704768281056,0.5135802469135803
Per position nucleotide content - C position 376,Pass,0.5036362748926201,0.5491202662099448,0.5135802469135803
Per position nucleotide content - C position 377,Pass,0.5408409800859039,0.7094433128204023,0.5333333333333333
Per position nucleotide content - C position 378,Pass,0.5068454705193284,0.5596885379457291,0.5135802469135803
Per position nucleotide content - C position 379,Pass,0.5179251269035533,0.5656242567562977,0.5259259259259259
Per position nucleotide content - C position 380,Pass,0.5153870558375635,0.5614556345789065,0.5234567901234568
Per position nucleotide content - C position 381,Pass,0.5062475595470519,0.6891722938518288,0.5135802469135803
Per position nucleotide content - C position 382,Pass,0.5184010152284264,0.694449008559378,0.5135802469135803
Per position nucleotide content - C position 383,Pass,0.5037704998047637,0.550482850078942,0.5135802469135803
Per position nucleotide content - C position 384,Pass,0.5080412924638813,0.5509690576557027,0.5160493827160494
Per position nucleotide content - C position 385,Pass,0.5358990628660679,0.7065474529677489,0.528395061728395
Per position nucleotide content - C position 386,Pass,0.5460513471300273,0.7148460307832015,0.5382716049382716
Per position nucleotide content - C position 387,Pass,0.5540682350644279,0.7247442524720966,0.5456790123456791
Per position nucleotide content - C position 388,Pass,0.5468566966028896,0.7223811721273651,0.5382716049382716
Per position nucleotide content - C position 389,Pass,0.5183278016399844,0.5685194691069327,0.5259259259259259
Per position nucleotide content - C position 390,Pass,0.5011714174150723,0.6849321011757561,0.5135802469135803
Per position nucleotide content - C position 391,Pass,0.5513959390862944,0.7214576674813562,0.5432098765432098
Per position nucleotide content - C position 392,Pass,0.5512617141741507,0.7202116752436771,0.5432098765432098
Per position nucleotide content - C position 393,Pass,0.51199482623975,0.7000064014062333,0.5135802469135803
Per position nucleotide content - C position 394,Pass,0.5218786606794221,0.7056808923983204,0.5135802469135803
Per position nucleotide content - C position 395,Pass,0.5076386177274502,0.547293253215419,0.5160493827160494
Per position nucleotide content - C position 396,Pass,0.5678201874267864,0.7235612106249372,0.5604938271604938
Per position nucleotide content - C position 397,Pass,0.5268205778992581,0.7085181378943641,0.5185185185185185
Per position nucleotide content - C position 398,Pass,0.5296270987895353,0.7131607660845319,0.5209876543209877
Per position nucleotide content - C position 399,Pass,0.5553982819211245,0.7156677118142103,0.5481481481481482
Per position nucleotide content - C position 400,Pass,0.5284190745802421,0.7015595427087293,0.5209876543209877
Per position nucleotide content - C position 401,Pass,0.5184620265521281,0.569514292187727,0.5259259259259259
Per position nucleotide content - C position 402,Pass,0.5114579265911753,0.6947152193217385,0.5135802469135803
Per position nucleotide content - C position 403,Pass,0.5268205778992581,0.7085181378943641,0.5185185185185185
Per position nucleotide content - C position 404,Pass,0.5289559742288169,0.706713837831696,0.5209876543209877
Per position nucleotide content - C position 405,Pass,0.5062475595470519,0.6891722938518288,0.5135802469135803
Per position nucleotide content - C position 406,Pass,0.516534068723155,0.6989043797392993,0.5135802469135803
Per position nucleotide content - C position 407,Pass,0.5156555056618508,0.5634954259339418,0.5234567901234568
Per position nucleotide content - C position 408,Pass,0.5357648379539242,0.7052745720469916,0.528395061728395
Per position nucleotide content - C position 409,Pass,0.5407067551737602,0.708180639314311,0.5333333333333333
Per position nucleotide content - C position 410,Pass,0.5058448848106208,0.6851687245511272,0.5135802469135803
Per position nucleotide content - C position 411,Pass,0.5134590980085904,0.691537788352822,0.5135802469135803
Per position nucleotide content - C position 412,Pass,0.5135201093322921,0.5627162835284663,0.5209876543209877
Per position nucleotide content - C position 413,Pass,0.5544587075361187,0.7070771914046026,0.5481481481481482
Per position nucleotide content - C position 414,Pass,0.529358648965248,0.7105814767094824,0.5209876543209877
Per position nucleotide content - C position 415,Pass,0.5228060327996876,0.6921674400942631,0.5160493827160494
Per position nucleotide content - C position 416,Pass,0.5242825068332682,0.7064501231675513,0.5160493827160494
Per position nucleotide content - C position 417,Pass,0.5038437133932057,0.6883938083599674,0.5135802469135803
Per position nucleotide content - C position 418,Pass,0.5216102108551346,0.7030738860688099,0.5135802469135803
Per position nucleotide content - C position 419,Pass,0.5290901991409607,0.7080028738224691,0.5209876543209877
Per position nucleotide content - C position 420,Pass,0.5089808668488871,0.5596588512038475,0.5160493827160494
Per position nucleotide content - C position 421,Pass,0.5082609332292074,0.7091414462705731,0.5135802469135803
Per position nucleotide content - C position 422,Pass,0.5241482819211245,0.7051513830416147,0.5160493827160494
Per position nucleotide content - C position 423,Pass,0.5290901991409607,0.7080028738224691,0.5209876543209877
Per position nucleotide content - C position 424,Pass,0.5086514057008981,0.6899557536918808,0.5135802469135803
Per position nucleotide content - C position 425,Pass,0.514130222569309,0.6981304311411685,0.5135802469135803
Per position nucleotide content - C position 426,Pass,0.5015740921515033,0.6889635589041777,0.5135802469135803
Per position nucleotide content - C position 427,Pass,0.5037094884810621,0.6870548064376686,0.5135802469135803
Per position nucleotide content - C position 428,Pass,0.500292854353768,0.5363327403936541,0.5135802469135803
Per position nucleotide content - C position 429,Pass,0.5484551932838735,0.715659474427429,0.5407407407407407
Per position nucleotide content - C position 430,Pass,0.564354744240531,0.7340856931381466,0.5555555555555556
Per position nucleotide content - C position 431,Pass,0.5305544709098008,0.6998031234917867,0.5234567901234568
Per position nucleotide content - C position 432,Pass,0.5046490628660679,0.6964187009468681,0.5135802469135803
Per position nucleotide content - C position 433,Pass,0.5134590980085904,0.691537788352822,0.5135802469135803
Per position nucleotide content - C position 434,Pass,0.503233600156189,0.5450158329923435,0.5135802469135803
Per position nucleotide content - C position 435,Pass,0.5286875244045295,0.7041363135034238,0.5209876543209877
Per position nucleotide content - C position 436,Pass,0.516534068723155,0.6989043797392993,0.5135802469135803
Per position nucleotide content - C position 437,Pass,0.5000244045294807,0.5333792337176432,0.5135802469135803
Per position nucleotide content - C position 438,Pass,0.5168025185474423,0.7015306761922666,0.5135802469135803
Per position nucleotide content - C position 439,Pass,0.5208048613822726,0.6952528670802782,0.5135802469135803
Per position nucleotide content - C position 440,Pass,0.5316282702069505,0.7100708153161622,0.5234567901234568
Per position nucleotide content - C position 441,Pass,0.5217444357672785,0.7043773892335652,0.5135802469135803
Per position nucleotide content - C position 442,Pass,0.5089808668488871,0.5596588512038475,0.5160493827160494
Per position nucleotide content - C position 443,Pass,0.5104451386177274,0.5540545704385414,0.5185185185185185
Per position nucleotide content - C position 444,Pass,0.5257467786021085,0.6981692734708399,0.5185185185185185
Per position nucleotide content - C position 445,Pass,0.5298101327606405,0.5821552494697921,0.5382716049382716
Per position nucleotide content - C position 446,Pass,0.5256735650136666,0.578505301178736,0.5333333333333333
Per position nucleotide content - C position 447,Pass,0.5139959976571651,0.6968122793958607,0.5135802469135803
Per position nucleotide content - C position 448,Pass,0.5057716712221789,0.5492605126276869,0.5135802469135803
Per position nucleotide content - C position 449,Pass,0.5056374463100352,0.5479570094629317,0.5135802469135803
Per position nucleotide content - C position 450,Pass,0.5459171222178836,0.7135922848033838,0.5382716049382716
Per position nucleotide content - C position 451,Pass,0.5066502342834831,0.6931723734097888,0.5135802469135803
Per position nucleotide content - C position 452,Pass,0.5023794416243654,0.6970132800082038,0.5135802469135803
Per position nucleotide content - C position 453,Pass,0.5098594299101913,0.7019044573530033,0.5135802469135803
Per position nucleotide content - C position 454,Pass,0.5112504880905896,0.5610971773876334,0.5185185185185185
Per position nucleotide content - C position 455,Pass,0.5083829558766108,0.6872970501426467,0.5135802469135803
Per position nucleotide content - C position 456,Pass,0.5128489847715736,0.5572162687221909,0.5209876543209877
Per position nucleotide content - C position 457,Pass,0.5306154822335025,0.5854906225253095,0.5382716049382716
Per position nucleotide content - C position 458,Pass,0.5189379148770012,0.6996831806797382,0.5135802469135803
Per position nucleotide content - C position 459,Pass,0.5089808668488871,0.5596588512038475,0.5160493827160494
Per position nucleotide content - C position 460,Pass,0.5091883053494728,0.6952692955776594,0.5135802469135803
Per position nucleotide content - C position 461,Pass,0.5489920929324482,0.7206599466836354,0.5407407407407407
Per position nucleotide content - C position 462,Pass,0.5055032213978915,0.5466535062981763,0.5135802469135803
Per position nucleotide content - C position 463,Pass,0.5459781335415853,0.6078727204361722,0.5530864197530864
Per position nucleotide content - C position 464,Pass,0.53924248340492,0.7162465870145281,0.5308641975308642
Per position nucleotide content - C position 465,Pass,0.5326898672393596,0.6980747764567772,0.5259259259259259
Per position nucleotide content - C position 466,Pass,0.5065160093713392,0.6918393891129581,0.5135802469135803
Per position nucleotide content - C position 467,Pass,0.5306886958219446,0.7010856798614017,0.5234567901234568
Per position nucleotide content - C position 468,Pass,0.511189476766888,0.692068153704482,0.5135802469135803
Per position nucleotide content - C position 469,Pass,0.5098594299101913,0.7019044573530033,0.5135802469135803
Per position nucleotide content - C position 470,Pass,0.5062475595470519,0.6891722938518288,0.5135802469135803
Per position nucleotide content - C position 471,Pass,0.5034410386567747,0.6843754240005452,0.5135802469135803
Per position nucleotide content - C position 472,Pass,0.5202801639984381,0.7127644482600085,0.5135802469135803
Per position nucleotide content - C position 473,Pass,0.5152528309254197,0.5604570094629316,0.5234567901234568
Per position nucleotide content - C position 474,Pass,0.5030993752440454,0.5436414581054052,0.5135802469135803
Per position nucleotide content - C position 475,Pass,0.5238798320968372,0.7025540819636158,0.5160493827160494
Per position nucleotide content - C position 476,Pass,0.5091883053494728,0.6952692955776594,0.5135802469135803
Per position nucleotide content - C position 477,Pass,0.5042463881296368,0.6924081600141501,0.5135802469135803
Per position nucleotide content - C position 478,Pass,0.5177909019914096,0.564692611393119,0.5259259259259259
Per position nucleotide content - C position 479,Pass,0.5040389496290512,0.5532007088638344,0.5135802469135803
Per position nucleotide content - C position 480,Pass,0.5174736431081609,0.7080943959045624,0.5135802469135803
Per position nucleotide content - C position 481,Pass,0.5439159508004686,0.7165573461650322,0.5358024691358024
Per position nucleotide content - C position 482,Pass,0.5330925419757907,0.7019051808531545,0.5259259259259259
Per position nucleotide content - C position 483,Pass,0.5305544709098008,0.6998031234917867,0.5234567901234568
Per position nucleotide content - C position 484,Pass,0.5062475595470519,0.6891722938518288,0.5135802469135803
Per position nucleotide content - C position 485,Pass,0.5348374658336587,0.7185367578351896,0.5259259259259259
Per position nucleotide content - C position 486,Pass,0.5095909800859039,0.699251256099391,0.5135802469135803
Per position nucleotide content - C position 487,Pass,0.513117434595861,0.559387545204207,0.5209876543209877
Per position nucleotide content - C position 488,Pass,0.5011714174150723,0.6849321011757561,0.5135802469135803
Per position nucleotide content - C position 489,Pass,0.5005613041780554,0.5392524421578113,0.5135802469135803
Per position nucleotide content - C position 490,Pass,0.5192673760249902,0.5757349697700922,0.5259259259259259
Per position nucleotide content - C position 491,Pass,0.5095909800859039,0.699251256099391,0.5135802469135803
Per position nucleotide content - C position 492,Pass,0.5193405896134322,0.7036081584643344,0.5135802469135803
Per position nucleotide content - C position 493,Pass,0.5045148379539243,0.695082264354684,0.5135802469135803
Per position nucleotide content - C position 494,Pass,0.5022452167122218,0.6956728219284449,0.5135802469135803
Per position nucleotide content - C position 495,Pass,0.5258810035142523,0.6994624375123529,0.5185185185185185
Per position nucleotide content - C position 496,Pass,0.5087124170245997,0.5571626973297188,0.5160493827160494
Per position nucleotide content - C position 497,Pass,0.5152528309254197,0.5604570094629316,0.5234567901234568
Per position nucleotide content - C position 498,Pass,0.5081755173760251,0.5522016890982752,0.5160493827160494
Per position nucleotide content - C position 499,Pass,0.5034410386567747,0.6843754240005452,0.5135802469135803
Per position nucleotide content - C position 500,Pass,0.5023794416243654,0.6970132800082038,0.5135802469135803
Per position nucleotide content - C,Pass,0.5726278797344787,0.7340856931381466,0.5654320987654321
Per position nucleotide content - G position 1,Pass,0.5073213588442015,0.6998319346881107,0.5135802469135803
Per position nucleotide content - G position 2,Pass,0.5093225302616167,0.6965969106990516,0.5135802469135803
Per position nucleotide content - G position 3,Pass,0.5139959976571651,0.6968122793958607,0.5135802469135803
Per position nucleotide content - G position 4,Pass,0.5213417610308474,0.7004668797392993,0.5135802469135803
Per position nucleotide content - G position 5,Pass,0.5196090394377196,0.7062245171436229,0.5135802469135803
Per position nucleotide content - G position 6,Pass,0.5100424638812964,0.5506254473370868,0.5185185185185185
Per position nucleotide content - G position 7,Pass,0.5000244045294807,0.5333792337176432,0.5135802469135803
Per position nucleotide content - G position 8,Pass,0.5409752049980476,0.7107065031576159,0.5333333333333333
Per position nucleotide content - G position 9,Pass,0.5524575361187036,0.7098894491818047,0.5456790123456791
Per position nucleotide content - G position 10,Pass,0.5026967005076142,0.5394962435571573,0.5135802469135803
Per position nucleotide content - G position 11,Pass,0.5135933229207341,0.6928567009460929,0.5135802469135803
Per position nucleotide content - G position 12,Pass,0.5413778797344788,0.7144990788520547,0.5333333333333333
Per position nucleotide content - G position 13,Pass,0.5332267668879344,0.7031826691790457,0.5259259259259259
Per position nucleotide content - G position 14,Pass,0.5531286606794221,0.7160642789797901,0.5456790123456791
Per position nucleotide content - G position 15,Pass,0.5112504880905896,0.5610971773876334,0.5185185185185185
Per position nucleotide content - G position 16,Pass,0.5706267083170636,0.7280211930322235,0.562962962962963
Per position nucleotide content - G position 17,Pass,0.5330925419757907,0.7019051808531545,0.5259259259259259
Per position nucleotide content - G position 18,Pass,0.5260152284263959,0.7007557332624422,0.5185185185185185
Per position nucleotide content - G position 19,Pass,0.5209390862944162,0.6965563702450335,0.5135802469135803
Per position nucleotide content - G position 20,Pass,0.5159971690745803,0.6936503029777142,0.5135802469135803
Per position nucleotide content - G position 21,Pass,0.5066502342834831,0.6931723734097888,0.5135802469135803
Per position nucleotide content - G position 22,Pass,0.5131906481843029,0.6888993608433414,0.5135802469135803
Per position nucleotide content - G position 23,Pass,0.5030383639203436,0.6803527673692356,0.5135802469135803
Per position nucleotide content - G position 24,Pass,0.5354963881296368,0.7027300032799187,0.528395061728395
Per position nucleotide content - G position 25,Pass,0.5117263764154627,0.6973612896771876,0.5135802469135803
Per position nucleotide content - G position 26,Pass,0.5332267668879344,0.7031826691790457,0.5259259259259259
Per position nucleotide content - G position 27,Pass,0.5063817844591956,0.6905060316372403,0.5135802469135803
Per position nucleotide content - G position 28,Pass,0.5103109137055838,0.5529035062981763,0.5185185185185185
Per position nucleotide content - G position 29,Pass,0.5289559742288169,0.706713837831696,0.5209876543209877
Per position nucleotide content - G position 30,Pass,0.5308229207340882,0.7023685047796723,0.5234567901234568
Per position nucleotide content - G position 31,Pass,0.5256125536899648,0.6968762437036549,0.5185185185185185
Per position nucleotide content - G position 32,Pass,0.5134590980085904,0.691537788352822,0.5135802469135803
Per position nucleotide content - G position 33,Pass,0.5154602694260054,0.6883941175791518,0.5135802469135803
Per position nucleotide content - G position 34,Pass,0.5058448848106208,0.6851687245511272,0.5135802469135803
Per position nucleotide content - G position 35,Pass,0.5217444357672785,0.7043773892335652,0.5135802469135803
Per position nucleotide content - G position 36,Pass,0.5067844591956268,0.6945049914813763,0.5135802469135803
Per position nucleotide content - G position 37,Pass,0.5135933229207341,0.6928567009460929,0.5135802469135803
Per position nucleotide content - G position 38,Pass,0.5193405896134322,0.7036081584643344,0.5135802469135803
Per position nucleotide content - G position 39,Pass,0.516534068723155,0.6989043797392993,0.5135802469135803
Per position nucleotide content - G position 40,Pass,0.5334952167122218,0.7057386368723086,0.5259259259259259
Per position nucleotide content - G position 41,Pass,0.5030383639203436,0.6803527673692356,0.5135802469135803
Per position nucleotide content - G position 42,Pass,0.5041121632174932,0.6910704768281056,0.5135802469135803
Per position nucleotide content - G position 43,Pass,0.5088466419367434,0.5584096073988317,0.5160493827160494
Per position nucleotide content - G position 44,Pass,0.5282848496680984,0.7002714489724897,0.5209876543209877
Per position nucleotide content - G position 45,Pass,0.5158629441624365,0.6923364606897165,0.5135802469135803
Per position nucleotide content - G position 46,Pass,0.5051859625146428,0.7017605149660608,0.5135802469135803
Per position nucleotide content - G position 47,Pass,0.5431106013276064,0.7090051095921575,0.5358024691358024
Per position nucleotide content - G position 48,Pass,0.516131393986724,0.6949640135571353,0.5135802469135803
Per position nucleotide content - G position 49,Pass,0.5182667903162826,0.6931403024268499,0.5135802469135803
Per position nucleotide content - G position 50,Pass,0.5515301639984381,0.7227043653745823,0.5432098765432098
Per position nucleotide content - G position 51,Pass,0.5216102108551346,0.7030738860688099,0.5135802469135803
Per position nucleotide content - G position 52,Pass,0.5155212807497072,0.562468777697204,0.5234567901234568
Per position nucleotide content - G position 53,Pass,0.5204021866458415,0.6913423575860124,0.5135802469135803
Per position nucleotide content - G position 54,Pass,0.511592151503319,0.696038376574544,0.5135802469135803
Per position nucleotide content - G position 55,Pass,0.5209390862944162,0.6965563702450335,0.5135802469135803
Per position nucleotide content - G position 56,Pass,0.5236113822725498,0.6999570273681949,0.5160493827160494
Per position nucleotide content - G position 57,Pass,0.5374975595470519,0.6997633174038951,0.5308641975308642
Per position nucleotide content - G position 58,Pass,0.5046490628660679,0.6964187009468681,0.5135802469135803
Per position nucleotide content - G position 59,Pass,0.5011714174150723,0.6849321011757561,0.5135802469135803
Per position nucleotide content - G position 60,Pass,0.5086514057008981,0.6899557536918808,0.5135802469135803
Per position nucleotide content - G position 61,Pass,0.5069186841077704,0.6958372501096697,0.5135802469135803
Per position nucleotide content - G position 62,Pass,0.5004270792659118,0.5377964999686657,0.5135802469135803
Per position nucleotide content - G position 63,Pass,0.5135933229207341,0.6928567009460929,0.5135802469135803
Per position nucleotide content - G position 64,Pass,0.5103109137055838,0.5529035062981763,0.5185185185185185
Per position nucleotide content - G position 65,Pass,0.5537997852401406,0.7222603277267409,0.5456790123456791
Per position nucleotide content - G position 66,Pass,0.5019767668879344,0.6929905370683712,0.5135802469135803
Per position nucleotide content - G position 67,Pass,0.5042463881296368,0.6924081600141501,0.5135802469135803
Per position nucleotide content - G position 68,Pass,0.5365701874267865,0.7129175283574607,0.528395061728395
Per position nucleotide content - G position 69,Pass,0.511592151503319,0.696038376574544,0.5135802469135803
Per position nucleotide content - G position 70,Pass,0.5017083170636469,0.6903063702450336,0.5135802469135803
Per position nucleotide content - G position 71,Pass,0.5184010152284264,0.694449008559378,0.5135802469135803
Per position nucleotide content - G position 72,Pass,0.5201947481452558,0.5680105126276869,0.528395061728395
Per position nucleotide content - G position 73,Pass,0.511189476766888,0.692068153704482,0.5135802469135803
Per position nucleotide content - G position 74,Pass,0.5356306130417805,0.7040020862519634,0.528395061728395
Per position nucleotide content - G position 75,Pass,0.5367044123389302,0.7141926288864514,0.528395061728395
Per position nucleotide content - G position 76,Pass,0.509993654822335,0.703230641809322,0.5135802469135803
Per position nucleotide content - G position 77,Pass,0.5257467786021085,0.6981692734708399,0.5185185185185185
Per position nucleotide content - G position 78,Pass,0.5189379148770012,0.6996831806797382,0.5135802469135803
Per position nucleotide content - G position 79,Pass,0.5241482819211245,0.7051513830416147,0.5160493827160494
Per position nucleotide content - G position 80,Pass,0.5175956657555643,0.6865957276904088,0.5135802469135803
Per position nucleotide content - G position 81,Pass,0.5069186841077704,0.6958372501096697,0.5135802469135803
Per position nucleotide content - G position 82,Pass,0.5611455486138227,0.7259242716352994,0.5530864197530864
Per position nucleotide content - G position 83,Pass,0.5025624755954705,0.5381061603058219,0.5135802469135803
Per position nucleotide content - G position 84,Pass,0.5108478133541585,0.5575493371390156,0.5185185185185185
Per position nucleotide content - G position 85,Pass,0.5364359625146428,0.7116427806562434,0.528395061728395
Per position nucleotide content - G position 86,Pass,0.5188036899648575,0.6983747330414211,0.5135802469135803
Per position nucleotide content - G position 87,Pass,0.5135201093322921,0.5627162835284663,0.5209876543209877
Per position nucleotide content - G position 88,Pass,0.5072359429910192,0.5436571172349633,0.5160493827160494
Per position nucleotide content - G position 89,Pass,0.5015740921515033,0.6889635589041777,0.5135802469135803
Per position nucleotide content - G position 90,Pass,0.5043806130417805,0.6937454199181973,0.5135802469135803
Per position nucleotide content - G position 91,Pass,0.5305544709098008,0.6998031234917867,0.5234567901234568
Per position nucleotide content - G position 92,Pass,0.5086514057008981,0.6899557536918808,0.5135802469135803
Per position nucleotide content - G position 93,Pass,0.5113237016790317,0.6933918132830081,0.5135802469135803
Per position nucleotide content - G position 94,Pass,0.5387055837563451,0.7111667858152485,0.5308641975308642
Per position nucleotide content - G position 95,Pass,0.5009029675907849,0.6822418447629952,0.5135802469135803
Per position nucleotide content - G position 96,Pass,0.5015008785630612,0.5492661919533747,0.5135802469135803
Per position nucleotide content - G position 97,Pass,0.518059351815697,0.5665734013101387,0.5259259259259259
Per position nucleotide content - G position 98,Pass,0.5104451386177274,0.5540545704385414,0.5185185185185185
Per position nucleotide content - G position 99,Pass,0.5058448848106208,0.6851687245511272,0.5135802469135803
Per position nucleotide content - G position 100,Pass,0.5416463295587661,0.717029874382495,0.5333333333333333
Per position nucleotide content - G position 101,Pass,0.5361675126903553,0.7090943703656407,0.528395061728395
Per position nucleotide content - G position 102,Pass,0.5206706364701288,0.693949363915523,0.5135802469135803
Per position nucleotide content - G position 103,Pass,0.5484551932838735,0.715659474427429,0.5407407407407407
Per position nucleotide content - G position 104,Pass,0.5000976181179226,0.6741575755112134,0.5135802469135803
Per position nucleotide content - G position 105,Pass,0.5192063647012886,0.7022998922607604,0.5135802469135803
Per position nucleotide content - G position 106,Pass,0.519474814525576,0.7049163664044367,0.5135802469135803
Per position nucleotide content - G position 107,Pass,0.5289559742288169,0.706713837831696,0.5209876543209877
Per position nucleotide content - G position 108,Pass,0.5440501757126123,0.7178179819804185,0.5358024691358024
Per position nucleotide content - G position 109,Pass,0.5204021866458415,0.6913423575860124,0.5135802469135803
Per position nucleotide content - G position 110,Pass,0.529358648965248,0.7105814767094824,0.5209876543209877
Per position nucleotide content - G position 111,Pass,0.5113237016790317,0.6933918132830081,0.5135802469135803
Per position nucleotide content - G position 112,Pass,0.5039047247169074,0.5518429463393397,0.5135802469135803
Per position nucleotide content - G position 113,Pass,0.5284190745802421,0.7015595427087293,0.5209876543209877
Per position nucleotide content - G position 114,Pass,0.521475985942991,0.7017703829040547,0.5135802469135803
Per position nucleotide content - G position 115,Pass,0.5142644474814526,0.6994484014799061,0.5135802469135803
Per position nucleotide content - G position 116,Pass,0.5238798320968372,0.7025540819636158,0.5160493827160494
Per position nucleotide content - G position 117,Pass,0.5061743459586099,0.5531710221219528,0.5135802469135803
Per position nucleotide content - G position 118,Pass,0.5192063647012886,0.7022998922607604,0.5135802469135803
Per position nucleotide content - G position 119,Pass,0.5142644474814526,0.6994484014799061,0.5135802469135803
Per position nucleotide content - G position 120,Pass,0.514130222569309,0.6981304311411685,0.5135802469135803
Per position nucleotide content - G position 121,Pass,0.5551298320968372,0.7132082914007867,0.5481481481481482
Per position nucleotide content - G position 122,Pass,0.5099082389691526,0.5494997535606672,0.5185185185185185
Per position nucleotide content - G position 123,Pass,0.5576679031628271,0.715288869782165,0.5506172839506173
Per position nucleotide content - G position 124,Pass,0.5404383053494728,0.7056568830680506,0.5333333333333333
Per position nucleotide content - G position 125,Pass,0.5333609918000781,0.7044604899629416,0.5259259259259259
Per position nucleotide content - G position 126,Pass,0.5374975595470519,0.6997633174038951,0.5308641975308642
Per position nucleotide content - G position 127,Pass,0.5113847130027332,0.5622898649495519,0.5185185185185185
Per position nucleotide content - G position 128,Pass,0.5424516790316283,0.7246330838091869,0.5333333333333333
Per position nucleotide content - G position 129,Pass,0.5580705778992581,0.7189652262340024,0.5506172839506173
Per position nucleotide content - G position 130,Pass,0.5035020499804763,0.5477550270283972,0.5135802469135803
Per position nucleotide content - G position 131,Pass,0.5139959976571651,0.6968122793958607,0.5135802469135803
Per position nucleotide content - G position 132,Pass,0.5076386177274502,0.547293253215419,0.5160493827160494
Per position nucleotide content - G position 133,Pass,0.5090540804373291,0.6939413781119831,0.5135802469135803
Per position nucleotide content - G position 134,Pass,0.5166682936352986,0.7002175878729988,0.5135802469135803
Per position nucleotide content - G position 135,Pass,0.5173394181960171,0.7067818746314455,0.5135802469135803
Per position nucleotide content - G position 136,Pass,0.5030993752440454,0.5436414581054052,0.5135802469135803
Per position nucleotide content - G position 137,Pass,0.528016399843811,0.6976958638229492,0.5209876543209877
Per position nucleotide content - G position 138,Pass,0.5178641155798516,0.6892137719130063,0.5135802469135803
Per position nucleotide content - G position 139,Pass,0.5483209683717297,0.7144110511284792,0.5407407407407407
Per position nucleotide content - G position 140,Pass,0.5475766302225693,0.6095898540580823,0.5555555555555556
Per position nucleotide content - G position 141,Pass,0.5379612456071847,0.5957413566200543,0.5456790123456791
Per position nucleotide content - G position 142,Pass,0.5130564232721593,0.6875798380278145,0.5135802469135803
Per position nucleotide content - G position 143,Pass,0.5110552518547442,0.6907442357103948,0.5135802469135803
Per position nucleotide content - G position 144,Pass,0.5240140570089808,0.7038527022681869,0.5160493827160494
Per position nucleotide content - G position 145,Pass,0.5433790511518938,0.7115202463764223,0.5358024691358024
Per position nucleotide content - G position 146,Pass,0.5021109918000781,0.694331910414146,0.5135802469135803
Per position nucleotide content - G position 147,Pass,0.5067844591956268,0.6945049914813763,0.5135802469135803
Per position nucleotide content - G position 148,Pass,0.5205364115579851,0.6926458607507677,0.5135802469135803
Per position nucleotide content - G position 149,Pass,0.5236113822725498,0.6999570273681949,0.5160493827160494
Per position nucleotide content - G position 150,Pass,0.5086514057008981,0.6899557536918808,0.5135802469135803
Per position nucleotide content - G position 151,Pass,0.5056374463100352,0.5479570094629317,0.5135802469135803
Per position nucleotide content - G position 152,Pass,0.5066502342834831,0.6931723734097888,0.5135802469135803
Per position nucleotide content - G position 153,Pass,0.511189476766888,0.692068153704482,0.5135802469135803
Per position nucleotide content - G position 154,Pass,0.5127269621241702,0.5744269080913577,0.5185185185185185
Per position nucleotide content - G position 155,Pass,0.5312255954705193,0.7062185401568603,0.5234567901234568
Per position nucleotide content - G position 156,Pass,0.5553982819211245,0.7156677118142103,0.5481481481481482
Per position nucleotide content - G position 157,Pass,0.5017083170636469,0.6903063702450336,0.5135802469135803
Per position nucleotide content - G position 158,Pass,0.5188036899648575,0.6983747330414211,0.5135802469135803
Per position nucleotide content - G position 159,Pass,0.5413778797344788,0.7144990788520547,0.5333333333333333
Per position nucleotide content - G position 160,Pass,0.5159971690745803,0.6936503029777142,0.5135802469135803
Per position nucleotide content - G position 161,Pass,0.5403040804373291,0.7043958211222071,0.5333333333333333
Per position nucleotide content - G position 162,Pass,0.523074482623975,0.69476369616308,0.5160493827160494
Per position nucleotide content - G position 163,Pass,0.5284190745802421,0.7015595427087293,0.5209876543209877
Per position nucleotide content - G position 164,Pass,0.5465882467786021,0.7198671198785387,0.5382716049382716
Per position nucleotide content - G position 165,Pass,0.5316282702069505,0.7100708153161622,0.5234567901234568
Per position nucleotide content - G position 166,Pass,0.542842151503319,0.7064923668025571,0.5358024691358024
Per position nucleotide content - G position 167,Pass,0.547784068723155,0.7094245344624264,0.5407407407407407
Per position nucleotide content - G position 168,Pass,0.5159971690745803,0.6936503029777142,0.5135802469135803
Per position nucleotide content - G position 169,Pass,0.5081755173760251,0.5522016890982752,0.5160493827160494
Per position nucleotide content - G position 170,Pass,0.5433790511518938,0.7115202463764223,0.5358024691358024
Per position nucleotide content - G position 171,Pass,0.5316282702069505,0.7100708153161622,0.5234567901234568
Per position nucleotide content - G position 172,Pass,0.5531286606794221,0.7160642789797901,0.5456790123456791
Per position nucleotide content - G position 173,Pass,0.5278821749316673,0.6964083803089656,0.5209876543209877
Per position nucleotide content - G position 174,Pass,0.5101156774697384,0.6814691370642494,0.5135802469135803
Per position nucleotide content - G position 175,Pass,0.5097252049980476,0.7005779971363009,0.5135802469135803
Per position nucleotide content - G position 176,Pass,0.5304812573213589,0.5848477958933237,0.5382716049382716
Per position nucleotide content - G position 177,Pass,0.5536655603279969,0.7210195156492419,0.5456790123456791
Per position nucleotide content - G position 178,Pass,0.5002440452948067,0.6989644744878728,0.5135802469135803
Per position nucleotide content - G position 179,Pass,0.508248730964467,0.6859671931834721,0.5135802469135803
Per position nucleotide content - G position 180,Pass,0.5029651503319016,0.5422635833803346,0.5135802469135803
Per position nucleotide content - G position 181,Pass,0.528016399843811,0.6976958638229492,0.5209876543209877
Per position nucleotide content - G position 182,Pass,0.5109210269426006,0.6894200542991549,0.5135802469135803
Per position nucleotide content - G position 183,Pass,0.5360332877782116,0.7078207215118479,0.528395061728395
Per position nucleotide content - G position 184,Pass,0.5228060327996876,0.6921674400942631,0.5160493827160494
Per position nucleotide content - G position 185,Pass,0.5431106013276064,0.7090051095921575,0.5358024691358024
Per position nucleotide content - G position 186,Pass,0.5005613041780554,0.5392524421578113,0.5135802469135803
Per position nucleotide content - G position 187,Pass,0.5114579265911753,0.6947152193217385,0.5135802469135803
Per position nucleotide content - G position 188,Pass,0.5137275478328778,0.6941754178640812,0.5135802469135803
Per position nucleotide content - G position 189,Pass,0.5281506247559546,0.6989835547110529,0.5209876543209877
Per position nucleotide content - G position 190,Pass,0.5010371925029286,0.6835872415180313,0.5135802469135803
Per position nucleotide content - G position 191,Pass,0.5361675126903553,0.7090943703656407,0.528395061728395
Per position nucleotide content - G position 192,Pass,0.5338978914486529,0.7095749733952051,0.5259259259259259
Per position nucleotide content - G position 193,Pass,0.5489920929324482,0.7206599466836354,0.5407407407407407
Per position nucleotide content - G position 194,Pass,0.5074555837563451,0.7011628201091639,0.5135802469135803
Per position nucleotide content - G position 195,Pass,0.5270890277235456,0.7111065534077378,0.5185185185185185
Per position nucleotide content - G position 196,Pass,0.5166682936352986,0.7002175878729988,0.5135802469135803
Per position nucleotide content - G position 197,Pass,0.5023794416243654,0.6970132800082038,0.5135802469135803
Per position nucleotide content - G position 198,Pass,0.5076386177274502,0.547293253215419,0.5160493827160494
Per position nucleotide content - G position 199,Pass,0.526417903162827,0.70463638606881,0.5185185185185185
Per position nucleotide content - G position 200,Pass,0.5328240921515033,0.6993512277360159,0.5259259259259259
Per position nucleotide content - G position 201,Pass,0.523001269035533,0.5737592574160704,0.5308641975308642
Per position nucleotide content - G position 202,Pass,0.5172051932838735,0.7054692440479243,0.5135802469135803
Per position nucleotide content - G position 203,Pass,0.5055886372510738,0.7057629402479575,0.5135802469135803
Per position nucleotide content - G position 204,Pass,0.5112504880905896,0.5610971773876334,0.5185185185185185
Per position nucleotide content - G position 205,Pass,0.5060401210464662,0.5518675189571975,0.5135802469135803
Per position nucleotide content - G position 206,Pass,0.5356306130417805,0.7040020862519634,0.528395061728395
Per position nucleotide content - G position 207,Pass,0.5043806130417805,0.6937454199181973,0.5135802469135803
Per position nucleotide content - G position 208,Pass,0.5087856306130418,0.6912846131120243,0.5135802469135803
Per position nucleotide content - G position 209,Pass,0.5485894181960171,0.7169085883830035,0.5407407407407407
Per position nucleotide content - G position 210,Pass,0.5162656188988677,0.6962775949287761,0.5135802469135803
Per position nucleotide content - G position 211,Pass,0.5009029675907849,0.6822418447629952,0.5135802469135803
Per position nucleotide content - G position 212,Pass,0.5061133346349083,0.6878381684430753,0.5135802469135803
Per position nucleotide content - G position 213,Pass,0.536301737602499,0.7103683923983205,0.528395061728395
Per position nucleotide content - G position 214,Pass,0.5044416243654822,0.5572613534797097,0.5135802469135803
Per position nucleotide content - G position 215,Pass,0.5127879734478719,0.6849401537395872,0.5135802469135803
Per position nucleotide content - G position 216,Pass,0.5232087075361187,0.6960619285689513,0.5160493827160494
Per position nucleotide content - G position 217,Pass,0.5340321163607966,0.7108543646033234,0.5259259259259259
Per position nucleotide content - G position 218,Pass,0.5155944943381492,0.6897083706579078,0.5135802469135803
Per position nucleotide content - G position 219,Pass,0.5053201874267864,0.7030950203895521,0.5135802469135803
Per position nucleotide content - G position 220,Pass,0.5142644474814526,0.6994484014799061,0.5135802469135803
Per position nucleotide content - G position 221,Pass,0.5017693283873487,0.5520815316162186,0.5135802469135803
Per position nucleotide content - G position 222,Pass,0.5408409800859039,0.7094433128204023,0.5333333333333333
Per position nucleotide content - G position 223,Pass,0.5163998438110113,0.6975910495305189,0.5135802469135803
Per position nucleotide content - G position 224,Pass,0.5443186255368997,0.7203408171619281,0.5358024691358024
Per position nucleotide content - G position 225,Pass,0.5528602108551347,0.7135916854215607,0.5456790123456791
Per position nucleotide content - G position 226,Pass,0.5081145060523233,0.6846369906007641,0.5135802469135803
Per position nucleotide content - G position 227,Pass,0.5063085708707536,0.554474525286708,0.5135802469135803
Per position nucleotide content - G position 228,Pass,0.5129832096837174,0.5582966572060002,0.5209876543209877
Per position nucleotide content - G position 229,Pass,0.5266863529871144,0.7072241022748638,0.5185185185185185
Per position nucleotide content - G position 230,Pass,0.5316282702069505,0.7100708153161622,0.5234567901234568
Per position nucleotide content - G position 231,Pass,0.5186694650527138,0.697066222616138,0.5135802469135803
Per position nucleotide content - G position 232,Pass,0.5357648379539242,0.7052745720469916,0.528395061728395
Per position nucleotide content - G position 233,Pass,0.5254783287778211,0.6955833508436275,0.5185185185185185
Per position nucleotide content - G position 234,Pass,0.5408409800859039,0.7094433128204023,0.5333333333333333
Per position nucleotide content - G position 235,Pass,0.5680886372510738,0.7259742701367067,0.5604938271604938
Per position nucleotide content - G position 236,Pass,0.5063817844591956,0.6905060316372403,0.5135802469135803
Per position nucleotide content - G position 237,Pass,0.5008297540023429,0.5421430559745596,0.5135802469135803
Per position nucleotide content - G position 238,Pass,0.521475985942991,0.7017703829040547,0.5135802469135803
Per position nucleotide content - G position 239,Pass,0.5166682936352986,0.7002175878729988,0.5135802469135803
Per position nucleotide content - G position 240,Pass,0.5093225302616167,0.6965969106990516,0.5135802469135803
Per position nucleotide content - G position 241,Pass,0.5608770987895353,0.7234735214095429,0.5530864197530864
Per position nucleotide content - G position 242,Pass,0.5055032213978915,0.5466535062981763,0.5135802469135803
Per position nucleotide content - G position 243,Pass,0.5084439672003123,0.5546765077212423,0.5160493827160494
Per position nucleotide content - G position 244,Pass,0.5314940452948067,0.7087864824604323,0.5234567901234568
Per position nucleotide content - G position 245,Pass,0.5049175126903553,0.6990903801701212,0.5135802469135803
Per position nucleotide content - G position 246,Pass,0.5256125536899648,0.6968762437036549,0.5185185185185185
Per position nucleotide content - G position 247,Pass,0.5067844591956268,0.6945049914813763,0.5135802469135803
Per position nucleotide content - G position 248,Pass,0.506577020695041,0.5570815316162187,0.5135802469135803
Per position nucleotide content - G position 249,Pass,0.5388398086684889,0.7124361089587143,0.5308641975308642
Per position nucleotide content - G position 250,Pass,0.5205974228816869,0.570612882587069,0.528395061728395
Per position nucleotide content - G position 251,Pass,0.5080412924638813,0.5509690576557027,0.5160493827160494
Per position nucleotide content - G position 252,Pass,0.5133248730964467,0.6902186762847482,0.5135802469135803
Per position nucleotide content - G position 253,Pass,0.5069186841077704,0.6958372501096697,0.5135802469135803
Per position nucleotide content - G position 254,Pass,0.5316282702069505,0.7100708153161622,0.5234567901234568
Per position nucleotide content - G position 255,Pass,0.5091883053494728,0.6952692955776594,0.5135802469135803
Per position nucleotide content - G position 256,Pass,0.5254783287778211,0.6955833508436275,0.5185185185185185
Per position nucleotide content - G position 257,Pass,0.5033678250683327,0.5463869494092961,0.5135802469135803
Per position nucleotide content - G position 258,Pass,0.5365701874267865,0.7129175283574607,0.528395061728395
Per position nucleotide content - G position 259,Pass,0.5433790511518938,0.7115202463764223,0.5358024691358024
Per position nucleotide content - G position 260,Pass,0.5045636470128857,0.5375289841448894,0.5135802469135803
Per position nucleotide content - G position 261,Pass,0.563012495119094,0.7218661734882145,0.5555555555555556
Per position nucleotide content - G position 262,Pass,0.5391082584927763,0.7149760172772016,0.5308641975308642
Per position nucleotide content - G position 263,Pass,0.501305642327216,0.6862764339991754,0.5135802469135803
Per position nucleotide content - G position 264,Pass,0.545380222569309,0.7085837628561826,0.5382716049382716
Per position nucleotide content - G position 265,Pass,0.5257467786021085,0.6981692734708399,0.5185185185185185
Per position nucleotide content - G position 266,Pass,0.5604744240531042,0.7198049083835886,0.5530864197530864
Per position nucleotide content - G position 267,Pass,0.5310913705583756,0.70493493986608,0.5234567901234568
Per position nucleotide content - G position 268,Pass,0.5056374463100352,0.5479570094629317,0.5135802469135803
Per position nucleotide content - G position 269,Pass,0.5391082584927763,0.7149760172772016,0.5308641975308642
Per position nucleotide content - G position 270,Pass,0.5086514057008981,0.6899557536918808,0.5135802469135803
Per position nucleotide content - G position 271,Pass,0.5162656188988677,0.6962775949287761,0.5135802469135803
Per position nucleotide content - G position 272,Pass,0.5261494533385397,0.702049158220312,0.5185185185185185
Per position nucleotide content - G position 273,Pass,0.521475985942991,0.7017703829040547,0.5135802469135803
Per position nucleotide content - G position 274,Pass,0.5209390862944162,0.6965563702450335,0.5135802469135803
Per position nucleotide content - G position 275,Pass,0.5465882467786021,0.7198671198785387,0.5382716049382716
Per position nucleotide content - G position 276,Pass,0.5334952167122218,0.7057386368723086,0.5259259259259259
Per position nucleotide content - G position 277,Pass,0.5159239554861382,0.5655856363978191,0.5234567901234568
Per position nucleotide content - G position 278,Pass,0.5175956657555643,0.6865957276904088,0.5135802469135803
Per position nucleotide content - G position 279,Pass,0.5158629441624365,0.6923364606897165,0.5135802469135803
Per position nucleotide content - G position 280,Pass,0.5184010152284264,0.694449008559378,0.5135802469135803
Per position nucleotide content - G position 281,Pass,0.5340321163607966,0.7108543646033234,0.5259259259259259
Per position nucleotide content - G position 282,Pass,0.5030993752440454,0.5436414581054052,0.5135802469135803
Per position nucleotide content - G position 283,Pass,0.5452459976571651,0.7073333112150669,0.5382716049382716
Per position nucleotide content - G position 284,Pass,0.5196090394377196,0.7062245171436229,0.5135802469135803
Per position nucleotide content - G position 285,Pass,0.5172051932838735,0.7054692440479243,0.5135802469135803
Per position nucleotide content - G position 286,Pass,0.5314940452948067,0.7087864824604323,0.5234567901234568
Per position nucleotide content - G position 287,Pass,0.5481867434595862,0.713163331725578,0.5407407407407407
Per position nucleotide content - G position 288,Pass,0.5316282702069505,0.7100708153161622,0.5234567901234568
Per position nucleotide content - G position 289,Pass,0.5072481452557595,0.563599047439995,0.5135802469135803
Per position nucleotide content - G position 290,Pass,0.5218786606794221,0.7056808923983204,0.5135802469135803
Per position nucleotide content - G position 291,Pass,0.5039047247169074,0.5518429463393397,0.5135802469135803
Per position nucleotide content - G position 292,Pass,0.5146671222178836,0.7034012571399618,0.5135802469135803
Per position nucleotide content - G position 293,Pass,0.5010982038266303,0.5450084602368866,0.5135802469135803
Per position nucleotide content - G position 294,Pass,0.5145328973057399,0.7020838112519139,0.5135802469135803
Per position nucleotide content - G position 295,Pass,0.5232087075361187,0.6960619285689513,0.5160493827160494
Per position nucleotide content - G position 296,Pass,0.5233429324482624,0.6973602287659338,0.5160493827160494
Per position nucleotide content - G position 297,Pass,0.5393767083170636,0.717517557158267,0.5308641975308642
Per position nucleotide content - G position 298,Pass,0.5146671222178836,0.7034012571399618,0.5135802469135803
Per position nucleotide content - G position 299,Pass,0.5365701874267865,0.7129175283574607,0.528395061728395
Per position nucleotide content - G position 300,Pass,0.5206706364701288,0.693949363915523,0.5135802469135803
Per position nucleotide content - G position 301,Pass,0.530957145646232,0.7036515931150955,0.5234567901234568
Per position nucleotide content - G position 302,Pass,0.5365701874267865,0.7129175283574607,0.528395061728395
Per position nucleotide content - G position 303,Pass,0.5093835415853182,0.5634192255765039,0.5160493827160494
Per position nucleotide content - G position 304,Pass,0.5053689964857477,0.5453500031334211,0.5135802469135803
Per position nucleotide content - G position 305,Pass,0.5012324287387738,0.5464327363485018,0.5135802469135803
Per position nucleotide content - G position 306,Pass,0.5087856306130418,0.6912846131120243,0.5135802469135803
Per position nucleotide content - G position 307,Pass,0.5093225302616167,0.6965969106990516,0.5135802469135803
Per position nucleotide content - G position 308,Pass,0.542183229207341,0.7220969416684585,0.5333333333333333
Per position nucleotide content - G position 309,Pass,0.513117434595861,0.559387545204207,0.5209876543209877
Per position nucleotide content - G position 310,Pass,0.516131393986724,0.6949640135571353,0.5135802469135803
Per position nucleotide content - G position 311,Pass,0.532885103475205,0.5881309696279339,0.5407407407407407
Per position nucleotide content - G position 312,Pass,0.5190721397891449,0.7009915667046777,0.5135802469135803
Per position nucleotide content - G position 313,Pass,0.5334952167122218,0.7057386368723086,0.5259259259259259
Per position nucleotide content - G position 314,Pass,0.516534068723155,0.6989043797392993,0.5135802469135803
Per position nucleotide content - G position 315,Pass,0.5038437133932057,0.6883938083599674,0.5135802469135803
Per position nucleotide content - G position 316,Pass,0.5158629441624365,0.6923364606897165,0.5135802469135803
Per position nucleotide content - G position 317,Pass,0.5117263764154627,0.6973612896771876,0.5135802469135803
Per position nucleotide content - G position 318,Pass,0.5304812573213589,0.5848477958933237,0.5382716049382716
Per position nucleotide content - G position 319,Pass,0.5026356891839125,0.6763255795404696,0.5135802469135803
Per position nucleotide content - G position 320,Pass,0.5213417610308474,0.7004668797392993,0.5135802469135803
Per position nucleotide content - G position 321,Pass,0.5290901991409607,0.7080028738224691,0.5209876543209877
Per position nucleotide content - G position 322,Pass,0.52107331120656,0.6978598734097888,0.5135802469135803
Per position nucleotide content - G position 323,Pass,0.5093713393205779,0.5451047417206469,0.5185185185185185
Per position nucleotide content - G position 324,Pass,0.5303470324092151,0.5842364300486129,0.5382716049382716
Per position nucleotide content - G position 325,Pass,0.5097252049980476,0.7005779971363009,0.5135802469135803
Per position nucleotide content - G position 326,Pass,0.5113237016790317,0.6933918132830081,0.5135802469135803
Per position nucleotide content - G position 327,Pass,0.5110552518547442,0.6907442357103948,0.5135802469135803
Per position nucleotide content - G position 328,Pass,0.5284190745802421,0.7015595427087293,0.5209876543209877
Per position nucleotide content - G position 329,Pass,0.5298955486138227,0.7157407173570014,0.5209876543209877
Per position nucleotide content - G position 330,Pass,0.5166682936352986,0.7002175878729988,0.5135802469135803
Per position nucleotide content - G position 331,Pass,0.5283458609918001,0.5831103095062486,0.5358024691358024
Per position nucleotide content - G position 332,Pass,0.501305642327216,0.6862764339991754,0.5135802469135803
Per position nucleotide content - G position 333,Pass,0.5135933229207341,0.6928567009460929,0.5135802469135803
Per position nucleotide content - G position 334,Pass,0.511592151503319,0.696038376574544,0.5135802469135803
Per position nucleotide content - G position 335,Pass,0.524416731745412,0.7077489215569596,0.5160493827160494
Per position nucleotide content - G position 336,Pass,0.5059058961343225,0.5505640157924423,0.5135802469135803
Per position nucleotide content - G position 337,Pass,0.5186694650527138,0.697066222616138,0.5135802469135803
Per position nucleotide content - G position 338,Pass,0.5170709683717297,0.704156502154418,0.5135802469135803
Per position nucleotide content - G position 339,Pass,0.530957145646232,0.7036515931150955,0.5234567901234568
Per position nucleotide content - G position 340,Pass,0.5281506247559546,0.6989835547110529,0.5209876543209877
Per position nucleotide content - G position 341,Pass,0.5475156188988677,0.7069357810005479,0.5407407407407407
Per position nucleotide content - G position 342,Pass,0.5216102108551346,0.7030738860688099,0.5135802469135803
Per position nucleotide content - G position 343,Pass,0.5294928738773916,0.711871037150945,0.5209876543209877
Per position nucleotide content - G position 344,Pass,0.5114579265911753,0.6947152193217385,0.5135802469135803
Per position nucleotide content - G position 345,Pass,0.5087856306130418,0.6912846131120243,0.5135802469135803
Per position nucleotide content - G position 346,Pass,0.5093225302616167,0.6965969106990516,0.5135802469135803
Per position nucleotide content - G position 347,Pass,0.5012324287387738,0.5464327363485018,0.5135802469135803
Per position nucleotide content - G position 348,Pass,0.523477157360406,0.6986585954545173,0.5160493827160494
Per position nucleotide content - G position 349,Pass,0.5193405896134322,0.7036081584643344,0.5135802469135803
Per position nucleotide content - G position 350,Pass,0.5169367434595862,0.702843646902277,0.5135802469135803
Per position nucleotide content - G position 351,Pass,0.5097252049980476,0.7005779971363009,0.5135802469135803
Per position nucleotide content - G position 352,Pass,0.52107331120656,0.6978598734097888,0.5135802469135803
Per position nucleotide content - G position 353,Pass,0.5091883053494728,0.6952692955776594,0.5135802469135803
Per position nucleotide content - G position 354,Pass,0.5464540218664584,0.7186109544400576,0.5382716049382716
Per position nucleotide content - G position 355,Pass,0.5106525771183131,0.686770880565048,0.5135802469135803
Per position nucleotide content - G position 356,Pass,0.5094567551737602,0.6979242290579009,0.5135802469135803
Per position nucleotide content - G position 357,Pass,0.5095909800859039,0.699251256099391,0.5135802469135803
Per position nucleotide content - G position 358,Pass,0.5337636665365092,0.7082958845313708,0.5259259259259259
Per position nucleotide content - G position 359,Pass,0.5012324287387738,0.5464327363485018,0.5135802469135803
Per position nucleotide content - G position 360,Pass,0.5253563061304178,0.7168420555462748,0.5160493827160494
Per position nucleotide content - G position 361,Pass,0.516131393986724,0.6949640135571353,0.5135802469135803
Per position nucleotide content - G position 362,Pass,0.5539340101522843,0.7235019113868522,0.5456790123456791
Per position nucleotide content - G position 363,Pass,0.501305642327216,0.6862764339991754,0.5135802469135803
Per position nucleotide content - G position 364,Pass,0.5159971690745803,0.6936503029777142,0.5135802469135803
Per position nucleotide content - G position 365,Pass,0.5213417610308474,0.7004668797392993,0.5135802469135803
Per position nucleotide content - G position 366,Pass,0.5415121046466225,0.7157642413987592,0.5333333333333333
Per position nucleotide content - G position 367,Pass,0.5381686841077704,0.7060938893856016,0.5308641975308642
Per position nucleotide content - G position 368,Pass,0.5015740921515033,0.6889635589041777,0.5135802469135803
Per position nucleotide content - G position 369,Pass,0.5021598008590394,0.5339057957390924,0.5135802469135803
Per position nucleotide content - G position 370,Pass,0.5156555056618508,0.5634954259339418,0.5234567901234568
Per position nucleotide content - G position 371,Pass,0.5107868020304569,0.6880956043392592,0.5135802469135803
Per position nucleotide content - G position 372,Pass,0.5052347715736041,0.5440464999686658,0.5135802469135803
Per position nucleotide content - G position 373,Pass,0.5451117727450215,0.7060835576203152,0.5382716049382716
Per position nucleotide content - G position 374,Pass,0.5377660093713393,0.7022940751630663,0.5308641975308642
Per position nucleotide content - G position 375,Pass,0.524416731745412,0.7077489215569596,0.5160493827160494
Per position nucleotide content - G position 376,Pass,0.5015740921515033,0.6889635589041777,0.5135802469135803
Per position nucleotide content - G position 377,Pass,0.5189379148770012,0.6996831806797382,0.5135802469135803
Per position nucleotide content - G position 378,Pass,0.5389740335806326,0.7137058553841779,0.5308641975308642
Per position nucleotide content - G position 379,Pass,0.5131906481843029,0.6888993608433414,0.5135802469135803
Per position nucleotide content - G position 380,Pass,0.5607428738773916,0.7222496297406876,0.5530864197530864
Per position nucleotide content - G position 381,Pass,0.5416463295587661,0.717029874382495,0.5333333333333333
Per position nucleotide content - G position 382,Pass,0.5138617727450215,0.6954939428104197,0.5135802469135803
Per position nucleotide content - G position 383,Pass,0.5388398086684889,0.7124361089587143,0.5308641975308642
Per position nucleotide content - G position 384,Pass,0.5706267083170636,0.7280211930322235,0.562962962962963
Per position nucleotide content - G position 385,Pass,0.5285532994923858,0.7028478321202517,0.5209876543209877
Per position nucleotide content - G position 386,Pass,0.5302128074970714,0.5836588270000016,0.5382716049382716
Per position nucleotide content - G position 387,Pass,0.5038437133932057,0.6883938083599674,0.5135802469135803
Per position nucleotide content - G position 388,Pass,0.5188036899648575,0.6983747330414211,0.5135802469135803
Per position nucleotide content - G position 389,Pass,0.5427079265911754,0.7052369225901167,0.5358024691358024
Per position nucleotide content - G position 390,Pass,0.521475985942991,0.7017703829040547,0.5135802469135803
Per position nucleotide content - G position 391,Pass,0.5232087075361187,0.6960619285689513,0.5160493827160494
Per position nucleotide content - G position 392,Pass,0.5509932643498633,0.717721860991982,0.5432098765432098
Per position nucleotide content - G position 393,Pass,0.5417805544709098,0.7182959691977067,0.5333333333333333
Per position nucleotide content - G position 394,Pass,0.5286875244045295,0.7041363135034238,0.5209876543209877
Per position nucleotide content - G position 395,Pass,0.5288217493166731,0.7054249832474933,0.5209876543209877
Per position nucleotide content - G position 396,Pass,0.5297491214369388,0.6921137296348803,0.5234567901234568
Per position nucleotide content - G position 397,Pass,0.516460855134713,0.5698926195783822,0.5234567901234568
Per position nucleotide content - G position 398,Pass,0.5013666536509176,0.5478518731857825,0.5135802469135803
Per position nucleotide content - G position 399,Pass,0.5025624755954705,0.5381061603058219,0.5135802469135803
Per position nucleotide content - G position 400,Pass,0.5034410386567747,0.6843754240005452,0.5135802469135803
Per position nucleotide content - G position 401,Pass,0.5042463881296368,0.6924081600141501,0.5135802469135803
Per position nucleotide content - G position 402,Pass,0.5093225302616167,0.6965969106990516,0.5135802469135803
Per position nucleotide content - G position 403,Pass,0.5206706364701288,0.693949363915523,0.5135802469135803
Per position nucleotide content - G position 404,Pass,0.531359820382663,0.7075023892335652,0.5234567901234568
Per position nucleotide content - G position 405,Pass,0.5480525185474424,0.7119163297987134,0.5407407407407407
Per position nucleotide content - G position 406,Pass,0.5185352401405701,0.6957576482003052,0.5135802469135803
Per position nucleotide content - G position 407,Pass,0.5465882467786021,0.7198671198785387,0.5382716049382716
Per position nucleotide content - G position 408,Pass,0.532958317063647,0.7006280314828185,0.5259259259259259
Per position nucleotide content - G position 409,Pass,0.5079070675517376,0.5497399260512628,0.5160493827160494
Per position nucleotide content - G position 410,Pass,0.5257467786021085,0.6981692734708399,0.5185185185185185
Per position nucleotide content - G position 411,Pass,0.5063817844591956,0.6905060316372403,0.5135802469135803
Per position nucleotide content - G position 412,Pass,0.5216102108551346,0.7030738860688099,0.5135802469135803
Per position nucleotide content - G position 413,Pass,0.5125805349472862,0.5550902628736808,0.5209876543209877
Per position nucleotide content - G position 414,Pass,0.5121290511518937,0.7013286087457603,0.5135802469135803
Per position nucleotide content - G position 415,Pass,0.542842151503319,0.7064923668025571,0.5358024691358024
Per position nucleotide content - G position 416,Pass,0.5284190745802421,0.7015595427087293,0.5209876543209877
Per position nucleotide content - G position 417,Pass,0.5043806130417805,0.6937454199181973,0.5135802469135803
Per position nucleotide content - G position 418,Pass,0.5415121046466225,0.7157642413987592,0.5333333333333333
Per position nucleotide content - G position 419,Pass,0.5333609918000781,0.7044604899629416,0.5259259259259259
Per position nucleotide content - G position 420,Pass,0.5384371339320577,0.7086294416243655,0.5308641975308642
Per position nucleotide content - G position 421,Pass,0.5186694650527138,0.697066222616138,0.5135802469135803
Per position nucleotide content - G position 422,Pass,0.5098472276454511,0.6788164748885078,0.5135802469135803
Per position nucleotide content - G position 423,Pass,0.5266863529871144,0.7072241022748638,0.5185185185185185
Per position nucleotide content - G position 424,Pass,0.5559351815696993,0.7205976912007626,0.5481481481481482
Per position nucleotide content - G position 425,Pass,0.5126537485357282,0.6836199837229779,0.5135802469135803
Per position nucleotide content - G position 426,Pass,0.5457828973057399,0.7123391726730557,0.5382716049382716
Per position nucleotide content - G position 427,Pass,0.5188036899648575,0.6983747330414211,0.5135802469135803
Per position nucleotide content - G position 428,Pass,0.5505905896134322,0.7139927738489498,0.5432098765432098
Per position nucleotide content - G position 429,Pass,0.511592151503319,0.696038376574544,0.5135802469135803
Per position nucleotide content - G position 430,Pass,0.5060401210464662,0.5518675189571975,0.5135802469135803
Per position nucleotide content - G position 431,Pass,0.5236113822725498,0.6999570273681949,0.5160493827160494
Per position nucleotide content - G position 432,Pass,0.5162656188988677,0.6962775949287761,0.5135802469135803
Per position nucleotide content - G position 433,Pass,0.511592151503319,0.696038376574544,0.5135802469135803
Per position nucleotide content - G position 434,Pass,0.5395109332292074,0.7187889204502962,0.5308641975308642
Per position nucleotide content - G position 435,Pass,0.5067112456071847,0.5583850347809739,0.5135802469135803
Per position nucleotide content - G position 436,Pass,0.5288217493166731,0.7054249832474933,0.5209876543209877
Per position nucleotide content - G position 437,Pass,0.5043806130417805,0.6937454199181973,0.5135802469135803
Per position nucleotide content - G position 438,Pass,0.5385713588442015,0.7098978939654264,0.5308641975308642
Per position nucleotide content - G position 439,Pass,0.536301737602499,0.7103683923983205,0.528395061728395
Per position nucleotide content - G position 440,Pass,0.5138617727450215,0.6954939428104197,0.5135802469135803
Per position nucleotide content - G position 441,Pass,0.508248730964467,0.6859671931834721,0.5135802469135803
Per position nucleotide content - G position 442,Pass,0.516534068723155,0.6989043797392993,0.5135802469135803
Per position nucleotide content - G position 443,Pass,0.5604744240531042,0.7198049083835886,0.5530864197530864
Per position nucleotide content - G position 444,Pass,0.5006955290901992,0.5407011253457954,0.5135802469135803
Per position nucleotide content - G position 445,Pass,0.516131393986724,0.6949640135571353,0.5135802469135803
Per position nucleotide content - G position 446,Pass,0.5624755954705194,0.7170083122983182,0.5555555555555556
Per position nucleotide content - G position 447,Pass,0.511592151503319,0.696038376574544,0.5135802469135803
Per position nucleotide content - G position 448,Pass,0.5261494533385397,0.702049158220312,0.5185185185185185
Per position nucleotide content - G position 449,Pass,0.5361675126903553,0.7090943703656407,0.528395061728395
Per position nucleotide content - G position 450,Pass,0.5022452167122218,0.6956728219284449,0.5135802469135803
Per position nucleotide content - G position 451,Pass,0.511592151503319,0.696038376574544,0.5135802469135803
Per position nucleotide content - G position 452,Pass,0.5463197969543148,0.7173553770478658,0.5382716049382716
Per position nucleotide content - G position 453,Pass,0.5631467200312378,0.7230834653846497,0.5555555555555556
Per position nucleotide content - G position 454,Pass,0.5109210269426006,0.6894200542991549,0.5135802469135803
Per position nucleotide content - G position 455,Pass,0.5110552518547442,0.6907442357103948,0.5135802469135803
Per position nucleotide content - G position 456,Pass,0.5555325068332683,0.7168988411162692,0.5481481481481482
Per position nucleotide content - G position 457,Pass,0.5451117727450215,0.7060835576203152,0.5382716049382716
Per position nucleotide content - G position 458,Pass,0.5056374463100352,0.5479570094629317,0.5135802469135803
Per position nucleotide content - G position 459,Pass,0.5046490628660679,0.6964187009468681,0.5135802469135803
Per position nucleotide content - G position 460,Pass,0.5063817844591956,0.6905060316372403,0.5135802469135803
Per position nucleotide content - G position 461,Pass,0.5376317844591956,0.7010284446380339,0.5308641975308642
Per position nucleotide content - G position 462,Pass,0.5029041390081999,0.6790108882738639,0.5135802469135803
Per position nucleotide content - G position 463,Pass,0.531359820382663,0.7075023892335652,0.5234567901234568
Per position nucleotide content - G position 464,Pass,0.5229402577118313,0.6934655328819153,0.5160493827160494
Per position nucleotide content - G position 465,Pass,0.5288217493166731,0.7054249832474933,0.5209876543209877
Per position nucleotide content - G position 466,Pass,0.5055032213978915,0.5466535062981763,0.5135802469135803
Per position nucleotide content - G position 467,Pass,0.51199482623975,0.7000064014062333,0.5135802469135803
Per position nucleotide content - G position 468,Pass,0.5168025185474423,0.7015306761922666,0.5135802469135803
Per position nucleotide content - G position 469,Pass,0.5058448848106208,0.6851687245511272,0.5135802469135803
Per position nucleotide content - G position 470,Pass,0.5368386372510738,0.7154680757890489,0.528395061728395
Per position nucleotide content - G position 471,Pass,0.5312255954705193,0.7062185401568603,0.5234567901234568
Per position nucleotide content - G position 472,Pass,0.5010371925029286,0.6835872415180313,0.5135802469135803
Per position nucleotide content - G position 473,Pass,0.5177298906677079,0.6879047864724487,0.5135802469135803
Per position nucleotide content - G position 474,Pass,0.5137275478328778,0.6941754178640812,0.5135802469135803
Per position nucleotide content - G position 475,Pass,0.5358990628660679,0.7065474529677489,0.528395061728395
Per position nucleotide content - G position 476,Pass,0.5209390862944162,0.6965563702450335,0.5135802469135803
Per position nucleotide content - G position 477,Pass,0.5118606013276064,0.6986839631509683,0.5135802469135803
Per position nucleotide content - G position 478,Pass,0.5212075361187036,0.6991633765745441,0.5135802469135803
Per position nucleotide content - G position 479,Pass,0.5381686841077704,0.7060938893856016,0.5308641975308642
Per position nucleotide content - G position 480,Pass,0.5262836782506833,0.7033427099480797,0.5185185185185185
Per position nucleotide content - G position 481,Pass,0.5010371925029286,0.6835872415180313,0.5135802469135803
Per position nucleotide content - G position 482,Pass,0.5031725888324873,0.6816941431737138,0.5135802469135803
Per position nucleotide content - G position 483,Pass,0.5268205778992581,0.7085181378943641,0.5185185185185185
Per position nucleotide content - G position 484,Pass,0.5427079265911754,0.7052369225901167,0.5358024691358024
Per position nucleotide content - G position 485,Pass,0.5089198555251855,0.6926131525794185,0.5135802469135803
Per position nucleotide content - G position 486,Pass,0.51199482623975,0.7000064014062333,0.5135802469135803
Per position nucleotide content - G position 487,Pass,0.5172051932838735,0.7054692440479243,0.5135802469135803
Per position nucleotide content - G position 488,Pass,0.5286143108160875,0.5846762516368003,0.5358024691358024
Per position nucleotide content - G position 489,Pass,0.5212075361187036,0.6991633765745441,0.5135802469135803
Per position nucleotide content - G position 490,Pass,0.518278992581023,0.7159673341759157,0.5135802469135803
Per position nucleotide content - G position 491,Pass,0.5118606013276064,0.6986839631509683,0.5135802469135803
Per position nucleotide content - G position 492,Pass,0.5097252049980476,0.7005779971363009,0.5135802469135803
Per position nucleotide content - G position 493,Pass,0.532555642327216,0.6967986846710335,0.5259259259259259
Per position nucleotide content - G position 494,Pass,0.5006955290901992,0.5407011253457954,0.5135802469135803
Per position nucleotide content - G position 495,Pass,0.5045148379539243,0.695082264354684,0.5135802469135803
Per position nucleotide content - G position 496,Pass,0.5175224521671222,0.5628872725319425,0.5259259259259259
Per position nucleotide content - G position 497,Pass,0.5332267668879344,0.7031826691790457,0.5259259259259259
Per position nucleotide content - G position 498,Pass,0.529358648965248,0.7105814767094824,0.5209876543209877
Per position nucleotide content - G position 499,Pass,0.5125317258883249,0.7052938867517832,0.5135802469135803
Per position nucleotide content - G position 500,Pass,0.5330925419757907,0.7019051808531545,0.5259259259259259
Per position nucleotide content - G,Pass,0.5706267083170636,0.7280211930322235,0.562962962962963
Per position nucleotide content - T position 1,Pass,0.5185230378758299,0.6730933132794384,0.5135802469135803
Per position nucleotide content - T position 2,Pass,0.5071749316673175,0.6753152964571667,0.5135802469135803
Per position nucleotide content - T position 3,Pass,0.5405115189379149,0.6091515949113242,0.5456790123456791
Per position nucleotide content - T position 4,Pass,0.5148623584537291,0.5742663136910175,0.5209876543209877
Per position nucleotide content - T position 5,Pass,0.5055154236626318,0.568015722927637,0.5135802469135803
Per position nucleotide content - T position 6,Pass,0.5394377196407653,0.6025400833547498,0.5456790123456791
Per position nucleotide content - T position 7,Pass,0.5234161460367044,0.5922633385818137,0.528395061728395
Per position nucleotide content - T position 8,Pass,0.5085903943771964,0.5766340790875478,0.5135802469135803
Per position nucleotide content - T position 9,Pass,0.5351669269816478,0.601046825949782,0.5407407407407407
Per position nucleotide content - T position 10,Pass,0.5209268840296759,0.6740024041885294,0.5160493827160494
Per position nucleotide content - T position 11,Pass,0.5055154236626318,0.568015722927637,0.5135802469135803
Per position nucleotide content - T position 12,Pass,0.5690892229597814,0.637884038123098,0.5753086419753086
Per position nucleotide content - T position 13,Pass,0.5109820382663022,0.5587265776775083,0.5185185185185185
Per position nucleotide content - T position 14,Pass,0.5330315306520891,0.6007058789043943,0.5382716049382716
Per position nucleotide content - T position 15,Pass,0.5275527137836783,0.591268452068382,0.5333333333333333
Per position nucleotide content - T position 16,Pass,0.5491873291682937,0.6137466989262614,0.5555555555555556
Per position nucleotide content - T position 17,Pass,0.5037094884810621,0.6870548064376686,0.5135802469135803
Per position nucleotide content - T position 18,Pass,0.5422442405310426,0.6073358334735127,0.5481481481481482
Per position nucleotide content - T position 19,Pass,0.5067722569308863,0.6713143546966684,0.5135802469135803
Per position nucleotide content - T position 20,Pass,0.5393034947286217,0.6017938982042276,0.5456790123456791
Per position nucleotide content - T position 21,Pass,0.5243435181569699,0.5828727204361722,0.5308641975308642
Per position nucleotide content - T position 22,Pass,0.5303592346739555,0.5965326235746171,0.5358024691358024
Per position nucleotide content - T position 23,Pass,0.5151308082780164,0.5766383023942061,0.5209876543209877
Per position nucleotide content - T position 24,Pass,0.5246119679812573,0.5848681059705757,0.5308641975308642
Per position nucleotide content - T position 25,Pass,0.5222081218274112,0.5824494237353798,0.528395061728395
Per position nucleotide content - T position 26,Pass,0.5156677079265912,0.5814281368984023,0.5209876543209877
Per position nucleotide content - T position 27,Pass,0.51526503319016,0.5778303228387831,0.5209876543209877
Per position nucleotide content - T position 28,Pass,0.509920441233893,0.5684583060217578,0.5160493827160494
Per position nucleotide content - T position 29,Pass,0.5193283873486919,0.6809143322679702,0.5135802469135803
Per position nucleotide content - T position 30,Pass,0.5180715540804374,0.583527297234268,0.5234567901234568
Per position nucleotide content - T position 31,Pass,0.5298223350253807,0.5926350740180607,0.5358024691358024
Per position nucleotide content - T position 32,Pass,0.5057106598984771,0.6838333904721882,0.5135802469135803
Per position nucleotide content - T position 33,Pass,0.5049785240140571,0.5626502983524979,0.5135802469135803
Per position nucleotide content - T position 34,Pass,0.5119216126513081,0.567103236582932,0.5185185185185185
Per position nucleotide content - T position 35,Pass,0.519731062085123,0.684824841762236,0.5135802469135803
Per position nucleotide content - T position 36,Pass,0.5299565599375244,0.5935922901493416,0.5358024691358024
Per position nucleotide content - T position 37,Pass,0.5223423467395548,0.5835094204066286,0.528395061728395
Per position nucleotide content - T position 38,Pass,0.5224765716516986,0.5845779611653688,0.528395061728395
Per position nucleotide content - T position 39,Pass,0.5123242873877392,0.5707515083149601,0.5185185185185185
Per position nucleotide content - T position 40,Pass,0.529688110113237,0.591690336698797,0.5358024691358024
Per position nucleotide content - T position 41,Pass,0.5025014642717689,0.6749821288781397,0.5135802469135803
Per position nucleotide content - T position 42,Pass,0.5350327020695042,0.6001383525918214,0.5407407407407407
Per position nucleotide content - T position 43,Pass,0.5071139203436158,0.5622955442752398,0.5135802469135803
Per position nucleotide content - T position 44,Pass,0.5083097422881687,0.553437579010833,0.5160493827160494
Per position nucleotide content - T position 45,Pass,0.5199385005857087,0.5811785101664263,0.5259259259259259
Per position nucleotide content - T position 46,Pass,0.5016961147989067,0.6669095676963995,0.5135802469135803
Per position nucleotide content - T position 47,Pass,0.5093835415853182,0.5634192255765039,0.5160493827160494
Per position nucleotide content - T position 48,Pass,0.5347642522452167,0.5983633559438779,0.5407407407407407
Per position nucleotide content - T position 49,Pass,0.5055764349863334,0.6824976375654308,0.5135802469135803
Per position nucleotide content - T position 50,Pass,0.531286606794221,0.5891092515216276,0.5382716049382716
Per position nucleotide content - T position 51,Pass,0.5023672393596252,0.6736381328574811,0.5135802469135803
Per position nucleotide content - T position 52,Pass,0.5054422100741898,0.6811614575097729,0.5135802469135803
Per position nucleotide content - T position 53,Pass,0.5437085122998829,0.6053883448130487,0.5506172839506173
Per position nucleotide content - T position 54,Pass,0.5020987895353377,0.670948459451905,0.5135802469135803
Per position nucleotide content - T position 55,Pass,0.5001708317063647,0.5582653824631573,0.5135802469135803
Per position nucleotide content - T position 56,Pass,0.5246119679812573,0.5848681059705757,0.5308641975308642
Per position nucleotide content - T position 57,Pass,0.5165950800468566,0.5709920411104845,0.5234567901234568
Per position nucleotide content - T position 58,Pass,0.5275527137836783,0.591268452068382,0.5333333333333333
Per position nucleotide content - T position 59,Pass,0.5151308082780164,0.5766383023942061,0.5209876543209877
Per position nucleotide content - T position 60,Pass,0.5290169855525186,0.5871797783275226,0.5358024691358024
Per position nucleotide content - T position 61,Pass,0.5364237602499023,0.6896616894746738,0.5308641975308642
Per position nucleotide content - T position 62,Pass,0.5189257126122608,0.6770038227737043,0.5135802469135803
Per position nucleotide content - T position 63,Pass,0.5231476962124171,0.5900343564458514,0.528395061728395
Per position nucleotide content - T position 64,Pass,0.5040999609527529,0.6677741643432683,0.5135802469135803
Per position nucleotide content - T position 65,Pass,0.5473203826630222,0.6137238440377479,0.5530864197530864
Per position nucleotide content - T position 66,Pass,0.5165218664584147,0.6761204305475559,0.5135802469135803
Per position nucleotide content - T position 67,Pass,0.5124585122998829,0.5719738426485466,0.5185185185185185
Per position nucleotide content - T position 68,Pass,0.5080534947286216,0.5714200664285267,0.5135802469135803
Per position nucleotide content - T position 69,Pass,0.5350327020695042,0.6001383525918214,0.5407407407407407
Per position nucleotide content - T position 70,Pass,0.5028431276844983,0.5631992121066747,0.5135802469135803
Per position nucleotide content - T position 71,Pass,0.5240750683326825,0.5809257801132623,0.5308641975308642
Per position nucleotide content - T position 72,Pass,0.5071749316673175,0.6753152964571667,0.5135802469135803
Per position nucleotide content - T position 73,Pass,0.537570773135494,0.6033613110658623,0.5432098765432098
Per position nucleotide content - T position 74,Pass,0.5353011518937915,0.6019683581443311,0.5407407407407407
Per position nucleotide content - T position 75,Pass,0.5572042171026942,0.624951540022431,0.562962962962963
Per position nucleotide content - T position 76,Pass,0.5011592151503319,0.661515664256781,0.5135802469135803
Per position nucleotide content - T position 77,Pass,0.5176688793440063,0.5800407560836991,0.5234567901234568
Per position nucleotide content - T position 78,Pass,0.5149965833658727,0.575450228240609,0.5209876543209877
Per position nucleotide content - T position 79,Pass,0.5201337368215541,0.6887353512565019,0.5135802469135803
Per position nucleotide content - T position 80,Pass,0.5189989262007029,0.573618303736747,0.5259259259259259
Per position nucleotide content - T position 81,Pass,0.5255515423662632,0.5921652245287258,0.5308641975308642
Per position nucleotide content - T position 82,Pass,0.5351669269816478,0.601046825949782,0.5407407407407407
Per position nucleotide content - T position 83,Pass,0.5085903943771964,0.5766340790875478,0.5135802469135803
Per position nucleotide content - T position 84,Pass,0.5230134713002734,0.5889291610547609,0.528395061728395
Per position nucleotide content - T position 85,Pass,0.51526503319016,0.5778303228387831,0.5209876543209877
Per position nucleotide content - T position 86,Pass,0.5094445529090199,0.6748351037162374,0.5135802469135803
Per position nucleotide content - T position 87,Pass,0.5663437133932058,0.7103853500746925,0.5604938271604938
Per position nucleotide content - T position 88,Pass,0.535752635689184,0.6833674591373406,0.5308641975308642
Per position nucleotide content - T position 89,Pass,0.5268815892229598,0.5863774814625627,0.5333333333333333
Per position nucleotide content - T position 90,Pass,0.5203411753221397,0.5845312744387094,0.5259259259259259
Per position nucleotide content - T position 91,Pass,0.5370338734869191,0.5999962968660093,0.5432098765432098
Per position nucleotide content - T position 92,Pass,0.5048442991019133,0.5613054694583437,0.5135802469135803
Per position nucleotide content - T position 93,Pass,0.5069064818430301,0.6726484220768402,0.5135802469135803
Per position nucleotide content - T position 94,Pass,0.5072481452557595,0.563599047439995,0.5135802469135803
Per position nucleotide content - T position 95,Pass,0.5073823701679032,0.5649025506047503,0.5135802469135803
Per position nucleotide content - T position 96,Pass,0.5194626122608357,0.6822178354327254,0.5135802469135803
Per position nucleotide content - T position 97,Pass,0.5146549199531434,0.6805055066656023,0.5135802469135803
Per position nucleotide content - T position 98,Pass,0.5259542171026942,0.5954139832194372,0.5308641975308642
Per position nucleotide content - T position 99,Pass,0.5049053104256149,0.6758122914516437,0.5135802469135803
Per position nucleotide content - T position 100,Pass,0.5475888324873096,0.6151814250799024,0.5530864197530864
Per position nucleotide content - T position 101,Pass,0.5045758492776259,0.558611088729532,0.5135802469135803
Per position nucleotide content - T position 102,Pass,0.5015008785630612,0.5492661919533747,0.5135802469135803
Per position nucleotide content - T position 103,Pass,0.5222081218274112,0.5824494237353798,0.528395061728395
Per position nucleotide content - T position 104,Pass,0.5094445529090199,0.6748351037162374,0.5135802469135803
Per position nucleotide content - T position 105,Pass,0.534630027333073,0.5974983443680568,0.5407407407407407
Per position nucleotide content - T position 106,Pass,0.5182057789925811,0.5846985952165801,0.5234567901234568
Per position nucleotide content - T position 107,Pass,0.547857282311597,0.6167131625922085,0.5530864197530864
Per position nucleotide content - T position 108,Pass,0.5196700507614214,0.5789774468425177,0.5259259259259259
Per position nucleotide content - T position 109,Pass,0.5117873877391643,0.5658940018947981,0.5185185185185185
Per position nucleotide content - T position 110,Pass,0.5056496485747755,0.5693539507260473,0.5135802469135803
Per position nucleotide content - T position 111,Pass,0.5498584537290121,0.6168693749066,0.5555555555555556
Per position nucleotide content - T position 112,Pass,0.5055764349863334,0.6824976375654308,0.5135802469135803
Per position nucleotide content - T position 113,Pass,0.5243435181569699,0.5828727204361722,0.5308641975308642
Per position nucleotide content - T position 114,Pass,0.5307619094103865,0.5995646271796398,0.5358024691358024
Per position nucleotide content - T position 115,Pass,0.5182057789925811,0.5846985952165801,0.5234567901234568
Per position nucleotide content - T position 116,Pass,0.5227328192112455,0.5721689540640471,0.5308641975308642
Per position nucleotide content - T position 117,Pass,0.5025014642717689,0.6749821288781397,0.5135802469135803
Per position nucleotide content - T position 118,Pass,0.5228792463881297,0.5878305759227925,0.528395061728395
Per position nucleotide content - T position 119,Pass,0.5690892229597814,0.637884038123098,0.5753086419753086
Per position nucleotide content - T position 120,Pass,0.5347642522452167,0.5983633559438779,0.5407407407407407
Per position nucleotide content - T position 121,Pass,0.5470519328387349,0.6123483648018335,0.5530864197530864
Per position nucleotide content - T position 122,Pass,0.5503953533775869,0.6197586012408347,0.5555555555555556
Per position nucleotide content - T position 123,Pass,0.5522622998828582,0.6193376920300895,0.5580246913580247
Per position nucleotide content - T position 124,Pass,0.5475888324873096,0.6151814250799024,0.5530864197530864
Per position nucleotide content - T position 125,Pass,0.5327630808278017,0.5987709155856363,0.5382716049382716
Per position nucleotide content - T position 126,Pass,0.5348984771573604,0.5992436194010534,0.5407407407407407
Per position nucleotide content - T position 127,Pass,0.5055154236626318,0.568015722927637,0.5135802469135803
Per position nucleotide content - T position 128,Pass,0.5542634713002733,0.620212060738924,0.5604938271604938
Per position nucleotide content - T position 129,Pass,0.5149965833658727,0.575450228240609,0.5209876543209877
Per position nucleotide content - T position 130,Pass,0.5330315306520891,0.6007058789043943,0.5382716049382716
Per position nucleotide content - T position 131,Pass,0.5479915072237408,0.6175046329868665,0.5530864197530864
Per position nucleotide content - T position 132,Pass,0.5299565599375244,0.5935922901493416,0.5358024691358024
Per position nucleotide content - T position 133,Pass,0.5077118313158921,0.680644239755547,0.5135802469135803
Per position nucleotide content - T position 134,Pass,0.5142522452167122,0.6765590741902079,0.5135802469135803
Per position nucleotide content - T position 135,Pass,0.5226107965638422,0.5856546040760406,0.528395061728395
Per position nucleotide content - T position 136,Pass,0.5364237602499023,0.6896616894746738,0.5308641975308642
Per position nucleotide content - T position 137,Pass,0.5156677079265912,0.5814281368984023,0.5209876543209877
Per position nucleotide content - T position 138,Pass,0.5172662046075752,0.5766004660251699,0.5234567901234568
Per position nucleotide content - T position 139,Pass,0.5020377782116361,0.5548808456380369,0.5135802469135803
Per position nucleotide content - T position 140,Pass,0.5151308082780164,0.5766383023942061,0.5209876543209877
Per position nucleotide content - T position 141,Pass,0.5022330144474814,0.6722935802339923,0.5135802469135803
Per position nucleotide content - T position 142,Pass,0.5226107965638422,0.5856546040760406,0.528395061728395
Per position nucleotide content - T position 143,Pass,0.5030383639203436,0.6803527673692356,0.5135802469135803
Per position nucleotide content - T position 144,Pass,0.5149965833658727,0.575450228240609,0.5209876543209877
Per position nucleotide content - T position 145,Pass,0.5145939086294417,0.5719118963991427,0.5209876543209877
Per position nucleotide content - T position 146,Pass,0.5497242288168683,0.6161976071561888,0.5555555555555556
Per position nucleotide content - T position 147,Pass,0.5011592151503319,0.661515664256781,0.5135802469135803
Per position nucleotide content - T position 148,Pass,0.5113847130027332,0.5622898649495519,0.5185185185185185
Per position nucleotide content - T position 149,Pass,0.5316892815306521,0.5915480184727224,0.5382716049382716
Per position nucleotide content - T position 150,Pass,0.5394377196407653,0.6025400833547498,0.5456790123456791
Per position nucleotide content - T position 151,Pass,0.5405603279968763,0.6852455810154626,0.5358024691358024
Per position nucleotide content - T position 152,Pass,0.5439769621241702,0.6065243302540626,0.5506172839506173
Per position nucleotide content - T position 153,Pass,0.5232819211245607,0.5911458473218203,0.528395061728395
Per position nucleotide content - T position 154,Pass,0.5007687426786411,0.6808959003793283,0.5135802469135803
Per position nucleotide content - T position 155,Pass,0.5224765716516986,0.5845779611653688,0.528395061728395
Per position nucleotide content - T position 156,Pass,0.5219396720031237,0.580356997165732,0.528395061728395
Per position nucleotide content - T position 157,Pass,0.572164193674346,0.6421468501683019,0.5777777777777777
Per position nucleotide content - T position 158,Pass,0.5183400039047247,0.5858740901888111,0.5234567901234568
Per position nucleotide content - T position 159,Pass,0.5298223350253807,0.5926350740180607,0.5358024691358024
Per position nucleotide content - T position 160,Pass,0.5027089027723546,0.5618200888572249,0.5135802469135803
Per position nucleotide content - T position 161,Pass,0.5336904529480672,0.5919495629039125,0.5407407407407407
Per position nucleotide content - T position 162,Pass,0.5107868020304569,0.6880956043392592,0.5135802469135803
Per position nucleotide content - T position 163,Pass,0.5223423467395548,0.5835094204066286,0.528395061728395
Per position nucleotide content - T position 164,Pass,0.5206096251464272,0.5867966807135641,0.5259259259259259
Per position nucleotide content - T position 165,Pass,0.5677591761030847,0.6385916615189036,0.5728395061728395
Per position nucleotide content - T position 166,Pass,0.5020377782116361,0.5548808456380369,0.5135802469135803
Per position nucleotide content - T position 167,Pass,0.5438427372120267,0.6059417729703032,0.5506172839506173
Per position nucleotide content - T position 168,Pass,0.5125927372120266,0.5731990250112968,0.5185185185185185
Per position nucleotide content - T position 169,Pass,0.5023672393596252,0.6736381328574811,0.5135802469135803
Per position nucleotide content - T position 170,Pass,0.5342273525966419,0.5950035362894923,0.5407407407407407
Per position nucleotide content - T position 171,Pass,0.5344958024209293,0.5966494242266919,0.5407407407407407
Per position nucleotide content - T position 172,Pass,0.5350327020695042,0.6001383525918214,0.5407407407407407
Per position nucleotide content - T position 173,Pass,0.5071749316673175,0.6753152964571667,0.5135802469135803
Per position nucleotide content - T position 174,Pass,0.5059791097227646,0.6865036479085931,0.5135802469135803
Per position nucleotide content - T position 175,Pass,0.5049053104256149,0.6758122914516437,0.5135802469135803
Per position nucleotide content - T position 176,Pass,0.5269426005466614,0.6874021613498649,0.5209876543209877
Per position nucleotide content - T position 177,Pass,0.5224765716516986,0.5845779611653688,0.528395061728395
Per position nucleotide content - T position 178,Pass,0.5355696017180789,0.603848091746569,0.5407407407407407
Per position nucleotide content - T position 179,Pass,0.5089808668488871,0.5596588512038475,0.5160493827160494
Per position nucleotide content - T position 180,Pass,0.5040999609527529,0.6677741643432683,0.5135802469135803
Per position nucleotide content - T position 181,Pass,0.5323604060913706,0.5959568973194407,0.5382716049382716
Per position nucleotide content - T position 182,Pass,0.5294196602889496,0.5898410974821936,0.5358024691358024
Per position nucleotide content - T position 183,Pass,0.5368996485747755,0.5991978442063045,0.5432098765432098
Per position nucleotide content - T position 184,Pass,0.5234039437719641,0.5763123008469877,0.5308641975308642
Per position nucleotide content - T position 185,Pass,0.5348984771573604,0.5992436194010534,0.5407407407407407
Per position nucleotide content - T position 186,Pass,0.5381076727840687,0.606961118720848,0.5432098765432098
Per position nucleotide content - T position 187,Pass,0.5057838734869191,0.5706910492680787,0.5135802469135803
Per position nucleotide content - T position 188,Pass,0.5262714759859429,0.680976365084367,0.5209876543209877
Per position nucleotide content - T position 189,Pass,0.5326898672393596,0.6980747764567772,0.5259259259259259
Per position nucleotide content - T position 190,Pass,0.5119216126513081,0.567103236582932,0.5185185185185185
Per position nucleotide content - T position 191,Pass,0.5383761226083561,0.6088355243177577,0.5432098765432098
Per position nucleotide content - T position 192,Pass,0.5078460562280359,0.6819755210067255,0.5135802469135803
Per position nucleotide content - T position 193,Pass,0.5176688793440063,0.5800407560836991,0.5234567901234568
Per position nucleotide content - T position 194,Pass,0.5054422100741898,0.6811614575097729,0.5135802469135803
Per position nucleotide content - T position 195,Pass,0.516863529871144,0.5732144320553796,0.5234567901234568
Per position nucleotide content - T position 196,Pass,0.5193283873486919,0.6809143322679702,0.5135802469135803
Per position nucleotide content - T position 197,Pass,0.5049785240140571,0.5626502983524979,0.5135802469135803
Per position nucleotide content - T position 198,Pass,0.5087734283483014,0.6681926878125249,0.5135802469135803
Per position nucleotide content - T position 199,Pass,0.547454607575166,0.6144428936665594,0.5530864197530864
Per position nucleotide content - T position 200,Pass,0.523074482623975,0.69476369616308,0.5160493827160494
Per position nucleotide content - T position 201,Pass,0.5077118313158921,0.680644239755547,0.5135802469135803
Per position nucleotide content - T position 202,Pass,0.5158019328387349,0.5826340790875478,0.5209876543209877
Per position nucleotide content - T position 203,Pass,0.5485284068723154,0.6208233601685126,0.5530864197530864
Per position nucleotide content - T position 204,Pass,0.5127879734478719,0.6849401537395872,0.5135802469135803
Per position nucleotide content - T position 205,Pass,0.547454607575166,0.6144428936665594,0.5530864197530864
Per position nucleotide content - T position 206,Pass,0.5024404529480672,0.5590535928945405,0.5135802469135803
Per position nucleotide content - T position 207,Pass,0.559339613432253,0.6265383827143556,0.5654320987654321
Per position nucleotide content - T position 208,Pass,0.5147281335415853,0.5730867877144598,0.5209876543209877
Per position nucleotide content - T position 209,Pass,0.5050395353377588,0.6771502678651579,0.5135802469135803
Per position nucleotide content - T position 210,Pass,0.5271500390472471,0.5882983814455897,0.5333333333333333
Per position nucleotide content - T position 211,Pass,0.5005735064427957,0.5625105390906128,0.5135802469135803
Per position nucleotide content - T position 212,Pass,0.5016961147989067,0.6669095676963995,0.5135802469135803
Per position nucleotide content - T position 213,Pass,0.5219396720031237,0.580356997165732,0.528395061728395
Per position nucleotide content - T position 214,Pass,0.5266741507223741,0.684831075850844,0.5209876543209877
Per position nucleotide content - T position 215,Pass,0.529688110113237,0.591690336698797,0.5358024691358024
Per position nucleotide content - T position 216,Pass,0.5489188793440063,0.6126822023508568,0.5555555555555556
Per position nucleotide content - T position 217,Pass,0.5109942405310426,0.5786025830245557,0.5160493827160494
Per position nucleotide content - T position 218,Pass,0.5349594884810621,0.6976458607507677,0.528395061728395
Per position nucleotide content - T position 219,Pass,0.5149233697774307,0.6831356525730468,0.5135802469135803
Per position nucleotide content - T position 220,Pass,0.500036606794221,0.5568422906832382,0.5135802469135803
Per position nucleotide content - T position 221,Pass,0.5139227840687233,0.5661169935438605,0.5209876543209877
Per position nucleotide content - T position 222,Pass,0.5017693283873487,0.5520815316162186,0.5135802469135803
Per position nucleotide content - T position 223,Pass,0.5157287192502928,0.6910224841273911,0.5135802469135803
Per position nucleotide content - T position 224,Pass,0.537570773135494,0.6033613110658623,0.5432098765432098
Per position nucleotide content - T position 225,Pass,0.5144596837172979,0.5707419045828521,0.5209876543209877
Per position nucleotide content - T position 226,Pass,0.5204754002342834,0.5856611544351893,0.5259259259259259
Per position nucleotide content - T position 227,Pass,0.5224765716516986,0.5845779611653688,0.528395061728395
Per position nucleotide content - T position 228,Pass,0.522745021475986,0.5867389371648168,0.528395061728395
Per position nucleotide content - T position 229,Pass,0.5401088442014838,0.6065520097868062,0.5456790123456791
Per position nucleotide content - T position 230,Pass,0.5570699921905505,0.6244042377046207,0.562962962962963
Per position nucleotide content - T position 231,Pass,0.5025014642717689,0.6749821288781397,0.5135802469135803
Per position nucleotide content - T position 232,Pass,0.5222081218274112,0.5824494237353798,0.528395061728395
Per position nucleotide content - T position 233,Pass,0.5298223350253807,0.5926350740180607,0.5358024691358024
Per position nucleotide content - T position 234,Pass,0.5034410386567747,0.6843754240005452,0.5135802469135803
Per position nucleotide content - T position 235,Pass,0.5568015423662631,0.6233921277068485,0.562962962962963
Per position nucleotide content - T position 236,Pass,0.5127269621241702,0.5744269080913577,0.5185185185185185
Per position nucleotide content - T position 237,Pass,0.519401600937134,0.5768073125095121,0.5259259259259259
Per position nucleotide content - T position 238,Pass,0.5264789144865287,0.583599047439995,0.5333333333333333
Per position nucleotide content - T position 239,Pass,0.5105915657946115,0.5747896852957612,0.5160493827160494
Per position nucleotide content - T position 240,Pass,0.5039657360406091,0.6664326672575404,0.5135802469135803
Per position nucleotide content - T position 241,Pass,0.5290169855525186,0.5871797783275226,0.5358024691358024
Per position nucleotide content - T position 242,Pass,0.5343615775087855,0.5958174978432107,0.5407407407407407
Per position nucleotide content - T position 243,Pass,0.5048442991019133,0.5613054694583437,0.5135802469135803
Per position nucleotide content - T position 244,Pass,0.519731062085123,0.684824841762236,0.5135802469135803
Per position nucleotide content - T position 245,Pass,0.5107257907067552,0.5760595930832404,0.5160493827160494
Per position nucleotide content - T position 246,Pass,0.5373023233112065,0.6016463653964768,0.5432098765432098
Per position nucleotide content - T position 247,Pass,0.5059180983990629,0.5720270727580372,0.5135802469135803
Per position nucleotide content - T position 248,Pass,0.5078460562280359,0.6819755210067255,0.5135802469135803
Per position nucleotide content - T position 249,Pass,0.5403772940257712,0.6082708559742112,0.5456790123456791
Per position nucleotide content - T position 250,Pass,0.5645499804763765,0.6331515949113242,0.5703703703703704
Per position nucleotide content - T position 251,Pass,0.5201337368215541,0.6887353512565019,0.5135802469135803
Per position nucleotide content - T position 252,Pass,0.5024404529480672,0.5590535928945405,0.5135802469135803
Per position nucleotide content - T position 253,Pass,0.5282238383443967,0.5964176044548295,0.5333333333333333
Per position nucleotide content - T position 254,Pass,0.558936938695822,0.6253305759227925,0.5654320987654321
Per position nucleotide content - T position 255,Pass,0.5101156774697384,0.6814691370642494,0.5135802469135803
Per position nucleotide content - T position 256,Pass,0.5344958024209293,0.5966494242266919,0.5407407407407407
Per position nucleotide content - T position 257,Pass,0.5156677079265912,0.5814281368984023,0.5209876543209877
Per position nucleotide content - T position 258,Pass,0.5542634713002733,0.620212060738924,0.5604938271604938
Per position nucleotide content - T position 259,Pass,0.5491873291682937,0.6137466989262614,0.5555555555555556
Per position nucleotide content - T position 260,Pass,0.527686938695822,0.5922797284651654,0.5333333333333333
Per position nucleotide content - T position 261,Pass,0.5131296368606013,0.5781254334137749,0.5185185185185185
Per position nucleotide content - T position 262,Pass,0.5204021866458415,0.6913423575860124,0.5135802469135803
Per position nucleotide content - T position 263,Pass,0.5040389496290512,0.5532007088638344,0.5135802469135803
Per position nucleotide content - T position 264,Pass,0.5268815892229598,0.5863774814625627,0.5333333333333333
Per position nucleotide content - T position 265,Pass,0.5054422100741898,0.6811614575097729,0.5135802469135803
Per position nucleotide content - T position 266,Pass,0.5148623584537291,0.5742663136910175,0.5209876543209877
Per position nucleotide content - T position 267,Pass,0.544513861772745,0.6091143597065762,0.5506172839506173
Per position nucleotide content - T position 268,Pass,0.5226107965638422,0.5856546040760406,0.528395061728395
Per position nucleotide content - T position 269,Pass,0.5020987895353377,0.670948459451905,0.5135802469135803
Per position nucleotide content - T position 270,Pass,0.5254173174541195,0.5910968890049032,0.5308641975308642
Per position nucleotide content - T position 271,Pass,0.519401600937134,0.5768073125095121,0.5259259259259259
Per position nucleotide content - T position 272,Pass,0.5061133346349083,0.6878381684430753,0.5135802469135803
Per position nucleotide content - T position 273,Pass,0.5144596837172979,0.5707419045828521,0.5209876543209877
Per position nucleotide content - T position 274,Pass,0.5005002928543537,0.6782023252059446,0.5135802469135803
Per position nucleotide content - T position 275,Pass,0.539169269816478,0.6010689442161524,0.5456790123456791
Per position nucleotide content - T position 276,Pass,0.5155334830144476,0.5802254198654753,0.5209876543209877
Per position nucleotide content - T position 277,Pass,0.5063695821944553,0.667309523376332,0.5135802469135803
Per position nucleotide content - T position 278,Pass,0.515191819601718,0.6857651814250798,0.5135802469135803
Per position nucleotide content - T position 279,Pass,0.5450507614213198,0.6120571936238304,0.5506172839506173
Per position nucleotide content - T position 280,Pass,0.5189989262007029,0.573618303736747,0.5259259259259259
Per position nucleotide content - T position 281,Pass,0.5447823115970324,0.610546277904477,0.5506172839506173
Per position nucleotide content - T position 282,Pass,0.5131296368606013,0.5781254334137749,0.5185185185185185
Per position nucleotide content - T position 283,Pass,0.522745021475986,0.5867389371648168,0.528395061728395
Per position nucleotide content - T position 284,Pass,0.5142522452167122,0.6765590741902079,0.5135802469135803
Per position nucleotide content - T position 285,Pass,0.5204754002342834,0.5856611544351893,0.5259259259259259
Per position nucleotide content - T position 286,Pass,0.5011592151503319,0.661515664256781,0.5135802469135803
Per position nucleotide content - T position 287,Pass,0.5230134713002734,0.5889291610547609,0.528395061728395
Per position nucleotide content - T position 288,Pass,0.5025746778602109,0.5604382648904644,0.5135802469135803
Per position nucleotide content - T position 289,Pass,0.5095787778211637,0.6761625532411459,0.5135802469135803
Per position nucleotide content - T position 290,Pass,0.5096519914096056,0.5659354960381258,0.5160493827160494
Per position nucleotide content - T position 291,Pass,0.5218054470909801,0.5793256275278271,0.528395061728395
Per position nucleotide content - T position 292,Pass,0.5050395353377588,0.6771502678651579,0.5135802469135803
Per position nucleotide content - T position 293,Pass,0.5100546661460368,0.5697219463147918,0.5160493827160494
Per position nucleotide content - T position 294,Pass,0.5334342053885202,0.6036858673068487,0.5382716049382716
Per position nucleotide content - T position 295,Pass,0.5195968371729793,0.6835213385974808,0.5135802469135803
Per position nucleotide content - T position 296,Pass,0.5137153455681375,0.6712947521283594,0.5135802469135803
Per position nucleotide content - T position 297,Pass,0.5244777430691137,0.5838646971211767,0.5308641975308642
Per position nucleotide content - T position 298,Pass,0.5129954119484577,0.5768902362599486,0.5185185185185185
Per position nucleotide content - T position 299,Pass,0.5367654236626318,0.5984184500562242,0.5432098765432098
Per position nucleotide content - T position 300,Pass,0.5043684107770403,0.6704555643641938,0.5135802469135803
Per position nucleotide content - T position 301,Pass,0.5021720031237797,0.5562750599784089,0.5135802469135803
Per position nucleotide content - T position 302,Pass,0.5215980085903944,0.6804880220856709,0.5160493827160494
Per position nucleotide content - T position 303,Pass,0.516863529871144,0.5732144320553796,0.5234567901234568
Per position nucleotide content - T position 304,Pass,0.5443064232721593,0.6986004982568735,0.5382716049382716
Per position nucleotide content - T position 305,Pass,0.5234649550956658,0.6762084106470924,0.5185185185185185
Per position nucleotide content - T position 306,Pass,0.5204754002342834,0.5856611544351893,0.5259259259259259
Per position nucleotide content - T position 307,Pass,0.5167293049590004,0.5720994658438672,0.5234567901234568
Per position nucleotide content - T position 308,Pass,0.5271500390472471,0.5882983814455897,0.5333333333333333
Per position nucleotide content - T position 309,Pass,0.5178031042561498,0.5811981458644684,0.5234567901234568
Per position nucleotide content - T position 310,Pass,0.5421100156188988,0.6065805759227926,0.5481481481481482
Per position nucleotide content - T position 311,Pass,0.5175956657555643,0.6865957276904088,0.5135802469135803
Per position nucleotide content - T position 312,Pass,0.5163388324873096,0.5874871894909298,0.5209876543209877
Per position nucleotide content - T position 313,Pass,0.5176688793440063,0.5800407560836991,0.5234567901234568
Per position nucleotide content - T position 314,Pass,0.5060523233112065,0.5733620719857847,0.5135802469135803
Per position nucleotide content - T position 315,Pass,0.516863529871144,0.5732144320553796,0.5234567901234568
Per position nucleotide content - T position 316,Pass,0.5199385005857087,0.5811785101664263,0.5259259259259259
Per position nucleotide content - T position 317,Pass,0.5047710855134713,0.6744738428018451,0.5135802469135803
Per position nucleotide content - T position 318,Pass,0.5179373291682937,0.5823604060913705,0.5234567901234568
Per position nucleotide content - T position 319,Pass,0.518059351815697,0.5665734013101387,0.5259259259259259
Per position nucleotide content - T position 320,Pass,0.5000976181179226,0.6741575755112134,0.5135802469135803
Per position nucleotide content - T position 321,Pass,0.5393034947286217,0.6017938982042276,0.5456790123456791
Per position nucleotide content - T position 322,Pass,0.522745021475986,0.5867389371648168,0.528395061728395
Per position nucleotide content - T position 323,Pass,0.5091272940257712,0.5818480917465689,0.5135802469135803
Per position nucleotide content - T position 324,Pass,0.5232819211245607,0.5911458473218203,0.528395061728395
Per position nucleotide content - T position 325,Pass,0.514789144865287,0.6818206583253719,0.5135802469135803
Per position nucleotide content - T position 326,Pass,0.5202069504099961,0.5834073302770426,0.5259259259259259
Per position nucleotide content - T position 327,Pass,0.5173272159312767,0.6839773841351173,0.5135802469135803
Per position nucleotide content - T position 328,Pass,0.5057716712221789,0.5492605126276869,0.5135802469135803
Per position nucleotide content - T position 329,Pass,0.5162534166341273,0.6735007590965235,0.5135802469135803
Per position nucleotide content - T position 330,Pass,0.5056496485747755,0.5693539507260473,0.5135802469135803
Per position nucleotide content - T position 331,Pass,0.5076508199921905,0.5675095569342609,0.5135802469135803
Per position nucleotide content - T position 332,Pass,0.5000976181179226,0.6741575755112134,0.5135802469135803
Per position nucleotide content - T position 333,Pass,0.5497242288168683,0.6161976071561888,0.5555555555555556
Per position nucleotide content - T position 334,Pass,0.5322261811792268,0.5950449981647106,0.5382716049382716
Per position nucleotide content - T position 335,Pass,0.5342273525966419,0.5950035362894923,0.5407407407407407
Per position nucleotide content - T position 336,Pass,0.5246119679812573,0.5848681059705757,0.5308641975308642
Per position nucleotide content - T position 337,Pass,0.5463808082780165,0.6093322495382812,0.5530864197530864
Per position nucleotide content - T position 338,Pass,0.5128611870363139,0.5756573545641199,0.5185185185185185
Per position nucleotide content - T position 339,Pass,0.5216712221788363,0.5783049297929361,0.528395061728395
Per position nucleotide content - T position 340,Pass,0.5348984771573604,0.5992436194010534,0.5407407407407407
Per position nucleotide content - T position 341,Pass,0.5088466419367434,0.5584096073988317,0.5160493827160494
Per position nucleotide content - T position 342,Pass,0.5022330144474814,0.6722935802339923,0.5135802469135803
Per position nucleotide content - T position 343,Pass,0.5131296368606013,0.5781254334137749,0.5185185185185185
Per position nucleotide content - T position 344,Pass,0.5020377782116361,0.5548808456380369,0.5135802469135803
Per position nucleotide content - T position 345,Pass,0.5187914877001171,0.675700319608949,0.5135802469135803
Per position nucleotide content - T position 346,Pass,0.5294806716126513,0.689553002461238,0.5234567901234568
Per position nucleotide content - T position 347,Pass,0.5180715540804374,0.583527297234268,0.5234567901234568
Per position nucleotide content - T position 348,Pass,0.5101888910581804,0.5709869731424944,0.5160493827160494
Per position nucleotide content - T position 349,Pass,0.5271500390472471,0.5882983814455897,0.5333333333333333
Per position nucleotide content - T position 350,Pass,0.5109942405310426,0.5786025830245557,0.5160493827160494
Per position nucleotide content - T position 351,Pass,0.5101888910581804,0.5709869731424944,0.5160493827160494
Per position nucleotide content - T position 352,Pass,0.5104573408824679,0.5735209067646612,0.5160493827160494
Per position nucleotide content - T position 353,Pass,0.5175346544318625,0.5788884930883329,0.5234567901234568
Per position nucleotide content - T position 354,Pass,0.5644157555642326,0.6327330474987813,0.5703703703703704
Per position nucleotide content - T position 355,Pass,0.5439037485357283,0.69486960366825,0.5382716049382716
Per position nucleotide content - T position 356,Pass,0.5127879734478719,0.6849401537395872,0.5135802469135803
Per position nucleotide content - T position 357,Pass,0.5315550566185084,0.5907158576910743,0.5382716049382716
Per position nucleotide content - T position 358,Pass,0.5039657360406091,0.6664326672575404,0.5135802469135803
Per position nucleotide content - T position 359,Pass,0.5050395353377588,0.6771502678651579,0.5135802469135803
Per position nucleotide content - T position 360,Pass,0.5097862163217494,0.5671961285864016,0.5160493827160494
Per position nucleotide content - T position 361,Pass,0.5149233697774307,0.6831356525730468,0.5135802469135803
Per position nucleotide content - T position 362,Pass,0.5322261811792268,0.5950449981647106,0.5382716049382716
Per position nucleotide content - T position 363,Pass,0.5171319796954315,0.5754653130287648,0.5234567901234568
Per position nucleotide content - T position 364,Pass,0.5254173174541195,0.5910968890049032,0.5308641975308642
Per position nucleotide content - T position 365,Pass,0.5328973057399453,0.5997328886957469,0.5382716049382716
Per position nucleotide content - T position 366,Pass,0.5399746192893401,0.6057153600300809,0.5456790123456791
Per position nucleotide content - T position 367,Pass,0.5200727254978524,0.582289631645918,0.5259259259259259
Per position nucleotide content - T position 368,Pass,0.5105915657946115,0.5747896852957612,0.5160493827160494
Per position nucleotide content - T position 369,Pass,0.5521280749707145,0.6187147696275848,0.5580246913580247
Per position nucleotide content - T position 370,Pass,0.5107257907067552,0.5760595930832404,0.5160493827160494
Per position nucleotide content - T position 371,Pass,0.5199385005857087,0.5811785101664263,0.5259259259259259
Per position nucleotide content - T position 372,Pass,0.5161191917219836,0.6721907862036262,0.5135802469135803
Per position nucleotide content - T position 373,Pass,0.5002318430300664,0.6755064260367524,0.5135802469135803
Per position nucleotide content - T position 374,Pass,0.5137885591565794,0.5649762684583239,0.5209876543209877
Per position nucleotide content - T position 375,Pass,0.5243435181569699,0.5828727204361722,0.5308641975308642
Per position nucleotide content - T position 376,Pass,0.516204607575166,0.5862697794215083,0.5209876543209877
Per position nucleotide content - T position 377,Pass,0.5373023233112065,0.6016463653964768,0.5432098765432098
Per position nucleotide content - T position 378,Pass,0.539169269816478,0.6010689442161524,0.5456790123456791
Per position nucleotide content - T position 379,Pass,0.5297491214369388,0.6921137296348803,0.5234567901234568
Per position nucleotide content - T position 380,Pass,0.5199995119094103,0.6874318480917465,0.5135802469135803
Per position nucleotide content - T position 381,Pass,0.5050395353377588,0.6771502678651579,0.5135802469135803
Per position nucleotide content - T position 382,Pass,0.504502635689184,0.6717954894403709,0.5135802469135803
Per position nucleotide content - T position 383,Pass,0.5327630808278017,0.5987709155856363,0.5382716049382716
Per position nucleotide content - T position 384,Pass,0.5471861577508785,0.6130253015505487,0.5530864197530864
Per position nucleotide content - T position 385,Pass,0.5373023233112065,0.6016463653964768,0.5432098765432098
Per position nucleotide content - T position 386,Pass,0.5023062280359235,0.55766591464561,0.5135802469135803
Per position nucleotide content - T position 387,Pass,0.5252830925419758,0.5900364582757337,0.5308641975308642
Per position nucleotide content - T position 388,Pass,0.519804275673565,0.5800743213602775,0.5259259259259259
Per position nucleotide content - T position 389,Pass,0.5342273525966419,0.5950035362894923,0.5407407407407407
Per position nucleotide content - T position 390,Pass,0.514789144865287,0.6818206583253719,0.5135802469135803
Per position nucleotide content - T position 391,Pass,0.5199385005857087,0.5811785101664263,0.5259259259259259
Per position nucleotide content - T position 392,Pass,0.5498584537290121,0.6168693749066,0.5555555555555556
Per position nucleotide content - T position 393,Pass,0.5179373291682937,0.5823604060913705,0.5234567901234568
Per position nucleotide content - T position 394,Pass,0.5077118313158921,0.680644239755547,0.5135802469135803
Per position nucleotide content - T position 395,Pass,0.5046368606013276,0.6731349121453561,0.5135802469135803
Per position nucleotide content - T position 396,Pass,0.524746192893401,0.5858823290295372,0.5308641975308642
Per position nucleotide content - T position 397,Pass,0.5023672393596252,0.6736381328574811,0.5135802469135803
Per position nucleotide content - T position 398,Pass,0.5049785240140571,0.5626502983524979,0.5135802469135803
Per position nucleotide content - T position 399,Pass,0.5115799492385786,0.6730501429305038,0.5135802469135803
Per position nucleotide content - T position 400,Pass,0.5169977547832878,0.5743365128689012,0.5234567901234568
Per position nucleotide content - T position 401,Pass,0.5670148379539243,0.7163531673647173,0.5604938271604938
Per position nucleotide content - T position 402,Pass,0.509920441233893,0.5684583060217578,0.5160493827160494
Per position nucleotide content - T position 403,Pass,0.5093835415853182,0.5634192255765039,0.5160493827160494
Per position nucleotide content - T position 404,Pass,0.5230134713002734,0.5889291610547609,0.528395061728395
Per position nucleotide content - T position 405,Pass,0.519401600937134,0.5768073125095121,0.5259259259259259
Per position nucleotide content - T position 406,Pass,0.5044416243654822,0.5572613534797097,0.5135802469135803
Per position nucleotide content - T position 407,Pass,0.5101888910581804,0.5709869731424944,0.5160493827160494
Per position nucleotide content - T position 408,Pass,0.5545319211245607,0.6212764836471469,0.5604938271604938
Per position nucleotide content - T position 409,Pass,0.5121900624755955,0.5695321802343799,0.5185185185185185
Per position nucleotide content - T position 410,Pass,0.5123852987114408,0.6809789657161247,0.5135802469135803
Per position nucleotide content - T position 411,Pass,0.5199995119094103,0.6874318480917465,0.5135802469135803
Per position nucleotide content - T position 412,Pass,0.5025746778602109,0.5604382648904644,0.5135802469135803
Per position nucleotide content - T position 413,Pass,0.5146549199531434,0.6805055066656023,0.5135802469135803
Per position nucleotide content - T position 414,Pass,0.5203411753221397,0.5845312744387094,0.5259259259259259
Per position nucleotide content - T position 415,Pass,0.5192673760249902,0.5757349697700922,0.5259259259259259
Per position nucleotide content - T position 416,Pass,0.5347642522452167,0.5983633559438779,0.5407407407407407
Per position nucleotide content - T position 417,Pass,0.5222081218274112,0.5824494237353798,0.528395061728395
Per position nucleotide content - T position 418,Pass,0.5059180983990629,0.5720270727580372,0.5135802469135803
Per position nucleotide content - T position 419,Pass,0.5641473057399453,0.63199337899504,0.5703703703703704
Per position nucleotide content - T position 420,Pass,0.5233429324482624,0.6973602287659338,0.5160493827160494
Per position nucleotide content - T position 421,Pass,0.5206096251464272,0.5867966807135641,0.5259259259259259
Per position nucleotide content - T position 422,Pass,0.5171929910191332,0.6826680962766615,0.5135802469135803
Per position nucleotide content - T position 423,Pass,0.5479915072237408,0.6175046329868665,0.5530864197530864
Per position nucleotide content - T position 424,Pass,0.5670880515423663,0.636179236007114,0.5728395061728395
Per position nucleotide content - T position 425,Pass,0.5045758492776259,0.558611088729532,0.5135802469135803
Per position nucleotide content - T position 426,Pass,0.531286606794221,0.5891092515216276,0.5382716049382716
Per position nucleotide content - T position 427,Pass,0.5125195236235844,0.6822995892369835,0.5135802469135803
Per position nucleotide content - T position 428,Pass,0.51598496680984,0.6708807192055922,0.5135802469135803
Per position nucleotide content - T position 429,Pass,0.5092493166731745,0.5621637854704816,0.5160493827160494
Per position nucleotide content - T position 430,Pass,0.5383761226083561,0.6088355243177577,0.5432098765432098
Per position nucleotide content - T position 431,Pass,0.5212685474424053,0.5753135379457291,0.528395061728395
Per position nucleotide content - T position 432,Pass,0.5183400039047247,0.5858740901888111,0.5234567901234568
Per position nucleotide content - T position 433,Pass,0.5196700507614214,0.5789774468425177,0.5259259259259259
Per position nucleotide content - T position 434,Pass,0.532628855915658,0.5978205197655139,0.5382716049382716
Per position nucleotide content - T position 435,Pass,0.5051127489262006,0.5639936643889746,0.5135802469135803
Per position nucleotide content - T position 436,Pass,0.5230134713002734,0.5889291610547609,0.528395061728395
Per position nucleotide content - T position 437,Pass,0.5090418781725888,0.6708507171534137,0.5135802469135803
Per position nucleotide content - T position 438,Pass,0.5272842639593909,0.5892772092856695,0.5333333333333333
Per position nucleotide content - T position 439,Pass,0.529285435376806,0.5889381283628322,0.5358024691358024
Per position nucleotide content - T position 440,Pass,0.5070407067551739,0.6739820664228887,0.5135802469135803
Per position nucleotide content - T position 441,Pass,0.5077850449043342,0.5688130600990161,0.5135802469135803
Per position nucleotide content - T position 442,Pass,0.5298833463490824,0.6933945591192437,0.5234567901234568
Per position nucleotide content - T position 443,Pass,0.5057838734869191,0.5706910492680787,0.5135802469135803
Per position nucleotide content - T position 444,Pass,0.5025014642717689,0.6749821288781397,0.5135802469135803
Per position nucleotide content - T position 445,Pass,0.5392302811401796,0.6943283998158845,0.5333333333333333
Per position nucleotide content - T position 446,Pass,0.5215369972666928,0.5772955442752397,0.528395061728395
Per position nucleotide content - T position 447,Pass,0.5331657555642327,0.6016893615878387,0.5382716049382716
Per position nucleotide content - T position 448,Pass,0.5252830925419758,0.5900364582757337,0.5308641975308642
Per position nucleotide content - T position 449,Pass,0.5308961343225302,0.6005934553764405,0.5358024691358024
Per position nucleotide content - T position 450,Pass,0.5043684107770403,0.6704555643641938,0.5135802469135803
Per position nucleotide content - T position 451,Pass,0.5210122998828582,0.5902345110624339,0.5259259259259259
Per position nucleotide content - T position 452,Pass,0.503160386567747,0.6583717762007785,0.5135802469135803
Per position nucleotide content - T position 453,Pass,0.5232819211245607,0.5911458473218203,0.528395061728395
Per position nucleotide content - T position 454,Pass,0.5022330144474814,0.6722935802339923,0.5135802469135803
Per position nucleotide content - T position 455,Pass,0.5055764349863334,0.6824976375654308,0.5135802469135803
Per position nucleotide content - T position 456,Pass,0.5300907848496681,0.5945613451535617,0.5358024691358024
Per position nucleotide content - T position 457,Pass,0.5373023233112065,0.6016463653964768,0.5432098765432098
Per position nucleotide content - T position 458,Pass,0.5141180203045685,0.6752432593934226,0.5135802469135803
Per position nucleotide content - T position 459,Pass,0.5025746778602109,0.5604382648904644,0.5135802469135803
Per position nucleotide content - T position 460,Pass,0.5026356891839125,0.6763255795404696,0.5135802469135803
Per position nucleotide content - T position 461,Pass,0.5620119094103866,0.6300937057816567,0.5679012345679012
Per position nucleotide content - T position 462,Pass,0.5048442991019133,0.5613054694583437,0.5135802469135803
Per position nucleotide content - T position 463,Pass,0.5020987895353377,0.670948459451905,0.5135802469135803
Per position nucleotide content - T position 464,Pass,0.5274184888715345,0.5902674292424048,0.5333333333333333
Per position nucleotide content - T position 465,Pass,0.5350327020695042,0.6001383525918214,0.5407407407407407
Per position nucleotide content - T position 466,Pass,0.5089076532604452,0.66952188470801,0.5135802469135803
Per position nucleotide content - T position 467,Pass,0.544513861772745,0.6091143597065762,0.5506172839506173
Per position nucleotide content - T position 468,Pass,0.5055764349863334,0.6824976375654308,0.5135802469135803
Per position nucleotide content - T position 469,Pass,0.5000976181179226,0.6741575755112134,0.5135802469135803
Per position nucleotide content - T position 470,Pass,0.516863529871144,0.5732144320553796,0.5234567901234568
Per position nucleotide content - T position 471,Pass,0.5218054470909801,0.5793256275278271,0.528395061728395
Per position nucleotide content - T position 472,Pass,0.5317502928543537,0.689150101277807,0.5259259259259259
Per position nucleotide content - T position 473,Pass,0.5067112456071847,0.5583850347809739,0.5135802469135803
Per position nucleotide content - T position 474,Pass,0.5208780749707145,0.5890836051020978,0.5259259259259259
Per position nucleotide content - T position 475,Pass,0.5167293049590004,0.5720994658438672,0.5234567901234568
Per position nucleotide content - T position 476,Pass,0.5023672393596252,0.6736381328574811,0.5135802469135803
Per position nucleotide content - T position 477,Pass,0.501561889886763,0.6655620521075657,0.5135802469135803
Per position nucleotide content - T position 478,Pass,0.5250146427176884,0.5879409608976298,0.5308641975308642
Per position nucleotide content - T position 479,Pass,0.5071139203436158,0.5622955442752398,0.5135802469135803
Per position nucleotide content - T position 480,Pass,0.5258199921905505,0.5943241161408688,0.5308641975308642
Per position nucleotide content - T position 481,Pass,0.5133980866848887,0.5806023330558018,0.5185185185185185
Per position nucleotide content - T position 482,Pass,0.5189989262007029,0.573618303736747,0.5259259259259259
Per position nucleotide content - T position 483,Pass,0.532628855915658,0.5978205197655139,0.5382716049382716
Per position nucleotide content - T position 484,Pass,0.5620119094103866,0.6300937057816567,0.5679012345679012
Per position nucleotide content - T position 485,Pass,0.5210122998828582,0.5902345110624339,0.5259259259259259
Per position nucleotide content - T position 486,Pass,0.5259542171026942,0.5954139832194372,0.5308641975308642
Per position nucleotide content - T position 487,Pass,0.5265399258102303,0.6835459112153386,0.5209876543209877
Per position nucleotide content - T position 488,Pass,0.5301517961733697,0.6959571190289133,0.5234567901234568
Per position nucleotide content - T position 489,Pass,0.527686938695822,0.5922797284651654,0.5333333333333333
Per position nucleotide content - T position 490,Pass,0.5214637836782506,0.679190718164608,0.5160493827160494
Per position nucleotide content - T position 491,Pass,0.5151308082780164,0.5766383023942061,0.5209876543209877
Per position nucleotide content - T position 492,Pass,0.5109942405310426,0.5786025830245557,0.5160493827160494
Per position nucleotide content - T position 493,Pass,0.5294196602889496,0.5898410974821936,0.5358024691358024
Per position nucleotide content - T position 494,Pass,0.5024404529480672,0.5590535928945405,0.5135802469135803
Per position nucleotide content - T position 495,Pass,0.54251269035533,0.6089021023662109,0.5481481481481482
Per position nucleotide content - T position 496,Pass,0.5069064818430301,0.6726484220768402,0.5135802469135803
Per position nucleotide content - T position 497,Pass,0.5097862163217494,0.5671961285864016,0.5160493827160494
Per position nucleotide content - T position 498,Pass,0.5108600156188988,0.5773305759227926,0.5160493827160494
Per position nucleotide content - T position 499,Pass,0.5160703826630222,0.5850550389054305,0.5209876543209877
Per position nucleotide content - T position 500,Pass,0.5005735064427957,0.5625105390906128,0.5135802469135803
Per position nucleotide content - T,Pass,0.572164193674346,0.7163531673647173,0.5777777777777777
Per reverse position nucleotide content - A position 1,Pass,0.5348984771573604,0.5992436194010534,0.5407407407407407
Per reverse position nucleotide content - A position 2,Pass,0.5000976181179226,0.6741575755112134,0.5135802469135803
Per reverse position nucleotide content - A position 3,Pass,0.5103231159703241,0.5722533154005236,0.5160493827160494
Per reverse position nucleotide content - A position 4,Pass,0.5081877196407653,0.572723569593282,0.5135802469135803
Per reverse position nucleotide content - A position 5,Pass,0.5193283873486919,0.6809143322679702,0.5135802469135803
Per reverse position nucleotide content - A position 6,Pass,0.5121168488871535,0.6783370126803413,0.5135802469135803
Per reverse position nucleotide content - A position 7,Pass,0.5008907653260445,0.6588147297152611,0.5135802469135803
Per reverse position nucleotide content - A position 8,Pass,0.5076508199921905,0.5675095569342609,0.5135802469135803
Per reverse position nucleotide content - A position 9,Pass,0.5180715540804374,0.583527297234268,0.5234567901234568
Per reverse position nucleotide content - A position 10,Pass,0.506320773135494,0.5760291853057382,0.5135802469135803
Per reverse position nucleotide content - A position 11,Pass,0.5204754002342834,0.5856611544351893,0.5259259259259259
Per reverse position nucleotide content - A position 12,Pass,0.5070407067551739,0.6739820664228887,0.5135802469135803
Per reverse position nucleotide content - A position 13,Pass,0.5027089027723546,0.5618200888572249,0.5135802469135803
Per reverse position nucleotide content - A position 14,Pass,0.5306276844982429,0.5985445885818137,0.5358024691358024
Per reverse position nucleotide content - A position 15,Pass,0.5043684107770403,0.6704555643641938,0.5135802469135803
Per reverse position nucleotide content - A position 16,Pass,0.522745021475986,0.5867389371648168,0.528395061728395
Per reverse position nucleotide content - A position 17,Pass,0.5130564232721593,0.6875798380278145,0.5135802469135803
Per reverse position nucleotide content - A position 18,Pass,0.524746192893401,0.5858823290295372,0.5308641975308642
Per reverse position nucleotide content - A position 19,Pass,0.5172662046075752,0.5766004660251699,0.5234567901234568
Per reverse position nucleotide content - A position 20,Pass,0.5315550566185084,0.5907158576910743,0.5382716049382716
Per reverse position nucleotide content - A position 21,Pass,0.5179373291682937,0.5823604060913705,0.5234567901234568
Per reverse position nucleotide content - A position 22,Pass,0.5270158141351035,0.5873315786175347,0.5333333333333333
Per reverse position nucleotide content - A position 23,Pass,0.5215980085903944,0.6804880220856709,0.5160493827160494
Per reverse position nucleotide content - A position 24,Pass,0.5176688793440063,0.5800407560836991,0.5234567901234568
Per reverse position nucleotide content - A position 25,Pass,0.5324946310035142,0.5968823000607236,0.5382716049382716
Per reverse position nucleotide content - A position 26,Pass,0.5430495900039047,0.6122328758538573,0.5481481481481482
Per reverse position nucleotide content - A position 27,Pass,0.5102499023818821,0.6827950115936581,0.5135802469135803
Per reverse position nucleotide content - A position 28,Pass,0.5042341858648965,0.6691151263033487,0.5135802469135803
Per reverse position nucleotide content - A position 29,Pass,0.5530676493557204,0.6235218575703453,0.5580246913580247
Per reverse position nucleotide content - A position 30,Pass,0.5128611870363139,0.5756573545641199,0.5185185185185185
Per reverse position nucleotide content - A position 31,Pass,0.5262226669269816,0.5976129928129216,0.5308641975308642
Per reverse position nucleotide content - A position 32,Pass,0.5158019328387349,0.5826340790875478,0.5209876543209877
Per reverse position nucleotide content - A position 33,Pass,0.5335684303006638,0.6046979951802287,0.5382716049382716
Per reverse position nucleotide content - A position 34,Pass,0.5018303397110504,0.6682564655670008,0.5135802469135803
Per reverse position nucleotide content - A position 35,Pass,0.509920441233893,0.5684583060217578,0.5160493827160494
Per reverse position nucleotide content - A position 36,Pass,0.5264789144865287,0.583599047439995,0.5333333333333333
Per reverse position nucleotide content - A position 37,Pass,0.5347642522452167,0.5983633559438779,0.5407407407407407
Per reverse position nucleotide content - A position 38,Pass,0.5125195236235844,0.6822995892369835,0.5135802469135803
Per reverse position nucleotide content - A position 39,Pass,0.5074433814916048,0.6779805472971323,0.5135802469135803
Per reverse position nucleotide content - A position 40,Pass,0.5246119679812573,0.5848681059705757,0.5308641975308642
Per reverse position nucleotide content - A position 41,Pass,0.5182057789925811,0.5846985952165801,0.5234567901234568
Per reverse position nucleotide content - A position 42,Pass,0.5069064818430301,0.6726484220768402,0.5135802469135803
Per reverse position nucleotide content - A position 43,Pass,0.5274184888715345,0.5902674292424048,0.5333333333333333
Per reverse position nucleotide content - A position 44,Pass,0.5228060327996876,0.6921674400942631,0.5160493827160494
Per reverse position nucleotide content - A position 45,Pass,0.5125927372120266,0.5731990250112968,0.5185185185185185
Per reverse position nucleotide content - A position 46,Pass,0.5250146427176884,0.5879409608976298,0.5308641975308642
Per reverse position nucleotide content - A position 47,Pass,0.5019035532994924,0.5534830739966601,0.5135802469135803
Per reverse position nucleotide content - A position 48,Pass,0.5497242288168683,0.6161976071561888,0.5555555555555556
Per reverse position nucleotide content - A position 49,Pass,0.5518596251464273,0.6175431699966387,0.5580246913580247
Per reverse position nucleotide content - A position 50,Pass,0.5027699140960562,0.6776684957881163,0.5135802469135803
Per reverse position nucleotide content - A position 51,Pass,0.5525307497071457,0.6206515949113242,0.5580246913580247
Per reverse position nucleotide content - A position 52,Pass,0.5003660679422101,0.6768546719308141,0.5135802469135803
Per reverse position nucleotide content - A position 53,Pass,0.5049053104256149,0.6758122914516437,0.5135802469135803
Per reverse position nucleotide content - A position 54,Pass,0.5075776064037485,0.6793125843887264,0.5135802469135803
Per reverse position nucleotide content - A position 55,Pass,0.51526503319016,0.5778303228387831,0.5209876543209877
Per reverse position nucleotide content - A position 56,Pass,0.5255515423662632,0.5921652245287258,0.5308641975308642
Per reverse position nucleotide content - A position 57,Pass,0.5275527137836783,0.591268452068382,0.5333333333333333
Per reverse position nucleotide content - A position 58,Pass,0.5442454119484577,0.6077702985652447,0.5506172839506173
Per reverse position nucleotide content - A position 59,Pass,0.5374365482233503,0.6024961480530651,0.5432098765432098
Per reverse position nucleotide content - A position 60,Pass,0.5222081218274112,0.5824494237353798,0.528395061728395
Per reverse position nucleotide content - A position 61,Pass,0.5525307497071457,0.6206515949113242,0.5580246913580247
Per reverse position nucleotide content - A position 62,Pass,0.5278211636079657,0.5933007457542144,0.5333333333333333
Per reverse position nucleotide content - A position 63,Pass,0.5280896134322529,0.5953701176751229,0.5333333333333333
Per reverse position nucleotide content - A position 64,Pass,0.5133980866848887,0.5806023330558018,0.5185185185185185
Per reverse position nucleotide content - A position 65,Pass,0.5223423467395548,0.5835094204066286,0.528395061728395
Per reverse position nucleotide content - A position 66,Pass,0.516863529871144,0.5732144320553796,0.5234567901234568
Per reverse position nucleotide content - A position 67,Pass,0.5036484771573604,0.5714243259227926,0.5135802469135803
Per reverse position nucleotide content - A position 68,Pass,0.5053811987504881,0.566676307962264,0.5135802469135803
Per reverse position nucleotide content - A position 69,Pass,0.5025746778602109,0.5604382648904644,0.5135802469135803
Per reverse position nucleotide content - A position 70,Pass,0.5328973057399453,0.5997328886957469,0.5382716049382716
Per reverse position nucleotide content - A position 71,Pass,0.5199385005857087,0.5811785101664263,0.5259259259259259
Per reverse position nucleotide content - A position 72,Pass,0.5507980281140179,0.6221118588267037,0.5555555555555556
Per reverse position nucleotide content - A position 73,Pass,0.5662827020695042,0.6343263867798554,0.5728395061728395
Per reverse position nucleotide content - A position 74,Pass,0.5350327020695042,0.6001383525918214,0.5407407407407407
Per reverse position nucleotide content - A position 75,Pass,0.5160703826630222,0.5850550389054305,0.5209876543209877
Per reverse position nucleotide content - A position 76,Pass,0.5222081218274112,0.5824494237353798,0.528395061728395
Per reverse position nucleotide content - A position 77,Pass,0.5025014642717689,0.6749821288781397,0.5135802469135803
Per reverse position nucleotide content - A position 78,Pass,0.5077850449043342,0.5688130600990161,0.5135802469135803
Per reverse position nucleotide content - A position 79,Pass,0.5511885005857087,0.6151165632637714,0.5580246913580247
Per reverse position nucleotide content - A position 80,Pass,0.506320773135494,0.5760291853057382,0.5135802469135803
Per reverse position nucleotide content - A position 81,Pass,0.5527991995314331,0.6220489238214799,0.5580246913580247
Per reverse position nucleotide content - A position 82,Pass,0.5016961147989067,0.6669095676963995,0.5135802469135803
Per reverse position nucleotide content - A position 83,Pass,0.5572042171026942,0.624951540022431,0.562962962962963
Per reverse position nucleotide content - A position 84,Pass,0.5139837953924249,0.673927269963559,0.5135802469135803
Per reverse position nucleotide content - A position 85,Pass,0.5179373291682937,0.5823604060913705,0.5234567901234568
Per reverse position nucleotide content - A position 86,Pass,0.5463808082780165,0.6093322495382812,0.5530864197530864
Per reverse position nucleotide content - A position 87,Pass,0.5211465247950019,0.5913900764793933,0.5259259259259259
Per reverse position nucleotide content - A position 88,Pass,0.5565330925419758,0.6225003872435473,0.562962962962963
Per reverse position nucleotide content - A position 89,Pass,0.5055154236626318,0.568015722927637,0.5135802469135803
Per reverse position nucleotide content - A position 90,Pass,0.5398403943771963,0.604894948652765,0.5456790123456791
Per reverse position nucleotide content - A position 91,Pass,0.5439769621241702,0.6065243302540626,0.5506172839506173
Per reverse position nucleotide content - A position 92,Pass,0.5206096251464272,0.5867966807135641,0.5259259259259259
Per reverse position nucleotide content - A position 93,Pass,0.5141912338930105,0.5684177836847419,0.5209876543209877
Per reverse position nucleotide content - A position 94,Pass,0.5207438500585708,0.5879375822523031,0.5259259259259259
Per reverse position nucleotide content - A position 95,Pass,0.5306276844982429,0.5985445885818137,0.5358024691358024
Per reverse position nucleotide content - A position 96,Pass,0.5348984771573604,0.5992436194010534,0.5407407407407407
Per reverse position nucleotide content - A position 97,Pass,0.5373023233112065,0.6016463653964768,0.5432098765432098
Per reverse position nucleotide content - A position 98,Pass,0.5381076727840687,0.606961118720848,0.5432098765432098
Per reverse position nucleotide content - A position 99,Pass,0.5108600156188988,0.5773305759227926,0.5160493827160494
Per reverse position nucleotide content - A position 100,Pass,0.5527991995314331,0.6220489238214799,0.5580246913580247
Per reverse position nucleotide content - A position 101,Pass,0.5148623584537291,0.5742663136910175,0.5209876543209877
Per reverse position nucleotide content - A position 102,Pass,0.5644157555642326,0.6327330474987813,0.5703703703703704
Per reverse position nucleotide content - A position 103,Pass,0.5232819211245607,0.5911458473218203,0.528395061728395
Per reverse position nucleotide content - A position 104,Pass,0.5127269621241702,0.5744269080913577,0.5185185185185185
Per reverse position nucleotide content - A position 105,Pass,0.5728231159703241,0.6442923874395956,0.5802469135802469
Per reverse position nucleotide content - A position 106,Pass,0.5258199921905505,0.5943241161408688,0.5308641975308642
Per reverse position nucleotide content - A position 107,Pass,0.5582780163998439,0.630154904943399,0.562962962962963
Per reverse position nucleotide content - A position 108,Pass,0.5358380515423662,0.6057729275334438,0.5407407407407407
Per reverse position nucleotide content - A position 109,Pass,0.5523965247950019,0.619983684966908,0.5580246913580247
Per reverse position nucleotide content - A position 110,Pass,0.5546661460367044,0.6218489364079005,0.5604938271604938
Per reverse position nucleotide content - A position 111,Pass,0.5374365482233503,0.6024961480530651,0.5432098765432098
Per reverse position nucleotide content - A position 112,Pass,0.5098472276454511,0.6788164748885078,0.5135802469135803
Per reverse position nucleotide content - A position 113,Pass,0.545856110894182,0.6169915617688185,0.5506172839506173
Per reverse position nucleotide content - A position 114,Pass,0.532628855915658,0.5978205197655139,0.5382716049382716
Per reverse position nucleotide content - A position 115,Pass,0.5135323115970324,0.5818438322523031,0.5185185185185185
Per reverse position nucleotide content - A position 116,Pass,0.5271500390472471,0.5882983814455897,0.5333333333333333
Per reverse position nucleotide content - A position 117,Pass,0.5153992581023037,0.5790260906016853,0.5209876543209877
Per reverse position nucleotide content - A position 118,Pass,0.5023062280359235,0.55766591464561,0.5135802469135803
Per reverse position nucleotide content - A position 119,Pass,0.5367654236626318,0.5984184500562242,0.5432098765432098
Per reverse position nucleotide content - A position 120,Pass,0.5529334244435767,0.6227763901198757,0.5580246913580247
Per reverse position nucleotide content - A position 121,Pass,0.5653553299492385,0.6362482044510369,0.5703703703703704
Per reverse position nucleotide content - A position 122,Pass,0.5250146427176884,0.5879409608976298,0.5308641975308642
Per reverse position nucleotide content - A position 123,Pass,0.5070407067551739,0.6739820664228887,0.5135802469135803
Per reverse position nucleotide content - A position 124,Pass,0.5224765716516986,0.5845779611653688,0.528395061728395
Per reverse position nucleotide content - A position 125,Pass,0.5182667903162826,0.6931403024268499,0.5135802469135803
Per reverse position nucleotide content - A position 126,Pass,0.5041853768059352,0.5768681179935784,0.5135802469135803
Per reverse position nucleotide content - A position 127,Pass,0.5196700507614214,0.5789774468425177,0.5259259259259259
Per reverse position nucleotide content - A position 128,Pass,0.5320919562670832,0.5941473391557994,0.5382716049382716
Per reverse position nucleotide content - A position 129,Pass,0.5279553885201093,0.5943310248752539,0.5333333333333333
Per reverse position nucleotide content - A position 130,Pass,0.5389008199921906,0.599687774756043,0.5456790123456791
Per reverse position nucleotide content - A position 131,Pass,0.5299565599375244,0.5935922901493416,0.5358024691358024
Per reverse position nucleotide content - A position 132,Pass,0.5004392815306521,0.5610993005240044,0.5135802469135803
Per reverse position nucleotide content - A position 133,Pass,0.5145939086294417,0.5719118963991427,0.5209876543209877
Per reverse position nucleotide content - A position 134,Pass,0.5219396720031237,0.580356997165732,0.528395061728395
Per reverse position nucleotide content - A position 135,Pass,0.5069064818430301,0.6726484220768402,0.5135802469135803
Per reverse position nucleotide content - A position 136,Pass,0.5201337368215541,0.6887353512565019,0.5135802469135803
Per reverse position nucleotide content - A position 137,Pass,0.5224765716516986,0.5845779611653688,0.528395061728395
Per reverse position nucleotide content - A position 138,Pass,0.5103231159703241,0.5722533154005236,0.5160493827160494
Per reverse position nucleotide content - A position 139,Pass,0.5327630808278017,0.5987709155856363,0.5382716049382716
Per reverse position nucleotide content - A position 140,Pass,0.5422442405310426,0.6073358334735127,0.5481481481481482
Per reverse position nucleotide content - A position 141,Pass,0.5613529871144084,0.636027675441579,0.5654320987654321
Per reverse position nucleotide content - A position 142,Pass,0.5145206950409996,0.6791901943369357,0.5135802469135803
Per reverse position nucleotide content - A position 143,Pass,0.564281530652089,0.6323463903836155,0.5703703703703704
Per reverse position nucleotide content - A position 144,Pass,0.5042341858648965,0.6691151263033487,0.5135802469135803
Per reverse position nucleotide content - A position 145,Pass,0.5697603475204999,0.6395831128089513,0.5753086419753086
Per reverse position nucleotide content - A position 146,Pass,0.5266131393986724,0.5845103937420051,0.5333333333333333
Per reverse position nucleotide content - A position 147,Pass,0.5049785240140571,0.5626502983524979,0.5135802469135803
Per reverse position nucleotide content - A position 148,Pass,0.5398403943771963,0.604894948652765,0.5456790123456791
Per reverse position nucleotide content - A position 149,Pass,0.5124585122998829,0.5719738426485466,0.5185185185185185
Per reverse position nucleotide content - A position 150,Pass,0.5401088442014838,0.6065520097868062,0.5456790123456791
Per reverse position nucleotide content - A position 151,Pass,0.5206096251464272,0.5867966807135641,0.5259259259259259
Per reverse position nucleotide content - A position 152,Pass,0.5023672393596252,0.6736381328574811,0.5135802469135803
Per reverse position nucleotide content - A position 153,Pass,0.5178031042561498,0.5811981458644684,0.5234567901234568
Per reverse position nucleotide content - A position 154,Pass,0.5005002928543537,0.6782023252059446,0.5135802469135803
Per reverse position nucleotide content - A position 155,Pass,0.5434522647403357,0.6148807590854968,0.5481481481481482
Per reverse position nucleotide content - A position 156,Pass,0.5294196602889496,0.5898410974821936,0.5358024691358024
Per reverse position nucleotide content - A position 157,Pass,0.572164193674346,0.6421468501683019,0.5777777777777777
Per reverse position nucleotide content - A position 158,Pass,0.501378855915658,0.5709088882478531,0.5135802469135803
Per reverse position nucleotide content - A position 159,Pass,0.537570773135494,0.6033613110658623,0.5432098765432098
Per reverse position nucleotide content - A position 160,Pass,0.5105183522061695,0.6854458775722914,0.5135802469135803
Per reverse position nucleotide content - A position 161,Pass,0.5101888910581804,0.5709869731424944,0.5160493827160494
Per reverse position nucleotide content - A position 162,Pass,0.5206096251464272,0.5867966807135641,0.5259259259259259
Per reverse position nucleotide content - A position 163,Pass,0.514386470128856,0.6778747179921037,0.5135802469135803
Per reverse position nucleotide content - A position 164,Pass,0.511445724326435,0.6717277772982864,0.5135802469135803
Per reverse position nucleotide content - A position 165,Pass,0.5207438500585708,0.5879375822523031,0.5259259259259259
Per reverse position nucleotide content - A position 166,Pass,0.5170587661069895,0.6813587289035159,0.5135802469135803
Per reverse position nucleotide content - A position 167,Pass,0.5123242873877392,0.5707515083149601,0.5185185185185185
Per reverse position nucleotide content - A position 168,Pass,0.5050395353377588,0.6771502678651579,0.5135802469135803
Per reverse position nucleotide content - A position 169,Pass,0.5047710855134713,0.6744738428018451,0.5135802469135803
Per reverse position nucleotide content - A position 170,Pass,0.5121168488871535,0.6783370126803413,0.5135802469135803
Per reverse position nucleotide content - A position 171,Pass,0.5463808082780165,0.6093322495382812,0.5530864197530864
Per reverse position nucleotide content - A position 172,Pass,0.5844518742678642,0.6559084269744169,0.5901234567901235
Per reverse position nucleotide content - A position 173,Pass,0.5534703240921515,0.6258582066168499,0.5580246913580247
Per reverse position nucleotide content - A position 174,Pass,0.5364969738383444,0.5969213216401432,0.5432098765432098
Per reverse position nucleotide content - A position 175,Pass,0.5052469738383444,0.5653356438907826,0.5135802469135803
Per reverse position nucleotide content - A position 176,Pass,0.5681618508395159,0.640337668848667,0.5728395061728395
Per reverse position nucleotide content - A position 177,Pass,0.5044416243654822,0.5572613534797097,0.5135802469135803
Per reverse position nucleotide content - A position 178,Pass,0.5151308082780164,0.5766383023942061,0.5209876543209877
Per reverse position nucleotide content - A position 179,Pass,0.519804275673565,0.5800743213602775,0.5259259259259259
Per reverse position nucleotide content - A position 180,Pass,0.5415731159703241,0.6037704094176176,0.5481481481481482
Per reverse position nucleotide content - A position 181,Pass,0.5418415657946114,0.6051309770006894,0.5481481481481482
Per reverse position nucleotide content - A position 182,Pass,0.5148623584537291,0.5742663136910175,0.5209876543209877
Per reverse position nucleotide content - A position 183,Pass,0.5094445529090199,0.6748351037162374,0.5135802469135803
Per reverse position nucleotide content - A position 184,Pass,0.5381076727840687,0.606961118720848,0.5432098765432098
Per reverse position nucleotide content - A position 185,Pass,0.5218054470909801,0.5793256275278271,0.528395061728395
Per reverse position nucleotide content - A position 186,Pass,0.5299565599375244,0.5935922901493416,0.5358024691358024
Per reverse position nucleotide content - A position 187,Pass,0.5216712221788363,0.5783049297929361,0.528395061728395
Per reverse position nucleotide content - A position 188,Pass,0.5467834830144476,0.6110641097950742,0.5530864197530864
Per reverse position nucleotide content - A position 189,Pass,0.5373023233112065,0.6016463653964768,0.5432098765432098
Per reverse position nucleotide content - A position 190,Pass,0.5083707536118705,0.6642028300321821,0.5135802469135803
Per reverse position nucleotide content - A position 191,Pass,0.5046368606013276,0.6731349121453561,0.5135802469135803
Per reverse position nucleotide content - A position 192,Pass,0.5246119679812573,0.5848681059705757,0.5308641975308642
Per reverse position nucleotide content - A position 193,Pass,0.5497242288168683,0.6161976071561888,0.5555555555555556
Per reverse position nucleotide content - A position 194,Pass,0.5066380320187427,0.6699798553134517,0.5135802469135803
Per reverse position nucleotide content - A position 195,Pass,0.5402430691136275,0.6074040927140452,0.5456790123456791
Per reverse position nucleotide content - A position 196,Pass,0.5288827606403749,0.5863263201672677,0.5358024691358024
Per reverse position nucleotide content - A position 197,Pass,0.5466492581023037,0.6104594186498857,0.5530864197530864
Per reverse position nucleotide content - A position 198,Pass,0.5099814525575947,0.6801429602191024,0.5135802469135803
Per reverse position nucleotide content - A position 199,Pass,0.5600107379929715,0.6291470309929009,0.5654320987654321
Per reverse position nucleotide content - A position 200,Pass,0.5328973057399453,0.5997328886957469,0.5382716049382716
Per reverse position nucleotide content - A position 201,Pass,0.5322261811792268,0.5950449981647106,0.5382716049382716
Per reverse position nucleotide content - A position 202,Pass,0.5254173174541195,0.5910968890049032,0.5308641975308642
Per reverse position nucleotide content - A position 203,Pass,0.5139349863334635,0.5855794350301511,0.5185185185185185
Per reverse position nucleotide content - A position 204,Pass,0.5430495900039047,0.6122328758538573,0.5481481481481482
Per reverse position nucleotide content - A position 205,Pass,0.5219396720031237,0.580356997165732,0.528395061728395
Per reverse position nucleotide content - A position 206,Pass,0.5470519328387349,0.6123483648018335,0.5530864197530864
Per reverse position nucleotide content - A position 207,Pass,0.5175346544318625,0.5788884930883329,0.5234567901234568
Per reverse position nucleotide content - A position 208,Pass,0.5344958024209293,0.5966494242266919,0.5407407407407407
Per reverse position nucleotide content - A position 209,Pass,0.5453192112456072,0.613639399789373,0.5506172839506173
Per reverse position nucleotide content - A position 210,Pass,0.5049785240140571,0.5626502983524979,0.5135802469135803
Per reverse position nucleotide content - A position 211,Pass,0.543318039828192,0.613985181328667,0.5481481481481482
Per reverse position nucleotide content - A position 212,Pass,0.5290169855525186,0.5871797783275226,0.5358024691358024
Per reverse position nucleotide content - A position 213,Pass,0.5475888324873096,0.6151814250799024,0.5530864197530864
Per reverse position nucleotide content - A position 214,Pass,0.5657458024209293,0.6339200664285267,0.5728395061728395
Per reverse position nucleotide content - A position 215,Pass,0.529285435376806,0.5889381283628322,0.5358024691358024
Per reverse position nucleotide content - A position 216,Pass,0.513263861772745,0.5793628339873087,0.5185185185185185
Per reverse position nucleotide content - A position 217,Pass,0.5720299687622022,0.6417930839994554,0.5777777777777777
Per reverse position nucleotide content - A position 218,Pass,0.5351669269816478,0.601046825949782,0.5407407407407407
Per reverse position nucleotide content - A position 219,Pass,0.5223423467395548,0.5835094204066286,0.528395061728395
Per reverse position nucleotide content - A position 220,Pass,0.5049053104256149,0.6758122914516437,0.5135802469135803
Per reverse position nucleotide content - A position 221,Pass,0.503380027333073,0.5686913115287658,0.5135802469135803
Per reverse position nucleotide content - A position 222,Pass,0.5009029675907849,0.6822418447629952,0.5135802469135803
Per reverse position nucleotide content - A position 223,Pass,0.5491873291682937,0.6137466989262614,0.5555555555555556
Per reverse position nucleotide content - A position 224,Pass,0.5167293049590004,0.5720994658438672,0.5234567901234568
Per reverse position nucleotide content - A position 225,Pass,0.5664169269816478,0.6345413558372088,0.5728395061728395
Per reverse position nucleotide content - A position 226,Pass,0.5049907262787973,0.5849872291919669,0.5135802469135803
Per reverse position nucleotide content - A position 227,Pass,0.5200727254978524,0.582289631645918,0.5259259259259259
Per reverse position nucleotide content - A position 228,Pass,0.5230134713002734,0.5889291610547609,0.528395061728395
Per reverse position nucleotide content - A position 229,Pass,0.5304934595860992,0.5975337683438877,0.5358024691358024
Per reverse position nucleotide content - A position 230,Pass,0.5453192112456072,0.613639399789373,0.5506172839506173
Per reverse position nucleotide content - A position 231,Pass,0.504502635689184,0.6717954894403709,0.5135802469135803
Per reverse position nucleotide content - A position 232,Pass,0.5543976962124171,0.6207303750450959,0.5604938271604938
Per reverse position nucleotide content - A position 233,Pass,0.5127269621241702,0.5744269080913577,0.5185185185185185
Per reverse position nucleotide content - A position 234,Pass,0.502977352596642,0.5645757719634229,0.5135802469135803
Per reverse position nucleotide content - A position 235,Pass,0.5650868801249511,0.6351135750500201,0.5703703703703704
Per reverse position nucleotide content - A position 236,Pass,0.5546661460367044,0.6218489364079005,0.5604938271604938
Per reverse position nucleotide content - A position 237,Pass,0.5401088442014838,0.6065520097868062,0.5456790123456791
Per reverse position nucleotide content - A position 238,Pass,0.501378855915658,0.5709088882478531,0.5135802469135803
Per reverse position nucleotide content - A position 239,Pass,0.5322261811792268,0.5950449981647106,0.5382716049382716
Per reverse position nucleotide content - A position 240,Pass,0.5318235064427957,0.5923979657593935,0.5382716049382716
Per reverse position nucleotide content - A position 241,Pass,0.5207926591175323,0.6727055610304341,0.5160493827160494
Per reverse position nucleotide content - A position 242,Pass,0.5125927372120266,0.5731990250112968,0.5185185185185185
Per reverse position nucleotide content - A position 243,Pass,0.5207438500585708,0.5879375822523031,0.5259259259259259
Per reverse position nucleotide content - A position 244,Pass,0.541170441233893,0.6019203394837913,0.5481481481481482
Per reverse position nucleotide content - A position 245,Pass,0.5125927372120266,0.5731990250112968,0.5185185185185185
Per reverse position nucleotide content - A position 246,Pass,0.5089076532604452,0.66952188470801,0.5135802469135803
Per reverse position nucleotide content - A position 247,Pass,0.5258688012495119,0.6771240891714665,0.5209876543209877
Per reverse position nucleotide content - A position 248,Pass,0.5025746778602109,0.5604382648904644,0.5135802469135803
Per reverse position nucleotide content - A position 249,Pass,0.5271500390472471,0.5882983814455897,0.5333333333333333
Per reverse position nucleotide content - A position 250,Pass,0.5382418976962124,0.6078925980760795,0.5432098765432098
Per reverse position nucleotide content - A position 251,Pass,0.5232087075361187,0.6960619285689513,0.5160493827160494
Per reverse position nucleotide content - A position 252,Pass,0.5489188793440063,0.6126822023508568,0.5555555555555556
Per reverse position nucleotide content - A position 253,Pass,0.5228792463881297,0.5878305759227925,0.528395061728395
Per reverse position nucleotide content - A position 254,Pass,0.5415731159703241,0.6037704094176176,0.5481481481481482
Per reverse position nucleotide content - A position 255,Pass,0.5127269621241702,0.5744269080913577,0.5185185185185185
Per reverse position nucleotide content - A position 256,Pass,0.534630027333073,0.5974983443680568,0.5407407407407407
Per reverse position nucleotide content - A position 257,Pass,0.5350327020695042,0.6001383525918214,0.5407407407407407
Per reverse position nucleotide content - A position 258,Pass,0.5025014642717689,0.6749821288781397,0.5135802469135803
Per reverse position nucleotide content - A position 259,Pass,0.5023672393596252,0.6736381328574811,0.5135802469135803
Per reverse position nucleotide content - A position 260,Pass,0.5457218859820383,0.6161318718474504,0.5506172839506173
Per reverse position nucleotide content - A position 261,Pass,0.5123242873877392,0.5707515083149601,0.5185185185185185
Per reverse position nucleotide content - A position 262,Pass,0.5100546661460368,0.5697219463147918,0.5160493827160494
Per reverse position nucleotide content - A position 263,Pass,0.5028431276844983,0.5631992121066747,0.5135802469135803
Per reverse position nucleotide content - A position 264,Pass,0.5303592346739555,0.5965326235746171,0.5358024691358024
Per reverse position nucleotide content - A position 265,Pass,0.5395719445529089,0.6033063520373165,0.5456790123456791
Per reverse position nucleotide content - A position 266,Pass,0.5108600156188988,0.5773305759227926,0.5160493827160494
Per reverse position nucleotide content - A position 267,Pass,0.5300907848496681,0.5945613451535617,0.5358024691358024
Per reverse position nucleotide content - A position 268,Pass,0.5302250097618119,0.5955416421127578,0.5358024691358024
Per reverse position nucleotide content - A position 269,Pass,0.5076508199921905,0.5675095569342609,0.5135802469135803
Per reverse position nucleotide content - A position 270,Pass,0.5742995900039047,0.6441896113504157,0.5802469135802469
Per reverse position nucleotide content - A position 271,Pass,0.5059180983990629,0.5720270727580372,0.5135802469135803
Per reverse position nucleotide content - A position 272,Pass,0.5323604060913706,0.5959568973194407,0.5382716049382716
Per reverse position nucleotide content - A position 273,Pass,0.5056984576337369,0.660625454142208,0.5135802469135803
Per reverse position nucleotide content - A position 274,Pass,0.5174614408434206,0.6852865940852405,0.5135802469135803
Per reverse position nucleotide content - A position 275,Pass,0.5149965833658727,0.575450228240609,0.5209876543209877
Per reverse position nucleotide content - A position 276,Pass,0.5179373291682937,0.5823604060913705,0.5234567901234568
Per reverse position nucleotide content - A position 277,Pass,0.5014276649746193,0.6642139055162362,0.5135802469135803
Per reverse position nucleotide content - A position 278,Pass,0.5373023233112065,0.6016463653964768,0.5432098765432098
Per reverse position nucleotide content - A position 279,Pass,0.5526649746192893,0.6213403439777189,0.5580246913580247
Per reverse position nucleotide content - A position 280,Pass,0.5175346544318625,0.5788884930883329,0.5234567901234568
Per reverse position nucleotide content - A position 281,Pass,0.5485284068723154,0.6208233601685126,0.5530864197530864
Per reverse position nucleotide content - A position 282,Pass,0.503380027333073,0.5686913115287658,0.5135802469135803
Per reverse position nucleotide content - A position 283,Pass,0.5738969152674737,0.6436287007313464,0.5802469135802469
Per reverse position nucleotide content - A position 284,Pass,0.5471861577508785,0.6130253015505487,0.5530864197530864
Per reverse position nucleotide content - A position 285,Pass,0.5052469738383444,0.5653356438907826,0.5135802469135803
Per reverse position nucleotide content - A position 286,Pass,0.5095177664974619,0.5646764966561921,0.5160493827160494
Per reverse position nucleotide content - A position 287,Pass,0.5064427957828973,0.5557780284514633,0.5135802469135803
Per reverse position nucleotide content - A position 288,Pass,0.5228792463881297,0.5878305759227925,0.528395061728395
Per reverse position nucleotide content - A position 289,Pass,0.5612065599375244,0.6279486413854882,0.5679012345679012
Per reverse position nucleotide content - A position 290,Pass,0.5153992581023037,0.5790260906016853,0.5209876543209877
Per reverse position nucleotide content - A position 291,Pass,0.529688110113237,0.591690336698797,0.5358024691358024
Per reverse position nucleotide content - A position 292,Pass,0.5525307497071457,0.6206515949113242,0.5580246913580247
Per reverse position nucleotide content - A position 293,Pass,0.5074433814916048,0.6779805472971323,0.5135802469135803
Per reverse position nucleotide content - A position 294,Pass,0.5173272159312767,0.6839773841351173,0.5135802469135803
Per reverse position nucleotide content - A position 295,Pass,0.5324946310035142,0.5968823000607236,0.5382716049382716
Per reverse position nucleotide content - A position 296,Pass,0.5317502928543537,0.689150101277807,0.5259259259259259
Per reverse position nucleotide content - A position 297,Pass,0.522745021475986,0.5867389371648168,0.528395061728395
Per reverse position nucleotide content - A position 298,Pass,0.529688110113237,0.591690336698797,0.5358024691358024
Per reverse position nucleotide content - A position 299,Pass,0.5350327020695042,0.6001383525918214,0.5407407407407407
Per reverse position nucleotide content - A position 300,Pass,0.5399746192893401,0.6057153600300809,0.5456790123456791
Per reverse position nucleotide content - A position 301,Pass,0.5897964662241312,0.661956294125829,0.5950617283950618
Per reverse position nucleotide content - A position 302,Pass,0.5250146427176884,0.5879409608976298,0.5308641975308642
Per reverse position nucleotide content - A position 303,Pass,0.509920441233893,0.5684583060217578,0.5160493827160494
Per reverse position nucleotide content - A position 304,Pass,0.5158019328387349,0.5826340790875478,0.5209876543209877
Per reverse position nucleotide content - A position 305,Pass,0.5104573408824679,0.5735209067646612,0.5160493827160494
Per reverse position nucleotide content - A position 306,Pass,0.5060523233112065,0.5733620719857847,0.5135802469135803
Per reverse position nucleotide content - A position 307,Pass,0.5283580632565404,0.5974730917465689,0.5333333333333333
Per reverse position nucleotide content - A position 308,Pass,0.519804275673565,0.5800743213602775,0.5259259259259259
Per reverse position nucleotide content - A position 309,Pass,0.5138007614213198,0.5843324673696925,0.5185185185185185
Per reverse position nucleotide content - A position 310,Pass,0.5196700507614214,0.5789774468425177,0.5259259259259259
Per reverse position nucleotide content - A position 311,Pass,0.5245387543928153,0.6865371705293593,0.5185185185185185
Per reverse position nucleotide content - A position 312,Pass,0.564281530652089,0.6323463903836155,0.5703703703703704
Per reverse position nucleotide content - A position 313,Pass,0.5521280749707145,0.6187147696275848,0.5580246913580247
Per reverse position nucleotide content - A position 314,Pass,0.534630027333073,0.5974983443680568,0.5407407407407407
Per reverse position nucleotide content - A position 315,Pass,0.5149233697774307,0.6831356525730468,0.5135802469135803
Per reverse position nucleotide content - A position 316,Pass,0.5319577313549394,0.5932647114119196,0.5382716049382716
Per reverse position nucleotide content - A position 317,Pass,0.5179373291682937,0.5823604060913705,0.5234567901234568
Per reverse position nucleotide content - A position 318,Pass,0.5180715540804374,0.583527297234268,0.5234567901234568
Per reverse position nucleotide content - A position 319,Pass,0.519401600937134,0.5768073125095121,0.5259259259259259
Per reverse position nucleotide content - A position 320,Pass,0.5423784654431862,0.6081099960454065,0.5481481481481482
Per reverse position nucleotide content - A position 321,Pass,0.5103231159703241,0.5722533154005236,0.5160493827160494
Per reverse position nucleotide content - A position 322,Pass,0.5331657555642327,0.6016893615878387,0.5382716049382716
Per reverse position nucleotide content - A position 323,Pass,0.5037827020695042,0.5727879252413939,0.5135802469135803
Per reverse position nucleotide content - A position 324,Pass,0.5514569504099961,0.6159928003625128,0.5580246913580247
Per reverse position nucleotide content - A position 325,Pass,0.5332999804763764,0.6026828449113242,0.5382716049382716
Per reverse position nucleotide content - A position 326,Pass,0.5461245607184694,0.6187503916776337,0.5506172839506173
Per reverse position nucleotide content - A position 327,Pass,0.54251269035533,0.6089021023662109,0.5481481481481482
Per reverse position nucleotide content - A position 328,Pass,0.5525307497071457,0.6206515949113242,0.5580246913580247
Per reverse position nucleotide content - A position 329,Pass,0.5389008199921906,0.599687774756043,0.5456790123456791
Per reverse position nucleotide content - A position 330,Pass,0.5142034361577509,0.5880782864818767,0.5185185185185185
Per reverse position nucleotide content - A position 331,Pass,0.5087246192893401,0.5779375822523031,0.5135802469135803
Per reverse position nucleotide content - A position 332,Pass,0.5097130027333073,0.6774896747337236,0.5135802469135803
Per reverse position nucleotide content - A position 333,Pass,0.5405115189379149,0.6091515949113242,0.5456790123456791
Per reverse position nucleotide content - A position 334,Pass,0.5304934595860992,0.5975337683438877,0.5358024691358024
Per reverse position nucleotide content - A position 335,Pass,0.5351669269816478,0.601046825949782,0.5407407407407407
Per reverse position nucleotide content - A position 336,Pass,0.5196700507614214,0.5789774468425177,0.5259259259259259
Per reverse position nucleotide content - A position 337,Pass,0.534630027333073,0.5974983443680568,0.5407407407407407
Per reverse position nucleotide content - A position 338,Pass,0.5373023233112065,0.6016463653964768,0.5432098765432098
Per reverse position nucleotide content - A position 339,Pass,0.5549345958609918,0.6230675612978789,0.5604938271604938
Per reverse position nucleotide content - A position 340,Pass,0.5131296368606013,0.5781254334137749,0.5185185185185185
Per reverse position nucleotide content - A position 341,Pass,0.5511885005857087,0.6151165632637714,0.5580246913580247
Per reverse position nucleotide content - A position 342,Pass,0.5405115189379149,0.6091515949113242,0.5456790123456791
Per reverse position nucleotide content - A position 343,Pass,0.5045758492776259,0.558611088729532,0.5135802469135803
Per reverse position nucleotide content - A position 344,Pass,0.5341541390081999,0.6900331750955693,0.528395061728395
Per reverse position nucleotide content - A position 345,Pass,0.5662827020695042,0.6343263867798554,0.5728395061728395
Per reverse position nucleotide content - A position 346,Pass,0.5020987895353377,0.670948459451905,0.5135802469135803
Per reverse position nucleotide content - A position 347,Pass,0.5215369972666928,0.5772955442752397,0.528395061728395
Per reverse position nucleotide content - A position 348,Pass,0.5075776064037485,0.6793125843887264,0.5135802469135803
Per reverse position nucleotide content - A position 349,Pass,0.5149965833658727,0.575450228240609,0.5209876543209877
Per reverse position nucleotide content - A position 350,Pass,0.5419757907067552,0.605845254576219,0.5481481481481482
Per reverse position nucleotide content - A position 351,Pass,0.5005735064427957,0.5625105390906128,0.5135802469135803
Per reverse position nucleotide content - A position 352,Pass,0.5083707536118705,0.6642028300321821,0.5135802469135803
Per reverse position nucleotide content - A position 353,Pass,0.5399746192893401,0.6057153600300809,0.5456790123456791
Per reverse position nucleotide content - A position 354,Pass,0.5200727254978524,0.582289631645918,0.5259259259259259
Per reverse position nucleotide content - A position 355,Pass,0.5163876415462709,0.6748106398936465,0.5135802469135803
Per reverse position nucleotide content - A position 356,Pass,0.54251269035533,0.6089021023662109,0.5481481481481482
Per reverse position nucleotide content - A position 357,Pass,0.516204607575166,0.5862697794215083,0.5209876543209877
Per reverse position nucleotide content - A position 358,Pass,0.5200727254978524,0.582289631645918,0.5259259259259259
Per reverse position nucleotide content - A position 359,Pass,0.5188647012885591,0.5725751358838734,0.5259259259259259
Per reverse position nucleotide content - A position 360,Pass,0.5199995119094103,0.6874318480917465,0.5135802469135803
Per reverse position nucleotide content - A position 361,Pass,0.5050395353377588,0.6771502678651579,0.5135802469135803
Per reverse position nucleotide content - A position 362,Pass,0.5724326434986333,0.6429477992596908,0.5777777777777777
Per reverse position nucleotide content - A position 363,Pass,0.5146549199531434,0.6805055066656023,0.5135802469135803
Per reverse position nucleotide content - A position 364,Pass,0.5068454705193284,0.5596885379457291,0.5135802469135803
Per reverse position nucleotide content - A position 365,Pass,0.5572042171026942,0.624951540022431,0.562962962962963
Per reverse position nucleotide content - A position 366,Pass,0.5515911753221397,0.6164799029467164,0.5580246913580247
Per reverse position nucleotide content - A position 367,Pass,0.526747364310816,0.5854368230002748,0.5333333333333333
Per reverse position nucleotide content - A position 368,Pass,0.5580095665755564,0.6287316107351006,0.562962962962963
Per reverse position nucleotide content - A position 369,Pass,0.5056496485747755,0.5693539507260473,0.5135802469135803
Per reverse position nucleotide content - A position 370,Pass,0.5096519914096056,0.5659354960381258,0.5160493827160494
Per reverse position nucleotide content - A position 371,Pass,0.5340199140960562,0.688766093842236,0.528395061728395
Per reverse position nucleotide content - A position 372,Pass,0.5592053885201093,0.626102719866982,0.5654320987654321
Per reverse position nucleotide content - A position 373,Pass,0.5004880905896134,0.6547580112117353,0.5135802469135803
Per reverse position nucleotide content - A position 374,Pass,0.5174614408434206,0.6852865940852405,0.5135802469135803
Per reverse position nucleotide content - A position 375,Pass,0.5318235064427957,0.5923979657593935,0.5382716049382716
Per reverse position nucleotide content - A position 376,Pass,0.5097862163217494,0.5671961285864016,0.5160493827160494
Per reverse position nucleotide content - A position 377,Pass,0.5298223350253807,0.5926350740180607,0.5358024691358024
Per reverse position nucleotide content - A position 378,Pass,0.5023672393596252,0.6736381328574811,0.5135802469135803
Per reverse position nucleotide content - A position 379,Pass,0.524672979304959,0.6878290251991002,0.5185185185185185
Per reverse position nucleotide content - A position 380,Pass,0.5394377196407653,0.6025400833547498,0.5456790123456791
Per reverse position nucleotide content - A position 381,Pass,0.5268083756345178,0.6861164943068233,0.5209876543209877
Per reverse position nucleotide content - A position 382,Pass,0.5051127489262006,0.5639936643889746,0.5135802469135803
Per reverse position nucleotide content - A position 383,Pass,0.5278211636079657,0.5933007457542144,0.5333333333333333
Per reverse position nucleotide content - A position 384,Pass,0.522745021475986,0.5867389371648168,0.528395061728395
Per reverse position nucleotide content - A position 385,Pass,0.5438549394767669,0.6176384359051909,0.5481481481481482
Per reverse position nucleotide content - A position 386,Pass,0.5447823115970324,0.610546277904477,0.5506172839506173
Per reverse position nucleotide content - A position 387,Pass,0.5148623584537291,0.5742663136910175,0.5209876543209877
Per reverse position nucleotide content - A position 388,Pass,0.5102499023818821,0.6827950115936581,0.5135802469135803
Per reverse position nucleotide content - A position 389,Pass,0.5178031042561498,0.5811981458644684,0.5234567901234568
Per reverse position nucleotide content - A position 390,Pass,0.5121168488871535,0.6783370126803413,0.5135802469135803
Per reverse position nucleotide content - A position 391,Pass,0.5174004295197189,0.5777416315275876,0.5234567901234568
Per reverse position nucleotide content - A position 392,Pass,0.5079802811401796,0.6833064355504924,0.5135802469135803
Per reverse position nucleotide content - A position 393,Pass,0.5275527137836783,0.591268452068382,0.5333333333333333
Per reverse position nucleotide content - A position 394,Pass,0.5175346544318625,0.5788884930883329,0.5234567901234568
Per reverse position nucleotide content - A position 395,Pass,0.5042341858648965,0.6691151263033487,0.5135802469135803
Per reverse position nucleotide content - A position 396,Pass,0.5282238383443967,0.5964176044548295,0.5333333333333333
Per reverse position nucleotide content - A position 397,Pass,0.5582658141351035,0.6240762179937529,0.5654320987654321
Per reverse position nucleotide content - A position 398,Pass,0.5475888324873096,0.6151814250799024,0.5530864197530864
Per reverse position nucleotide content - A position 399,Pass,0.5159361577508785,0.5838430940633267,0.5209876543209877
Per reverse position nucleotide content - A position 400,Pass,0.5331657555642327,0.6016893615878387,0.5382716049382716
Per reverse position nucleotide content - A position 401,Pass,0.5005735064427957,0.5625105390906128,0.5135802469135803
Per reverse position nucleotide content - A position 402,Pass,0.502977352596642,0.5645757719634229,0.5135802469135803
Per reverse position nucleotide content - A position 403,Pass,0.5088588442014838,0.5792410854170584,0.5135802469135803
Per reverse position nucleotide content - A position 404,Pass,0.5098472276454511,0.6788164748885078,0.5135802469135803
Per reverse position nucleotide content - A position 405,Pass,0.5148623584537291,0.5742663136910175,0.5209876543209877
Per reverse position nucleotide content - A position 406,Pass,0.5171319796954315,0.5754653130287648,0.5234567901234568
Per reverse position nucleotide content - A position 407,Pass,0.5153992581023037,0.5790260906016853,0.5209876543209877
Per reverse position nucleotide content - A position 408,Pass,0.5101888910581804,0.5709869731424944,0.5160493827160494
Per reverse position nucleotide content - A position 409,Pass,0.5322261811792268,0.5950449981647106,0.5382716049382716
Per reverse position nucleotide content - A position 410,Pass,0.5199385005857087,0.5811785101664263,0.5259259259259259
Per reverse position nucleotide content - A position 411,Pass,0.5108600156188988,0.5773305759227926,0.5160493827160494
Per reverse position nucleotide content - A position 412,Pass,0.5023062280359235,0.55766591464561,0.5135802469135803
Per reverse position nucleotide content - A position 413,Pass,0.5350327020695042,0.6001383525918214,0.5407407407407407
Per reverse position nucleotide content - A position 414,Pass,0.5519938500585709,0.6181161536808745,0.5580246913580247
Per reverse position nucleotide content - A position 415,Pass,0.5175346544318625,0.5788884930883329,0.5234567901234568
Per reverse position nucleotide content - A position 416,Pass,0.5320919562670832,0.5941473391557994,0.5382716049382716
Per reverse position nucleotide content - A position 417,Pass,0.5122510737992971,0.6796581084702681,0.5135802469135803
Per reverse position nucleotide content - A position 418,Pass,0.5096519914096056,0.5659354960381258,0.5160493827160494
Per reverse position nucleotide content - A position 419,Pass,0.5018303397110504,0.6682564655670008,0.5135802469135803
Per reverse position nucleotide content - A position 420,Pass,0.5023672393596252,0.6736381328574811,0.5135802469135803
Per reverse position nucleotide content - A position 421,Pass,0.5358380515423662,0.6057729275334438,0.5407407407407407
Per reverse position nucleotide content - A position 422,Pass,0.5479915072237408,0.6175046329868665,0.5530864197530864
Per reverse position nucleotide content - A position 423,Pass,0.5180715540804374,0.583527297234268,0.5234567901234568
Per reverse position nucleotide content - A position 424,Pass,0.5028431276844983,0.5631992121066747,0.5135802469135803
Per reverse position nucleotide content - A position 425,Pass,0.5055154236626318,0.568015722927637,0.5135802469135803
Per reverse position nucleotide content - A position 426,Pass,0.5302250097618119,0.5955416421127578,0.5358024691358024
Per reverse position nucleotide content - A position 427,Pass,0.5071139203436158,0.5622955442752398,0.5135802469135803
Per reverse position nucleotide content - A position 428,Pass,0.5222081218274112,0.5824494237353798,0.528395061728395
Per reverse position nucleotide content - A position 429,Pass,0.5304934595860992,0.5975337683438877,0.5358024691358024
Per reverse position nucleotide content - A position 430,Pass,0.5077850449043342,0.5688130600990161,0.5135802469135803
Per reverse position nucleotide content - A position 431,Pass,0.5103231159703241,0.5722533154005236,0.5160493827160494
Per reverse position nucleotide content - A position 432,Pass,0.5228792463881297,0.5878305759227925,0.528395061728395
Per reverse position nucleotide content - A position 433,Pass,0.5203411753221397,0.5845312744387094,0.5259259259259259
Per reverse position nucleotide content - A position 434,Pass,0.5075776064037485,0.6793125843887264,0.5135802469135803
Per reverse position nucleotide content - A position 435,Pass,0.5278211636079657,0.5933007457542144,0.5333333333333333
Per reverse position nucleotide content - A position 436,Pass,0.5275527137836783,0.591268452068382,0.5333333333333333
Per reverse position nucleotide content - A position 437,Pass,0.5395719445529089,0.6033063520373165,0.5456790123456791
Per reverse position nucleotide content - A position 438,Pass,0.5172662046075752,0.5766004660251699,0.5234567901234568
Per reverse position nucleotide content - A position 439,Pass,0.5499926786411558,0.6175623774608547,0.5555555555555556
Per reverse position nucleotide content - A position 440,Pass,0.5521280749707145,0.6187147696275848,0.5580246913580247
Per reverse position nucleotide content - A position 441,Pass,0.5085903943771964,0.5766340790875478,0.5135802469135803
Per reverse position nucleotide content - A position 442,Pass,0.5119216126513081,0.567103236582932,0.5185185185185185
Per reverse position nucleotide content - A position 443,Pass,0.5049785240140571,0.5626502983524979,0.5135802469135803
Per reverse position nucleotide content - A position 444,Pass,0.5421100156188988,0.6065805759227926,0.5481481481481482
Per reverse position nucleotide content - A position 445,Pass,0.5182057789925811,0.5846985952165801,0.5234567901234568
Per reverse position nucleotide content - A position 446,Pass,0.5417073408824679,0.604438934353055,0.5481481481481482
Per reverse position nucleotide content - A position 447,Pass,0.506503807106599,0.668644914702926,0.5135802469135803
Per reverse position nucleotide content - A position 448,Pass,0.5320187426786411,0.6916980596958421,0.5259259259259259
Per reverse position nucleotide content - A position 449,Pass,0.5483941819601718,0.6199721410381309,0.5530864197530864
Per reverse position nucleotide content - A position 450,Pass,0.5509322530261617,0.622927501117901,0.5555555555555556
Per reverse position nucleotide content - A position 451,Pass,0.5311645841468177,0.6026758944739175,0.5358024691358024
Per reverse position nucleotide content - A position 452,Pass,0.5175346544318625,0.5788884930883329,0.5234567901234568
Per reverse position nucleotide content - A position 453,Pass,0.5028431276844983,0.5631992121066747,0.5135802469135803
Per reverse position nucleotide content - A position 454,Pass,0.5374365482233503,0.6024961480530651,0.5432098765432098
Per reverse position nucleotide content - A position 455,Pass,0.5077850449043342,0.5688130600990161,0.5135802469135803
Per reverse position nucleotide content - A position 456,Pass,0.5051127489262006,0.5639936643889746,0.5135802469135803
Per reverse position nucleotide content - A position 457,Pass,0.5081877196407653,0.572723569593282,0.5135802469135803
Per reverse position nucleotide content - A position 458,Pass,0.5290779968762203,0.6857143389292291,0.5234567901234568
Per reverse position nucleotide content - A position 459,Pass,0.5149233697774307,0.6831356525730468,0.5135802469135803
Per reverse position nucleotide content - A position 460,Pass,0.526747364310816,0.5854368230002748,0.5333333333333333
Per reverse position nucleotide content - A position 461,Pass,0.51526503319016,0.5778303228387831,0.5209876543209877
Per reverse position nucleotide content - A position 462,Pass,0.5203411753221397,0.5845312744387094,0.5259259259259259
Per reverse position nucleotide content - A position 463,Pass,0.5275527137836783,0.591268452068382,0.5333333333333333
Per reverse position nucleotide content - A position 464,Pass,0.5047710855134713,0.6744738428018451,0.5135802469135803
Per reverse position nucleotide content - A position 465,Pass,0.5429641741507224,0.6861949992442926,0.5382716049382716
Per reverse position nucleotide content - A position 466,Pass,0.5251488676298322,0.5889843377153021,0.5308641975308642
Per reverse position nucleotide content - A position 467,Pass,0.5056496485747755,0.5693539507260473,0.5135802469135803
Per reverse position nucleotide content - A position 468,Pass,0.5076508199921905,0.5675095569342609,0.5135802469135803
Per reverse position nucleotide content - A position 469,Pass,0.5451849863334635,0.612839827283759,0.5506172839506173
Per reverse position nucleotide content - A position 470,Pass,0.5203411753221397,0.5845312744387094,0.5259259259259259
Per reverse position nucleotide content - A position 471,Pass,0.529688110113237,0.591690336698797,0.5358024691358024
Per reverse position nucleotide content - A position 472,Pass,0.5576068918391254,0.6267422077982117,0.562962962962963
Per reverse position nucleotide content - A position 473,Pass,0.527686938695822,0.5922797284651654,0.5333333333333333
Per reverse position nucleotide content - A position 474,Pass,0.5198652869972666,0.6861283449269913,0.5135802469135803
Per reverse position nucleotide content - A position 475,Pass,0.5102499023818821,0.6827950115936581,0.5135802469135803
Per reverse position nucleotide content - A position 476,Pass,0.5236845958609918,0.5945152312749605,0.528395061728395
Per reverse position nucleotide content - A position 477,Pass,0.5467834830144476,0.6110641097950742,0.5530864197530864
Per reverse position nucleotide content - A position 478,Pass,0.509920441233893,0.5684583060217578,0.5160493827160494
Per reverse position nucleotide content - A position 479,Pass,0.5124585122998829,0.5719738426485466,0.5185185185185185
Per reverse position nucleotide content - A position 480,Pass,0.5158019328387349,0.5826340790875478,0.5209876543209877
Per reverse position nucleotide content - A position 481,Pass,0.5001708317063647,0.5582653824631573,0.5135802469135803
Per reverse position nucleotide content - A position 482,Pass,0.5390350449043343,0.6003664581572685,0.5456790123456791
Per reverse position nucleotide content - A position 483,Pass,0.5003050566185084,0.5596843146390709,0.5135802469135803
Per reverse position nucleotide content - A position 484,Pass,0.5576068918391254,0.6267422077982117,0.562962962962963
Per reverse position nucleotide content - A position 485,Pass,0.527686938695822,0.5922797284651654,0.5333333333333333
Per reverse position nucleotide content - A position 486,Pass,0.5002318430300664,0.6755064260367524,0.5135802469135803
Per reverse position nucleotide content - A position 487,Pass,0.559339613432253,0.6265383827143556,0.5654320987654321
Per reverse position nucleotide content - A position 488,Pass,0.5334342053885202,0.6036858673068487,0.5382716049382716
Per reverse position nucleotide content - A position 489,Pass,0.5310791682936353,0.682787612676811,0.5259259259259259
Per reverse position nucleotide content - A position 490,Pass,0.5407677664974619,0.6003390225361093,0.5481481481481482
Per reverse position nucleotide content - A position 491,Pass,0.5246119679812573,0.5848681059705757,0.5308641975308642
Per reverse position nucleotide content - A position 492,Pass,0.5030383639203436,0.6803527673692356,0.5135802469135803
Per reverse position nucleotide content - A position 493,Pass,0.524746192893401,0.5858823290295372,0.5308641975308642
Per reverse position nucleotide content - A position 494,Pass,0.5087734283483014,0.6681926878125249,0.5135802469135803
Per reverse position nucleotide content - A position 495,Pass,0.5171929910191332,0.6826680962766615,0.5135802469135803
Per reverse position nucleotide content - A position 496,Pass,0.5272842639593909,0.5892772092856695,0.5333333333333333
Per reverse position nucleotide content - A position 497,Pass,0.5102499023818821,0.6827950115936581,0.5135802469135803
Per reverse position nucleotide content - A position 498,Pass,0.5050395353377588,0.6771502678651579,0.5135802469135803
Per reverse position nucleotide content - A position 499,Pass,0.5124585122998829,0.5719738426485466,0.5185185185185185
Per reverse position nucleotide content - A position 500,Pass,0.5250146427176884,0.5879409608976298,0.5308641975308642
Per reverse position nucleotide content - A,Pass,0.5897964662241312,0.6960619285689513,0.5950617283950618
Per reverse position nucleotide content - C position 1,Pass,0.5023794416243654,0.6970132800082038,0.5135802469135803
Per reverse position nucleotide content - C position 2,Pass,0.5034410386567747,0.6843754240005452,0.5135802469135803
Per reverse position nucleotide content - C position 3,Pass,0.5081755173760251,0.5522016890982752,0.5160493827160494
Per reverse position nucleotide content - C position 4,Pass,0.5152528309254197,0.5604570094629316,0.5234567901234568
Per reverse position nucleotide content - C position 5,Pass,0.5087124170245997,0.5571626973297188,0.5160493827160494
Per reverse position nucleotide content - C position 6,Pass,0.5258810035142523,0.6994624375123529,0.5185185185185185
Per reverse position nucleotide content - C position 7,Pass,0.5022452167122218,0.6956728219284449,0.5135802469135803
Per reverse position nucleotide content - C position 8,Pass,0.5045148379539243,0.695082264354684,0.5135802469135803
Per reverse position nucleotide content - C position 9,Pass,0.5193405896134322,0.7036081584643344,0.5135802469135803
Per reverse position nucleotide content - C position 10,Pass,0.5095909800859039,0.699251256099391,0.5135802469135803
Per reverse position nucleotide content - C position 11,Pass,0.5192673760249902,0.5757349697700922,0.5259259259259259
Per reverse position nucleotide content - C position 12,Pass,0.5005613041780554,0.5392524421578113,0.5135802469135803
Per reverse position nucleotide content - C position 13,Pass,0.5011714174150723,0.6849321011757561,0.5135802469135803
Per reverse position nucleotide content - C position 14,Pass,0.513117434595861,0.559387545204207,0.5209876543209877
Per reverse position nucleotide content - C position 15,Pass,0.5095909800859039,0.699251256099391,0.5135802469135803
Per reverse position nucleotide content - C position 16,Pass,0.5348374658336587,0.7185367578351896,0.5259259259259259
Per reverse position nucleotide content - C position 17,Pass,0.5062475595470519,0.6891722938518288,0.5135802469135803
Per reverse position nucleotide content - C position 18,Pass,0.5305544709098008,0.6998031234917867,0.5234567901234568
Per reverse position nucleotide content - C position 19,Pass,0.5330925419757907,0.7019051808531545,0.5259259259259259
Per reverse position nucleotide content - C position 20,Pass,0.5439159508004686,0.7165573461650322,0.5358024691358024
Per reverse position nucleotide content - C position 21,Pass,0.5174736431081609,0.7080943959045624,0.5135802469135803
Per reverse position nucleotide content - C position 22,Pass,0.5040389496290512,0.5532007088638344,0.5135802469135803
Per reverse position nucleotide content - C position 23,Pass,0.5177909019914096,0.564692611393119,0.5259259259259259
Per reverse position nucleotide content - C position 24,Pass,0.5042463881296368,0.6924081600141501,0.5135802469135803
Per reverse position nucleotide content - C position 25,Pass,0.5091883053494728,0.6952692955776594,0.5135802469135803
Per reverse position nucleotide content - C position 26,Pass,0.5238798320968372,0.7025540819636158,0.5160493827160494
Per reverse position nucleotide content - C position 27,Pass,0.5030993752440454,0.5436414581054052,0.5135802469135803
Per reverse position nucleotide content - C position 28,Pass,0.5152528309254197,0.5604570094629316,0.5234567901234568
Per reverse position nucleotide content - C position 29,Pass,0.5202801639984381,0.7127644482600085,0.5135802469135803
Per reverse position nucleotide content - C position 30,Pass,0.5034410386567747,0.6843754240005452,0.5135802469135803
Per reverse position nucleotide content - C position 31,Pass,0.5062475595470519,0.6891722938518288,0.5135802469135803
Per reverse position nucleotide content - C position 32,Pass,0.5098594299101913,0.7019044573530033,0.5135802469135803
Per reverse position nucleotide content - C position 33,Pass,0.511189476766888,0.692068153704482,0.5135802469135803
Per reverse position nucleotide content - C position 34,Pass,0.5306886958219446,0.7010856798614017,0.5234567901234568
Per reverse position nucleotide content - C position 35,Pass,0.5065160093713392,0.6918393891129581,0.5135802469135803
Per reverse position nucleotide content - C position 36,Pass,0.5326898672393596,0.6980747764567772,0.5259259259259259
Per reverse position nucleotide content - C position 37,Pass,0.53924248340492,0.7162465870145281,0.5308641975308642
Per reverse position nucleotide content - C position 38,Pass,0.5459781335415853,0.6078727204361722,0.5530864197530864
Per reverse position nucleotide content - C position 39,Pass,0.5055032213978915,0.5466535062981763,0.5135802469135803
Per reverse position nucleotide content - C position 40,Pass,0.5489920929324482,0.7206599466836354,0.5407407407407407
Per reverse position nucleotide content - C position 41,Pass,0.5091883053494728,0.6952692955776594,0.5135802469135803
Per reverse position nucleotide content - C position 42,Pass,0.5089808668488871,0.5596588512038475,0.5160493827160494
Per reverse position nucleotide content - C position 43,Pass,0.5189379148770012,0.6996831806797382,0.5135802469135803
Per reverse position nucleotide content - C position 44,Pass,0.5306154822335025,0.5854906225253095,0.5382716049382716
Per reverse position nucleotide content - C position 45,Pass,0.5128489847715736,0.5572162687221909,0.5209876543209877
Per reverse position nucleotide content - C position 46,Pass,0.5083829558766108,0.6872970501426467,0.5135802469135803
Per reverse position nucleotide content - C position 47,Pass,0.5112504880905896,0.5610971773876334,0.5185185185185185
Per reverse position nucleotide content - C position 48,Pass,0.5098594299101913,0.7019044573530033,0.5135802469135803
Per reverse position nucleotide content - C position 49,Pass,0.5023794416243654,0.6970132800082038,0.5135802469135803
Per reverse position nucleotide content - C position 50,Pass,0.5066502342834831,0.6931723734097888,0.5135802469135803
Per reverse position nucleotide content - C position 51,Pass,0.5459171222178836,0.7135922848033838,0.5382716049382716
Per reverse position nucleotide content - C position 52,Pass,0.5056374463100352,0.5479570094629317,0.5135802469135803
Per reverse position nucleotide content - C position 53,Pass,0.5057716712221789,0.5492605126276869,0.5135802469135803
Per reverse position nucleotide content - C position 54,Pass,0.5139959976571651,0.6968122793958607,0.5135802469135803
Per reverse position nucleotide content - C position 55,Pass,0.5256735650136666,0.578505301178736,0.5333333333333333
Per reverse position nucleotide content - C position 56,Pass,0.5298101327606405,0.5821552494697921,0.5382716049382716
Per reverse position nucleotide content - C position 57,Pass,0.5257467786021085,0.6981692734708399,0.5185185185185185
Per reverse position nucleotide content - C position 58,Pass,0.5104451386177274,0.5540545704385414,0.5185185185185185
Per reverse position nucleotide content - C position 59,Pass,0.5089808668488871,0.5596588512038475,0.5160493827160494
Per reverse position nucleotide content - C position 60,Pass,0.5217444357672785,0.7043773892335652,0.5135802469135803
Per reverse position nucleotide content - C position 61,Pass,0.5316282702069505,0.7100708153161622,0.5234567901234568
Per reverse position nucleotide content - C position 62,Pass,0.5208048613822726,0.6952528670802782,0.5135802469135803
Per reverse position nucleotide content - C position 63,Pass,0.5168025185474423,0.7015306761922666,0.5135802469135803
Per reverse position nucleotide content - C position 64,Pass,0.5000244045294807,0.5333792337176432,0.5135802469135803
Per reverse position nucleotide content - C position 65,Pass,0.516534068723155,0.6989043797392993,0.5135802469135803
Per reverse position nucleotide content - C position 66,Pass,0.5286875244045295,0.7041363135034238,0.5209876543209877
Per reverse position nucleotide content - C position 67,Pass,0.503233600156189,0.5450158329923435,0.5135802469135803
Per reverse position nucleotide content - C position 68,Pass,0.5134590980085904,0.691537788352822,0.5135802469135803
Per reverse position nucleotide content - C position 69,Pass,0.5046490628660679,0.6964187009468681,0.5135802469135803
Per reverse position nucleotide content - C position 70,Pass,0.5305544709098008,0.6998031234917867,0.5234567901234568
Per reverse position nucleotide content - C position 71,Pass,0.564354744240531,0.7340856931381466,0.5555555555555556
Per reverse position nucleotide content - C position 72,Pass,0.5484551932838735,0.715659474427429,0.5407407407407407
Per reverse position nucleotide content - C position 73,Pass,0.500292854353768,0.5363327403936541,0.5135802469135803
Per reverse position nucleotide content - C position 74,Pass,0.5037094884810621,0.6870548064376686,0.5135802469135803
Per reverse position nucleotide content - C position 75,Pass,0.5015740921515033,0.6889635589041777,0.5135802469135803
Per reverse position nucleotide content - C position 76,Pass,0.514130222569309,0.6981304311411685,0.5135802469135803
Per reverse position nucleotide content - C position 77,Pass,0.5086514057008981,0.6899557536918808,0.5135802469135803
Per reverse position nucleotide content - C position 78,Pass,0.5290901991409607,0.7080028738224691,0.5209876543209877
Per reverse position nucleotide content - C position 79,Pass,0.5241482819211245,0.7051513830416147,0.5160493827160494
Per reverse position nucleotide content - C position 80,Pass,0.5082609332292074,0.7091414462705731,0.5135802469135803
Per reverse position nucleotide content - C position 81,Pass,0.5089808668488871,0.5596588512038475,0.5160493827160494
Per reverse position nucleotide content - C position 82,Pass,0.5290901991409607,0.7080028738224691,0.5209876543209877
Per reverse position nucleotide content - C position 83,Pass,0.5216102108551346,0.7030738860688099,0.5135802469135803
Per reverse position nucleotide content - C position 84,Pass,0.5038437133932057,0.6883938083599674,0.5135802469135803
Per reverse position nucleotide content - C position 85,Pass,0.5242825068332682,0.7064501231675513,0.5160493827160494
Per reverse position nucleotide content - C position 86,Pass,0.5228060327996876,0.6921674400942631,0.5160493827160494
Per reverse position nucleotide content - C position 87,Pass,0.529358648965248,0.7105814767094824,0.5209876543209877
Per reverse position nucleotide content - C position 88,Pass,0.5544587075361187,0.7070771914046026,0.5481481481481482
Per reverse position nucleotide content - C position 89,Pass,0.5135201093322921,0.5627162835284663,0.5209876543209877
Per reverse position nucleotide content - C position 90,Pass,0.5134590980085904,0.691537788352822,0.5135802469135803
Per reverse position nucleotide content - C position 91,Pass,0.5058448848106208,0.6851687245511272,0.5135802469135803
Per reverse position nucleotide content - C position 92,Pass,0.5407067551737602,0.708180639314311,0.5333333333333333
Per reverse position nucleotide content - C position 93,Pass,0.5357648379539242,0.7052745720469916,0.528395061728395
Per reverse position nucleotide content - C position 94,Pass,0.5156555056618508,0.5634954259339418,0.5234567901234568
Per reverse position nucleotide content - C position 95,Pass,0.516534068723155,0.6989043797392993,0.5135802469135803
Per reverse position nucleotide content - C position 96,Pass,0.5062475595470519,0.6891722938518288,0.5135802469135803
Per reverse position nucleotide content - C position 97,Pass,0.5289559742288169,0.706713837831696,0.5209876543209877
Per reverse position nucleotide content - C position 98,Pass,0.5268205778992581,0.7085181378943641,0.5185185185185185
Per reverse position nucleotide content - C position 99,Pass,0.5114579265911753,0.6947152193217385,0.5135802469135803
Per reverse position nucleotide content - C position 100,Pass,0.5184620265521281,0.569514292187727,0.5259259259259259
Per reverse position nucleotide content - C position 101,Pass,0.5284190745802421,0.7015595427087293,0.5209876543209877
Per reverse position nucleotide content - C position 102,Pass,0.5553982819211245,0.7156677118142103,0.5481481481481482
Per reverse position nucleotide content - C position 103,Pass,0.5296270987895353,0.7131607660845319,0.5209876543209877
Per reverse position nucleotide content - C position 104,Pass,0.5268205778992581,0.7085181378943641,0.5185185185185185
Per reverse position nucleotide content - C position 105,Pass,0.5678201874267864,0.7235612106249372,0.5604938271604938
Per reverse position nucleotide content - C position 106,Pass,0.5076386177274502,0.547293253215419,0.5160493827160494
Per reverse position nucleotide content - C position 107,Pass,0.5218786606794221,0.7056808923983204,0.5135802469135803
Per reverse position nucleotide content - C position 108,Pass,0.51199482623975,0.7000064014062333,0.5135802469135803
Per reverse position nucleotide content - C position 109,Pass,0.5512617141741507,0.7202116752436771,0.5432098765432098
Per reverse position nucleotide content - C position 110,Pass,0.5513959390862944,0.7214576674813562,0.5432098765432098
Per reverse position nucleotide content - C position 111,Pass,0.5011714174150723,0.6849321011757561,0.5135802469135803
Per reverse position nucleotide content - C position 112,Pass,0.5183278016399844,0.5685194691069327,0.5259259259259259
Per reverse position nucleotide content - C position 113,Pass,0.5468566966028896,0.7223811721273651,0.5382716049382716
Per reverse position nucleotide content - C position 114,Pass,0.5540682350644279,0.7247442524720966,0.5456790123456791
Per reverse position nucleotide content - C position 115,Pass,0.5460513471300273,0.7148460307832015,0.5382716049382716
Per reverse position nucleotide content - C position 116,Pass,0.5358990628660679,0.7065474529677489,0.528395061728395
Per reverse position nucleotide content - C position 117,Pass,0.5080412924638813,0.5509690576557027,0.5160493827160494
Per reverse position nucleotide content - C position 118,Pass,0.5037704998047637,0.550482850078942,0.5135802469135803
Per reverse position nucleotide content - C position 119,Pass,0.5184010152284264,0.694449008559378,0.5135802469135803
Per reverse position nucleotide content - C position 120,Pass,0.5062475595470519,0.6891722938518288,0.5135802469135803
Per reverse position nucleotide content - C position 121,Pass,0.5153870558375635,0.5614556345789065,0.5234567901234568
Per reverse position nucleotide content - C position 122,Pass,0.5179251269035533,0.5656242567562977,0.5259259259259259
Per reverse position nucleotide content - C position 123,Pass,0.5068454705193284,0.5596885379457291,0.5135802469135803
Per reverse position nucleotide content - C position 124,Pass,0.5408409800859039,0.7094433128204023,0.5333333333333333
Per reverse position nucleotide content - C position 125,Pass,0.5036362748926201,0.5491202662099448,0.5135802469135803
Per reverse position nucleotide content - C position 126,Pass,0.5041121632174932,0.6910704768281056,0.5135802469135803
Per reverse position nucleotide content - C position 127,Pass,0.5043073994533386,0.5559097872562214,0.5135802469135803
Per reverse position nucleotide content - C position 128,Pass,0.5132516595080047,0.5604882086123699,0.5209876543209877
Per reverse position nucleotide content - C position 129,Pass,0.5170709683717297,0.704156502154418,0.5135802469135803
Per reverse position nucleotide content - C position 130,Pass,0.5480525185474424,0.7119163297987134,0.5407407407407407
Per reverse position nucleotide content - C position 131,Pass,0.5563378563061304,0.7243043805226547,0.5481481481481482
Per reverse position nucleotide content - C position 132,Pass,0.5547271573604061,0.7095265400764554,0.5481481481481482
Per reverse position nucleotide content - C position 133,Pass,0.5236113822725498,0.6999570273681949,0.5160493827160494
Per reverse position nucleotide content - C position 134,Pass,0.5038437133932057,0.6883938083599674,0.5135802469135803
Per reverse position nucleotide content - C position 135,Pass,0.5084439672003123,0.5546765077212423,0.5160493827160494
Per reverse position nucleotide content - C position 136,Pass,0.508578192112456,0.5559182748692055,0.5160493827160494
Per reverse position nucleotide content - C position 137,Pass,0.5318967200312379,0.7126401823803912,0.5234567901234568
Per reverse position nucleotide content - C position 138,Pass,0.5261494533385397,0.702049158220312,0.5185185185185185
Per reverse position nucleotide content - C position 139,Pass,0.5110552518547442,0.6907442357103948,0.5135802469135803
Per reverse position nucleotide content - C position 140,Pass,0.511189476766888,0.692068153704482,0.5135802469135803
Per reverse position nucleotide content - C position 141,Pass,0.5457828973057399,0.7123391726730557,0.5382716049382716
Per reverse position nucleotide content - C position 142,Pass,0.5183278016399844,0.5685194691069327,0.5259259259259259
Per reverse position nucleotide content - C position 143,Pass,0.5265521280749708,0.7059301842646211,0.5185185185185185
Per reverse position nucleotide content - C position 144,Pass,0.5177298906677079,0.6879047864724487,0.5135802469135803
Per reverse position nucleotide content - C position 145,Pass,0.5475156188988677,0.7069357810005479,0.5407407407407407
Per reverse position nucleotide content - C position 146,Pass,0.527943186255369,0.5809451135220022,0.5358024691358024
Per reverse position nucleotide content - C position 147,Pass,0.5229402577118313,0.6934655328819153,0.5160493827160494
Per reverse position nucleotide content - C position 148,Pass,0.5481867434595862,0.713163331725578,0.5407407407407407
Per reverse position nucleotide content - C position 149,Pass,0.5018425419757907,0.6916486932855652,0.5135802469135803
Per reverse position nucleotide content - C position 150,Pass,0.5405725302616167,0.7069184926425252,0.5333333333333333
Per reverse position nucleotide content - C position 151,Pass,0.5146671222178836,0.7034012571399618,0.5135802469135803
Per reverse position nucleotide content - C position 152,Pass,0.5054422100741898,0.6811614575097729,0.5135802469135803
Per reverse position nucleotide content - C position 153,Pass,0.5045148379539243,0.695082264354684,0.5135802469135803
Per reverse position nucleotide content - C position 154,Pass,0.5188036899648575,0.6983747330414211,0.5135802469135803
Per reverse position nucleotide content - C position 155,Pass,0.5046490628660679,0.6964187009468681,0.5135802469135803
Per reverse position nucleotide content - C position 156,Pass,0.5018425419757907,0.6916486932855652,0.5135802469135803
Per reverse position nucleotide content - C position 157,Pass,0.5627440452948067,0.7194349377057639,0.5555555555555556
Per reverse position nucleotide content - C position 158,Pass,0.5149843811011323,0.5585078978702631,0.5234567901234568
Per reverse position nucleotide content - C position 159,Pass,0.5137275478328778,0.6941754178640812,0.5135802469135803
Per reverse position nucleotide content - C position 160,Pass,0.5491873291682937,0.6137466989262614,0.5555555555555556
Per reverse position nucleotide content - C position 161,Pass,0.5169367434595862,0.702843646902277,0.5135802469135803
Per reverse position nucleotide content - C position 162,Pass,0.5113237016790317,0.6933918132830081,0.5135802469135803
Per reverse position nucleotide content - C position 163,Pass,0.5185962514642717,0.5705223918312724,0.5259259259259259
Per reverse position nucleotide content - C position 164,Pass,0.5162656188988677,0.6962775949287761,0.5135802469135803
Per reverse position nucleotide content - C position 165,Pass,0.5512617141741507,0.7202116752436771,0.5432098765432098
Per reverse position nucleotide content - C position 166,Pass,0.5072481452557595,0.563599047439995,0.5135802469135803
Per reverse position nucleotide content - C position 167,Pass,0.532958317063647,0.7006280314828185,0.5259259259259259
Per reverse position nucleotide content - C position 168,Pass,0.5310913705583756,0.70493493986608,0.5234567901234568
Per reverse position nucleotide content - C position 169,Pass,0.5061743459586099,0.5531710221219528,0.5135802469135803
Per reverse position nucleotide content - C position 170,Pass,0.5238798320968372,0.7025540819636158,0.5160493827160494
Per reverse position nucleotide content - C position 171,Pass,0.5353621632174932,0.7014583310293472,0.528395061728395
Per reverse position nucleotide content - C position 172,Pass,0.5383029090199141,0.7073614372171537,0.5308641975308642
Per reverse position nucleotide content - C position 173,Pass,0.5308229207340882,0.7023685047796723,0.5234567901234568
Per reverse position nucleotide content - C position 174,Pass,0.5081145060523233,0.6846369906007641,0.5135802469135803
Per reverse position nucleotide content - C position 175,Pass,0.514130222569309,0.6981304311411685,0.5135802469135803
Per reverse position nucleotide content - C position 176,Pass,0.5436475009761812,0.714037687099126,0.5358024691358024
Per reverse position nucleotide content - C position 177,Pass,0.5580705778992581,0.7189652262340024,0.5506172839506173
Per reverse position nucleotide content - C position 178,Pass,0.5336294416243654,0.7070171037344251,0.5259259259259259
Per reverse position nucleotide content - C position 179,Pass,0.521475985942991,0.7017703829040547,0.5135802469135803
Per reverse position nucleotide content - C position 180,Pass,0.5517864115579851,0.7037380109214162,0.5456790123456791
Per reverse position nucleotide content - C position 181,Pass,0.5204021866458415,0.6913423575860124,0.5135802469135803
Per reverse position nucleotide content - C position 182,Pass,0.5302860210855134,0.6972388375997335,0.5234567901234568
Per reverse position nucleotide content - C position 183,Pass,0.5389740335806326,0.7137058553841779,0.5308641975308642
Per reverse position nucleotide content - C position 184,Pass,0.5216102108551346,0.7030738860688099,0.5135802469135803
Per reverse position nucleotide content - C position 185,Pass,0.5258810035142523,0.6994624375123529,0.5185185185185185
Per reverse position nucleotide content - C position 186,Pass,0.5429763764154627,0.7077484331373577,0.5358024691358024
Per reverse position nucleotide content - C position 187,Pass,0.511189476766888,0.692068153704482,0.5135802469135803
Per reverse position nucleotide content - C position 188,Pass,0.530957145646232,0.7036515931150955,0.5234567901234568
Per reverse position nucleotide content - C position 189,Pass,0.5345690160093712,0.7159748432674141,0.5259259259259259
Per reverse position nucleotide content - C position 190,Pass,0.5069186841077704,0.6958372501096697,0.5135802469135803
Per reverse position nucleotide content - C position 191,Pass,0.5213417610308474,0.7004668797392993,0.5135802469135803
Per reverse position nucleotide content - C position 192,Pass,0.5555325068332683,0.7168988411162692,0.5481481481481482
Per reverse position nucleotide content - C position 193,Pass,0.5346910386567747,0.6951064219888247,0.528395061728395
Per reverse position nucleotide content - C position 194,Pass,0.5007687426786411,0.6808959003793283,0.5135802469135803
Per reverse position nucleotide content - C position 195,Pass,0.5519328387348692,0.7264485654594313,0.5432098765432098
Per reverse position nucleotide content - C position 196,Pass,0.5066502342834831,0.6931723734097888,0.5135802469135803
Per reverse position nucleotide content - C position 197,Pass,0.5077118313158921,0.680644239755547,0.5135802469135803
Per reverse position nucleotide content - C position 198,Pass,0.5162656188988677,0.6962775949287761,0.5135802469135803
Per reverse position nucleotide content - C position 199,Pass,0.5018425419757907,0.6916486932855652,0.5135802469135803
Per reverse position nucleotide content - C position 200,Pass,0.5041121632174932,0.6910704768281056,0.5135802469135803
Per reverse position nucleotide content - C position 201,Pass,0.5071871339320577,0.6985007153371026,0.5135802469135803
Per reverse position nucleotide content - C position 202,Pass,0.5256125536899648,0.6968762437036549,0.5185185185185185
Per reverse position nucleotide content - C position 203,Pass,0.5122632760640374,0.7026505893680174,0.5135802469135803
Per reverse position nucleotide content - C position 204,Pass,0.5281506247559546,0.6989835547110529,0.5209876543209877
Per reverse position nucleotide content - C position 205,Pass,0.5151186060132761,0.5594740191186891,0.5234567901234568
Per reverse position nucleotide content - C position 206,Pass,0.5042463881296368,0.6924081600141501,0.5135802469135803
Per reverse position nucleotide content - C position 207,Pass,0.5364359625146428,0.7116427806562434,0.528395061728395
Per reverse position nucleotide content - C position 208,Pass,0.5456486723935963,0.7110867065816304,0.5382716049382716
Per reverse position nucleotide content - C position 209,Pass,0.5256125536899648,0.6968762437036549,0.5185185185185185
Per reverse position nucleotide content - C position 210,Pass,0.5306886958219446,0.7010856798614017,0.5234567901234568
Per reverse position nucleotide content - C position 211,Pass,0.5310913705583756,0.70493493986608,0.5234567901234568
Per reverse position nucleotide content - C position 212,Pass,0.5266863529871144,0.7072241022748638,0.5185185185185185
Per reverse position nucleotide content - C position 213,Pass,0.5185352401405701,0.6957576482003052,0.5135802469135803
Per reverse position nucleotide content - C position 214,Pass,0.5405725302616167,0.7069184926425252,0.5333333333333333
Per reverse position nucleotide content - C position 215,Pass,0.5033678250683327,0.5463869494092961,0.5135802469135803
Per reverse position nucleotide content - C position 216,Pass,0.516534068723155,0.6989043797392993,0.5135802469135803
Per reverse position nucleotide content - C position 217,Pass,0.5381686841077704,0.7060938893856016,0.5308641975308642
Per reverse position nucleotide content - C position 218,Pass,0.5126659508004686,0.7066152114163958,0.5135802469135803
Per reverse position nucleotide content - C position 219,Pass,0.5385713588442015,0.7098978939654264,0.5308641975308642
Per reverse position nucleotide content - C position 220,Pass,0.5058448848106208,0.6851687245511272,0.5135802469135803
Per reverse position nucleotide content - C position 221,Pass,0.5039779383053495,0.6897323623484172,0.5135802469135803
Per reverse position nucleotide content - C position 222,Pass,0.5282848496680984,0.7002714489724897,0.5209876543209877
Per reverse position nucleotide content - C position 223,Pass,0.5163998438110113,0.6975910495305189,0.5135802469135803
Per reverse position nucleotide content - C position 224,Pass,0.5262836782506833,0.7033427099480797,0.5185185185185185
Per reverse position nucleotide content - C position 225,Pass,0.5484551932838735,0.715659474427429,0.5407407407407407
Per reverse position nucleotide content - C position 226,Pass,0.5024282506833269,0.5367113329401534,0.5135802469135803
Per reverse position nucleotide content - C position 227,Pass,0.5013666536509176,0.5478518731857825,0.5135802469135803
Per reverse position nucleotide content - C position 228,Pass,0.5159971690745803,0.6936503029777142,0.5135802469135803
Per reverse position nucleotide content - C position 229,Pass,0.5017693283873487,0.5520815316162186,0.5135802469135803
Per reverse position nucleotide content - C position 230,Pass,0.5484551932838735,0.715659474427429,0.5407407407407407
Per reverse position nucleotide content - C position 231,Pass,0.5122632760640374,0.7026505893680174,0.5135802469135803
Per reverse position nucleotide content - C position 232,Pass,0.5131906481843029,0.6888993608433414,0.5135802469135803
Per reverse position nucleotide content - C position 233,Pass,0.5409752049980476,0.7107065031576159,0.5333333333333333
Per reverse position nucleotide content - C position 234,Pass,0.5163998438110113,0.6975910495305189,0.5135802469135803
Per reverse position nucleotide content - C position 235,Pass,0.519474814525576,0.7049163664044367,0.5135802469135803
Per reverse position nucleotide content - C position 236,Pass,0.523477157360406,0.6986585954545173,0.5160493827160494
Per reverse position nucleotide content - C position 237,Pass,0.5216102108551346,0.7030738860688099,0.5135802469135803
Per reverse position nucleotide content - C position 238,Pass,0.5041121632174932,0.6910704768281056,0.5135802469135803
Per reverse position nucleotide content - C position 239,Pass,0.5272842639593909,0.5892772092856695,0.5333333333333333
Per reverse position nucleotide content - C position 240,Pass,0.518059351815697,0.5665734013101387,0.5259259259259259
Per reverse position nucleotide content - C position 241,Pass,0.5114579265911753,0.6947152193217385,0.5135802469135803
Per reverse position nucleotide content - C position 242,Pass,0.5184010152284264,0.694449008559378,0.5135802469135803
Per reverse position nucleotide content - C position 243,Pass,0.5384371339320577,0.7086294416243655,0.5308641975308642
Per reverse position nucleotide content - C position 244,Pass,0.5602059742288169,0.7173644022205782,0.5530864197530864
Per reverse position nucleotide content - C position 245,Pass,0.5216102108551346,0.7030738860688099,0.5135802469135803
Per reverse position nucleotide content - C position 246,Pass,0.5282116360796564,0.5823624304926232,0.5358024691358024
Per reverse position nucleotide content - C position 247,Pass,0.5014398672393596,0.6876202499914723,0.5135802469135803
Per reverse position nucleotide content - C position 248,Pass,0.5238798320968372,0.7025540819636158,0.5160493827160494
Per reverse position nucleotide content - C position 249,Pass,0.5162656188988677,0.6962775949287761,0.5135802469135803
Per reverse position nucleotide content - C position 250,Pass,0.5261494533385397,0.702049158220312,0.5185185185185185
Per reverse position nucleotide content - C position 251,Pass,0.5619386958219446,0.712169637719553,0.5555555555555556
Per reverse position nucleotide content - C position 252,Pass,0.5504563647012886,0.7127513054236487,0.5432098765432098
Per reverse position nucleotide content - C position 253,Pass,0.5216102108551346,0.7030738860688099,0.5135802469135803
Per reverse position nucleotide content - C position 254,Pass,0.5407067551737602,0.708180639314311,0.5333333333333333
Per reverse position nucleotide content - C position 255,Pass,0.524416731745412,0.7077489215569596,0.5160493827160494
Per reverse position nucleotide content - C position 256,Pass,0.5404383053494728,0.7056568830680506,0.5333333333333333
Per reverse position nucleotide content - C position 257,Pass,0.5161924053104255,0.567719829488559,0.5234567901234568
Per reverse position nucleotide content - C position 258,Pass,0.5107868020304569,0.6880956043392592,0.5135802469135803
Per reverse position nucleotide content - C position 259,Pass,0.5374975595470519,0.6997633174038951,0.5308641975308642
Per reverse position nucleotide content - C position 260,Pass,0.5138617727450215,0.6954939428104197,0.5135802469135803
Per reverse position nucleotide content - C position 261,Pass,0.5009639789144866,0.5435786944458687,0.5135802469135803
Per reverse position nucleotide content - C position 262,Pass,0.5039779383053495,0.6897323623484172,0.5135802469135803
Per reverse position nucleotide content - C position 263,Pass,0.5078460562280359,0.6819755210067255,0.5135802469135803
Per reverse position nucleotide content - C position 264,Pass,0.5505905896134322,0.7139927738489498,0.5432098765432098
Per reverse position nucleotide content - C position 265,Pass,0.5459171222178836,0.7135922848033838,0.5382716049382716
Per reverse position nucleotide content - C position 266,Pass,0.5004270792659118,0.5377964999686657,0.5135802469135803
Per reverse position nucleotide content - C position 267,Pass,0.5141912338930105,0.5684177836847419,0.5209876543209877
Per reverse position nucleotide content - C position 268,Pass,0.5345690160093712,0.7159748432674141,0.5259259259259259
Per reverse position nucleotide content - C position 269,Pass,0.5059058961343225,0.5505640157924423,0.5135802469135803
Per reverse position nucleotide content - C position 270,Pass,0.5531286606794221,0.7160642789797901,0.5456790123456791
Per reverse position nucleotide content - C position 271,Pass,0.531359820382663,0.7075023892335652,0.5234567901234568
Per reverse position nucleotide content - C position 272,Pass,0.5457828973057399,0.7123391726730557,0.5382716049382716
Per reverse position nucleotide content - C position 273,Pass,0.5300297735259664,0.7170309338394412,0.5209876543209877
Per reverse position nucleotide content - C position 274,Pass,0.5113237016790317,0.6933918132830081,0.5135802469135803
Per reverse position nucleotide content - C position 275,Pass,0.5273574775478328,0.7136954142101208,0.5185185185185185
Per reverse position nucleotide content - C position 276,Pass,0.5204631979695431,0.5697246618143402,0.528395061728395
Per reverse position nucleotide content - C position 277,Pass,0.5081755173760251,0.5522016890982752,0.5160493827160494
Per reverse position nucleotide content - C position 278,Pass,0.5051737602499023,0.6784877815505009,0.5135802469135803
Per reverse position nucleotide content - C position 279,Pass,0.5135933229207341,0.6928567009460929,0.5135802469135803
Per reverse position nucleotide content - C position 280,Pass,0.5332267668879344,0.7031826691790457,0.5259259259259259
Per reverse position nucleotide content - C position 281,Pass,0.5343005661850839,0.7134140318620052,0.5259259259259259
Per reverse position nucleotide content - C position 282,Pass,0.516863529871144,0.5732144320553796,0.5234567901234568
Per reverse position nucleotide content - C position 283,Pass,0.5233429324482624,0.6973602287659338,0.5160493827160494
Per reverse position nucleotide content - C position 284,Pass,0.5241482819211245,0.7051513830416147,0.5160493827160494
Per reverse position nucleotide content - C position 285,Pass,0.530957145646232,0.7036515931150955,0.5234567901234568
Per reverse position nucleotide content - C position 286,Pass,0.526417903162827,0.70463638606881,0.5185185185185185
Per reverse position nucleotide content - C position 287,Pass,0.5157897305739946,0.5645346584855891,0.5234567901234568
Per reverse position nucleotide content - C position 288,Pass,0.5085171807887544,0.688626568146266,0.5135802469135803
Per reverse position nucleotide content - C position 289,Pass,0.5533971105037094,0.7185402646584303,0.5456790123456791
Per reverse position nucleotide content - C position 290,Pass,0.5150697969543148,0.707352595922437,0.5135802469135803
Per reverse position nucleotide content - C position 291,Pass,0.5405725302616167,0.7069184926425252,0.5333333333333333
Per reverse position nucleotide content - C position 292,Pass,0.5010982038266303,0.5450084602368866,0.5135802469135803
Per reverse position nucleotide content - C position 293,Pass,0.5015008785630612,0.5492661919533747,0.5135802469135803
Per reverse position nucleotide content - C position 294,Pass,0.5376317844591956,0.7010284446380339,0.5308641975308642
Per reverse position nucleotide content - C position 295,Pass,0.5006955290901992,0.5407011253457954,0.5135802469135803
Per reverse position nucleotide content - C position 296,Pass,0.5217444357672785,0.7043773892335652,0.5135802469135803
Per reverse position nucleotide content - C position 297,Pass,0.5212075361187036,0.6991633765745441,0.5135802469135803
Per reverse position nucleotide content - C position 298,Pass,0.5726278797344787,0.725278189989967,0.5654320987654321
Per reverse position nucleotide content - C position 299,Pass,0.5336294416243654,0.7070171037344251,0.5259259259259259
Per reverse position nucleotide content - C position 300,Pass,0.5552640570089808,0.7144375224324463,0.5481481481481482
Per reverse position nucleotide content - C position 301,Pass,0.5338978914486529,0.7095749733952051,0.5259259259259259
Per reverse position nucleotide content - C position 302,Pass,0.5460513471300273,0.7148460307832015,0.5382716049382716
Per reverse position nucleotide content - C position 303,Pass,0.5087856306130418,0.6912846131120243,0.5135802469135803
Per reverse position nucleotide content - C position 304,Pass,0.5184010152284264,0.694449008559378,0.5135802469135803
Per reverse position nucleotide content - C position 305,Pass,0.5255393401015228,0.5777303392401965,0.5333333333333333
Per reverse position nucleotide content - C position 306,Pass,0.5041731745411948,0.5545562790909662,0.5135802469135803
Per reverse position nucleotide content - C position 307,Pass,0.5154602694260054,0.6883941175791518,0.5135802469135803
Per reverse position nucleotide content - C position 308,Pass,0.511518937914877,0.5634870755973004,0.5185185185185185
Per reverse position nucleotide content - C position 309,Pass,0.527943186255369,0.5809451135220022,0.5358024691358024
Per reverse position nucleotide content - C position 310,Pass,0.5218786606794221,0.7056808923983204,0.5135802469135803
Per reverse position nucleotide content - C position 311,Pass,0.5136543342444357,0.5638425445804955,0.5209876543209877
Per reverse position nucleotide content - C position 312,Pass,0.5034410386567747,0.6843754240005452,0.5135802469135803
Per reverse position nucleotide content - C position 313,Pass,0.5121290511518937,0.7013286087457603,0.5135802469135803
Per reverse position nucleotide content - C position 314,Pass,0.5289559742288169,0.706713837831696,0.5209876543209877
Per reverse position nucleotide content - C position 315,Pass,0.5237456071846935,0.7012555232724225,0.5160493827160494
Per reverse position nucleotide content - C position 316,Pass,0.5237456071846935,0.7012555232724225,0.5160493827160494
Per reverse position nucleotide content - C position 317,Pass,0.5185352401405701,0.6957576482003052,0.5135802469135803
Per reverse position nucleotide content - C position 318,Pass,0.5189379148770012,0.6996831806797382,0.5135802469135803
Per reverse position nucleotide content - C position 319,Pass,0.5379002342834831,0.7035601991426877,0.5308641975308642
Per reverse position nucleotide content - C position 320,Pass,0.5467224716907458,0.7211238626063643,0.5382716049382716
Per reverse position nucleotide content - C position 321,Pass,0.5091883053494728,0.6952692955776594,0.5135802469135803
Per reverse position nucleotide content - C position 322,Pass,0.5338978914486529,0.7095749733952051,0.5259259259259259
Per reverse position nucleotide content - C position 323,Pass,0.5391082584927763,0.7149760172772016,0.5308641975308642
Per reverse position nucleotide content - C position 324,Pass,0.5202679617336978,0.6900388544212571,0.5135802469135803
Per reverse position nucleotide content - C position 325,Pass,0.5368386372510738,0.7154680757890489,0.528395061728395
Per reverse position nucleotide content - C position 326,Pass,0.5314940452948067,0.7087864824604323,0.5234567901234568
Per reverse position nucleotide content - C position 327,Pass,0.526417903162827,0.70463638606881,0.5185185185185185
Per reverse position nucleotide content - C position 328,Pass,0.5174736431081609,0.7080943959045624,0.5135802469135803
Per reverse position nucleotide content - C position 329,Pass,0.5208048613822726,0.6952528670802782,0.5135802469135803
Per reverse position nucleotide content - C position 330,Pass,0.5170709683717297,0.704156502154418,0.5135802469135803
Per reverse position nucleotide content - C position 331,Pass,0.5004270792659118,0.5377964999686657,0.5135802469135803
Per reverse position nucleotide content - C position 332,Pass,0.5039047247169074,0.5518429463393397,0.5135802469135803
Per reverse position nucleotide content - C position 333,Pass,0.5371070870753611,0.7180199836760088,0.528395061728395
Per reverse position nucleotide content - C position 334,Pass,0.5265521280749708,0.7059301842646211,0.5185185185185185
Per reverse position nucleotide content - C position 335,Pass,0.5056374463100352,0.5479570094629317,0.5135802469135803
Per reverse position nucleotide content - C position 336,Pass,0.5558009566575557,0.7193638480949197,0.5481481481481482
Per reverse position nucleotide content - C position 337,Pass,0.5086514057008981,0.6899557536918808,0.5135802469135803
Per reverse position nucleotide content - C position 338,Pass,0.5312255954705193,0.7062185401568603,0.5234567901234568
Per reverse position nucleotide content - C position 339,Pass,0.52107331120656,0.6978598734097888,0.5135802469135803
Per reverse position nucleotide content - C position 340,Pass,0.5065160093713392,0.6918393891129581,0.5135802469135803
Per reverse position nucleotide content - C position 341,Pass,0.5379002342834831,0.7035601991426877,0.5308641975308642
Per reverse position nucleotide content - C position 342,Pass,0.5289559742288169,0.706713837831696,0.5209876543209877
Per reverse position nucleotide content - C position 343,Pass,0.5041121632174932,0.6910704768281056,0.5135802469135803
Per reverse position nucleotide content - C position 344,Pass,0.536301737602499,0.7103683923983205,0.528395061728395
Per reverse position nucleotide content - C position 345,Pass,0.5328240921515033,0.6993512277360159,0.5259259259259259
Per reverse position nucleotide content - C position 346,Pass,0.5108478133541585,0.5575493371390156,0.5185185185185185
Per reverse position nucleotide content - C position 347,Pass,0.5334952167122218,0.7057386368723086,0.5259259259259259
Per reverse position nucleotide content - C position 348,Pass,0.5045148379539243,0.695082264354684,0.5135802469135803
Per reverse position nucleotide content - C position 349,Pass,0.55232331120656,0.7086572156024799,0.5456790123456791
Per reverse position nucleotide content - C position 350,Pass,0.5070529090199141,0.6971691559101897,0.5135802469135803
Per reverse position nucleotide content - C position 351,Pass,0.531359820382663,0.7075023892335652,0.5234567901234568
Per reverse position nucleotide content - C position 352,Pass,0.500292854353768,0.5363327403936541,0.5135802469135803
Per reverse position nucleotide content - C position 353,Pass,0.5308229207340882,0.7023685047796723,0.5234567901234568
Per reverse position nucleotide content - C position 354,Pass,0.5121290511518937,0.7013286087457603,0.5135802469135803
Per reverse position nucleotide content - C position 355,Pass,0.5312255954705193,0.7062185401568603,0.5234567901234568
Per reverse position nucleotide content - C position 356,Pass,0.5137275478328778,0.6941754178640812,0.5135802469135803
Per reverse position nucleotide content - C position 357,Pass,0.5071871339320577,0.6985007153371026,0.5135802469135803
Per reverse position nucleotide content - C position 358,Pass,0.5059791097227646,0.6865036479085931,0.5135802469135803
Per reverse position nucleotide content - C position 359,Pass,0.5284190745802421,0.7015595427087293,0.5209876543209877
Per reverse position nucleotide content - C position 360,Pass,0.5157287192502928,0.6910224841273911,0.5135802469135803
Per reverse position nucleotide content - C position 361,Pass,0.5576679031628271,0.715288869782165,0.5506172839506173
Per reverse position nucleotide content - C position 362,Pass,0.5261494533385397,0.702049158220312,0.5185185185185185
Per reverse position nucleotide content - C position 363,Pass,0.5152528309254197,0.5604570094629316,0.5234567901234568
Per reverse position nucleotide content - C position 364,Pass,0.5055032213978915,0.5466535062981763,0.5135802469135803
Per reverse position nucleotide content - C position 365,Pass,0.5238798320968372,0.7025540819636158,0.5160493827160494
Per reverse position nucleotide content - C position 366,Pass,0.5568625536899648,0.7079647314870579,0.5506172839506173
Per reverse position nucleotide content - C position 367,Pass,0.5041731745411948,0.5545562790909662,0.5135802469135803
Per reverse position nucleotide content - C position 368,Pass,0.5412436548223349,0.7132343955630758,0.5333333333333333
Per reverse position nucleotide content - C position 369,Pass,0.54324482623975,0.7102623844713658,0.5358024691358024
Per reverse position nucleotide content - C position 370,Pass,0.5436475009761812,0.714037687099126,0.5358024691358024
Per reverse position nucleotide content - C position 371,Pass,0.5025136665365092,0.698353292848023,0.5135802469135803
Per reverse position nucleotide content - C position 372,Pass,0.516131393986724,0.6949640135571353,0.5135802469135803
Per reverse position nucleotide content - C position 373,Pass,0.5113237016790317,0.6933918132830081,0.5135802469135803
Per reverse position nucleotide content - C position 374,Pass,0.5005613041780554,0.5392524421578113,0.5135802469135803
Per reverse position nucleotide content - C position 375,Pass,0.5292244240531043,0.7092920878707681,0.5209876543209877
Per reverse position nucleotide content - C position 376,Pass,0.5091883053494728,0.6952692955776594,0.5135802469135803
Per reverse position nucleotide content - C position 377,Pass,0.5369728621632175,0.7167438627675514,0.528395061728395
Per reverse position nucleotide content - C position 378,Pass,0.5077728426395939,0.5485145600954464,0.5160493827160494
Per reverse position nucleotide content - C position 379,Pass,0.5356306130417805,0.7040020862519634,0.528395061728395
Per reverse position nucleotide content - C position 380,Pass,0.531359820382663,0.7075023892335652,0.5234567901234568
Per reverse position nucleotide content - C position 381,Pass,0.5061743459586099,0.5531710221219528,0.5135802469135803
Per reverse position nucleotide content - C position 382,Pass,0.5599375244045295,0.7149282776408967,0.5530864197530864
Per reverse position nucleotide content - C position 383,Pass,0.5314940452948067,0.7087864824604323,0.5234567901234568
Per reverse position nucleotide content - C position 384,Pass,0.526417903162827,0.70463638606881,0.5185185185185185
Per reverse position nucleotide content - C position 385,Pass,0.5427079265911754,0.7052369225901167,0.5358024691358024
Per reverse position nucleotide content - C position 386,Pass,0.5487236431081609,0.7181583800857327,0.5407407407407407
Per reverse position nucleotide content - C position 387,Pass,0.5241482819211245,0.7051513830416147,0.5160493827160494
Per reverse position nucleotide content - C position 388,Pass,0.5143254588051542,0.5695770976732979,0.5209876543209877
Per reverse position nucleotide content - C position 389,Pass,0.516131393986724,0.6949640135571353,0.5135802469135803
Per reverse position nucleotide content - C position 390,Pass,0.526417903162827,0.70463638606881,0.5185185185185185
Per reverse position nucleotide content - C position 391,Pass,0.5063085708707536,0.554474525286708,0.5135802469135803
Per reverse position nucleotide content - C position 392,Pass,0.5165950800468566,0.5709920411104845,0.5234567901234568
Per reverse position nucleotide content - C position 393,Pass,0.5031725888324873,0.6816941431737138,0.5135802469135803
Per reverse position nucleotide content - C position 394,Pass,0.5364359625146428,0.7116427806562434,0.528395061728395
Per reverse position nucleotide content - C position 395,Pass,0.5055032213978915,0.5466535062981763,0.5135802469135803
Per reverse position nucleotide content - C position 396,Pass,0.5436475009761812,0.714037687099126,0.5358024691358024
Per reverse position nucleotide content - C position 397,Pass,0.5487236431081609,0.7181583800857327,0.5407407407407407
Per reverse position nucleotide content - C position 398,Pass,0.5213417610308474,0.7004668797392993,0.5135802469135803
Per reverse position nucleotide content - C position 399,Pass,0.503233600156189,0.5450158329923435,0.5135802469135803
Per reverse position nucleotide content - C position 400,Pass,0.5015740921515033,0.6889635589041777,0.5135802469135803
Per reverse position nucleotide content - C position 401,Pass,0.5065160093713392,0.6918393891129581,0.5135802469135803
Per reverse position nucleotide content - C position 402,Pass,0.5077728426395939,0.5485145600954464,0.5160493827160494
Per reverse position nucleotide content - C position 403,Pass,0.5452581999219055,0.7291862003039875,0.5358024691358024
Per reverse position nucleotide content - C position 404,Pass,0.5064427957828973,0.5557780284514633,0.5135802469135803
Per reverse position nucleotide content - C position 405,Pass,0.5030993752440454,0.5436414581054052,0.5135802469135803
Per reverse position nucleotide content - C position 406,Pass,0.5236113822725498,0.6999570273681949,0.5160493827160494
Per reverse position nucleotide content - C position 407,Pass,0.516058180398282,0.5666475936688546,0.5234567901234568
Per reverse position nucleotide content - C position 408,Pass,0.5080412924638813,0.5509690576557027,0.5160493827160494
Per reverse position nucleotide content - C position 409,Pass,0.5284190745802421,0.7015595427087293,0.5209876543209877
Per reverse position nucleotide content - C position 410,Pass,0.526417903162827,0.70463638606881,0.5185185185185185
Per reverse position nucleotide content - C position 411,Pass,0.5268205778992581,0.7085181378943641,0.5185185185185185
Per reverse position nucleotide content - C position 412,Pass,0.52761372510738,0.6938340519381719,0.5209876543209877
Per reverse position nucleotide content - C position 413,Pass,0.5065160093713392,0.6918393891129581,0.5135802469135803
Per reverse position nucleotide content - C position 414,Pass,0.5008297540023429,0.5421430559745596,0.5135802469135803
Per reverse position nucleotide content - C position 415,Pass,0.5107135884420149,0.5563779692808143,0.5185185185185185
Per reverse position nucleotide content - C position 416,Pass,0.5109210269426006,0.6894200542991549,0.5135802469135803
Per reverse position nucleotide content - C position 417,Pass,0.5216102108551346,0.7030738860688099,0.5135802469135803
Per reverse position nucleotide content - C position 418,Pass,0.5208048613822726,0.6952528670802782,0.5135802469135803
Per reverse position nucleotide content - C position 419,Pass,0.5278089613432253,0.5802794558568924,0.5358024691358024
Per reverse position nucleotide content - C position 420,Pass,0.5162656188988677,0.6962775949287761,0.5135802469135803
Per reverse position nucleotide content - C position 421,Pass,0.5372413119875048,0.7192964325156792,0.528395061728395
Per reverse position nucleotide content - C position 422,Pass,0.5037094884810621,0.6870548064376686,0.5135802469135803
Per reverse position nucleotide content - C position 423,Pass,0.514130222569309,0.6981304311411685,0.5135802469135803
Per reverse position nucleotide content - C position 424,Pass,0.5052347715736041,0.5440464999686658,0.5135802469135803
Per reverse position nucleotide content - C position 425,Pass,0.5056374463100352,0.5479570094629317,0.5135802469135803
Per reverse position nucleotide content - C position 426,Pass,0.5507248145255759,0.7152350325257091,0.5432098765432098
Per reverse position nucleotide content - C position 427,Pass,0.5067844591956268,0.6945049914813763,0.5135802469135803
Per reverse position nucleotide content - C position 428,Pass,0.5485894181960171,0.7169085883830035,0.5407407407407407
Per reverse position nucleotide content - C position 429,Pass,0.5435132760640374,0.7127786841964278,0.5358024691358024
Per reverse position nucleotide content - C position 430,Pass,0.5134590980085904,0.691537788352822,0.5135802469135803
Per reverse position nucleotide content - C position 431,Pass,0.5114579265911753,0.6947152193217385,0.5135802469135803
Per reverse position nucleotide content - C position 432,Pass,0.5463197969543148,0.7173553770478658,0.5382716049382716
Per reverse position nucleotide content - C position 433,Pass,0.5081755173760251,0.5522016890982752,0.5160493827160494
Per reverse position nucleotide content - C position 434,Pass,0.5006345177664975,0.6795493975585702,0.5135802469135803
Per reverse position nucleotide content - C position 435,Pass,0.5093225302616167,0.6965969106990516,0.5135802469135803
Per reverse position nucleotide content - C position 436,Pass,0.52107331120656,0.6978598734097888,0.5135802469135803
Per reverse position nucleotide content - C position 437,Pass,0.5457828973057399,0.7123391726730557,0.5382716049382716
Per reverse position nucleotide content - C position 438,Pass,0.5268205778992581,0.7085181378943641,0.5185185185185185
Per reverse position nucleotide content - C position 439,Pass,0.5314940452948067,0.7087864824604323,0.5234567901234568
Per reverse position nucleotide content - C position 440,Pass,0.5087856306130418,0.6912846131120243,0.5135802469135803
Per reverse position nucleotide content - C position 441,Pass,0.5289559742288169,0.706713837831696,0.5209876543209877
Per reverse position nucleotide content - C position 442,Pass,0.5258810035142523,0.6994624375123529,0.5185185185185185
Per reverse position nucleotide content - C position 443,Pass,0.5278821749316673,0.6964083803089656,0.5209876543209877
Per reverse position nucleotide content - C position 444,Pass,0.5212075361187036,0.6991633765745441,0.5135802469135803
Per reverse position nucleotide content - C position 445,Pass,0.5192063647012886,0.7022998922607604,0.5135802469135803
Per reverse position nucleotide content - C position 446,Pass,0.5209390862944162,0.6965563702450335,0.5135802469135803
Per reverse position nucleotide content - C position 447,Pass,0.5201947481452558,0.5680105126276869,0.528395061728395
Per reverse position nucleotide content - C position 448,Pass,0.5087124170245997,0.5571626973297188,0.5160493827160494
Per reverse position nucleotide content - C position 449,Pass,0.5584732526356891,0.7226503909507584,0.5506172839506173
Per reverse position nucleotide content - C position 450,Pass,0.5269548028114017,0.7098122889717333,0.5185185185185185
Per reverse position nucleotide content - C position 451,Pass,0.5109210269426006,0.6894200542991549,0.5135802469135803
Per reverse position nucleotide content - C position 452,Pass,0.5063085708707536,0.554474525286708,0.5135802469135803
Per reverse position nucleotide content - C position 453,Pass,0.521475985942991,0.7017703829040547,0.5135802469135803
Per reverse position nucleotide content - C position 454,Pass,0.5037094884810621,0.6870548064376686,0.5135802469135803
Per reverse position nucleotide content - C position 455,Pass,0.5009029675907849,0.6822418447629952,0.5135802469135803
Per reverse position nucleotide content - C position 456,Pass,0.5091883053494728,0.6952692955776594,0.5135802469135803
Per reverse position nucleotide content - C position 457,Pass,0.5117873877391643,0.5658940018947981,0.5185185185185185
Per reverse position nucleotide content - C position 458,Pass,0.513117434595861,0.559387545204207,0.5209876543209877
Per reverse position nucleotide content - C position 459,Pass,0.5159971690745803,0.6936503029777142,0.5135802469135803
Per reverse position nucleotide content - C position 460,Pass,0.5212075361187036,0.6991633765745441,0.5135802469135803
Per reverse position nucleotide content - C position 461,Pass,0.5114579265911753,0.6947152193217385,0.5135802469135803
Per reverse position nucleotide content - C position 462,Pass,0.516131393986724,0.6949640135571353,0.5135802469135803
Per reverse position nucleotide content - C position 463,Pass,0.5306886958219446,0.7010856798614017,0.5234567901234568
Per reverse position nucleotide content - C position 464,Pass,0.5039779383053495,0.6897323623484172,0.5135802469135803
Per reverse position nucleotide content - C position 465,Pass,0.5197920734088247,0.5656202734036914,0.528395061728395
Per reverse position nucleotide content - C position 466,Pass,0.5163266302225693,0.5688017014476405,0.5234567901234568
Per reverse position nucleotide content - C position 467,Pass,0.5117263764154627,0.6973612896771876,0.5135802469135803
Per reverse position nucleotide content - C position 468,Pass,0.5028309254197579,0.5408819430066405,0.5135802469135803
Per reverse position nucleotide content - C position 469,Pass,0.5260152284263959,0.7007557332624422,0.5185185185185185
Per reverse position nucleotide content - C position 470,Pass,0.5245509566575557,0.709047777147284,0.5160493827160494
Per reverse position nucleotide content - C position 471,Pass,0.5169367434595862,0.702843646902277,0.5135802469135803
Per reverse position nucleotide content - C position 472,Pass,0.5093225302616167,0.6965969106990516,0.5135802469135803
Per reverse position nucleotide content - C position 473,Pass,0.5479182936352986,0.7106700592794591,0.5407407407407407
Per reverse position nucleotide content - C position 474,Pass,0.5109820382663022,0.5587265776775083,0.5185185185185185
Per reverse position nucleotide content - C position 475,Pass,0.5278089613432253,0.5802794558568924,0.5358024691358024
Per reverse position nucleotide content - C position 476,Pass,0.5341663412729403,0.7121340525739848,0.5259259259259259
Per reverse position nucleotide content - C position 477,Pass,0.5358990628660679,0.7065474529677489,0.528395061728395
Per reverse position nucleotide content - C position 478,Pass,0.5220128855915658,0.7069843955630757,0.5135802469135803
Per reverse position nucleotide content - C position 479,Pass,0.5296270987895353,0.7131607660845319,0.5209876543209877
Per reverse position nucleotide content - C position 480,Pass,0.5334952167122218,0.7057386368723086,0.5259259259259259
Per reverse position nucleotide content - C position 481,Pass,0.523477157360406,0.6986585954545173,0.5160493827160494
Per reverse position nucleotide content - C position 482,Pass,0.5113237016790317,0.6933918132830081,0.5135802469135803
Per reverse position nucleotide content - C position 483,Pass,0.516534068723155,0.6989043797392993,0.5135802469135803
Per reverse position nucleotide content - C position 484,Pass,0.5208048613822726,0.6952528670802782,0.5135802469135803
Per reverse position nucleotide content - C position 485,Pass,0.5062475595470519,0.6891722938518288,0.5135802469135803
Per reverse position nucleotide content - C position 486,Pass,0.5385713588442015,0.7098978939654264,0.5308641975308642
Per reverse position nucleotide content - C position 487,Pass,0.53924248340492,0.7162465870145281,0.5308641975308642
Per reverse position nucleotide content - C position 488,Pass,0.511189476766888,0.692068153704482,0.5135802469135803
Per reverse position nucleotide content - C position 489,Pass,0.5033678250683327,0.5463869494092961,0.5135802469135803
Per reverse position nucleotide content - C position 490,Pass,0.5326898672393596,0.6980747764567772,0.5259259259259259
Per reverse position nucleotide content - C position 491,Pass,0.5063817844591956,0.6905060316372403,0.5135802469135803
Per reverse position nucleotide content - C position 492,Pass,0.5203289730573994,0.5688566987192716,0.528395061728395
Per reverse position nucleotide content - C position 493,Pass,0.5076386177274502,0.547293253215419,0.5160493827160494
Per reverse position nucleotide content - C position 494,Pass,0.5146671222178836,0.7034012571399618,0.5135802469135803
Per reverse position nucleotide content - C position 495,Pass,0.5322871925029286,0.6942476086300113,0.5259259259259259
Per reverse position nucleotide content - C position 496,Pass,0.5131906481843029,0.6888993608433414,0.5135802469135803
Per reverse position nucleotide content - C position 497,Pass,0.5167293049590004,0.5720994658438672,0.5234567901234568
Per reverse position nucleotide content - C position 498,Pass,0.521475985942991,0.7017703829040547,0.5135802469135803
Per reverse position nucleotide content - C position 499,Pass,0.5040389496290512,0.5532007088638344,0.5135802469135803
Per reverse position nucleotide content - C position 500,Pass,0.5008297540023429,0.5421430559745596,0.5135802469135803
Per reverse position nucleotide content - C,Pass,0.5726278797344787,0.7340856931381466,0.5654320987654321
Per reverse position nucleotide content - G position 1,Pass,0.5330925419757907,0.7019051808531545,0.5259259259259259
Per reverse position nucleotide content - G position 2,Pass,0.5125317258883249,0.7052938867517832,0.5135802469135803
Per reverse position nucleotide content - G position 3,Pass,0.529358648965248,0.7105814767094824,0.5209876543209877
Per reverse position nucleotide content - G position 4,Pass,0.5332267668879344,0.7031826691790457,0.5259259259259259
Per reverse position nucleotide content - G position 5,Pass,0.5175224521671222,0.5628872725319425,0.5259259259259259
Per reverse position nucleotide content - G position 6,Pass,0.5045148379539243,0.695082264354684,0.5135802469135803
Per reverse position nucleotide content - G position 7,Pass,0.5006955290901992,0.5407011253457954,0.5135802469135803
Per reverse position nucleotide content - G position 8,Pass,0.532555642327216,0.6967986846710335,0.5259259259259259
Per reverse position nucleotide content - G position 9,Pass,0.5097252049980476,0.7005779971363009,0.5135802469135803
Per reverse position nucleotide content - G position 10,Pass,0.5118606013276064,0.6986839631509683,0.5135802469135803
Per reverse position nucleotide content - G position 11,Pass,0.518278992581023,0.7159673341759157,0.5135802469135803
Per reverse position nucleotide content - G position 12,Pass,0.5212075361187036,0.6991633765745441,0.5135802469135803
Per reverse position nucleotide content - G position 13,Pass,0.5286143108160875,0.5846762516368003,0.5358024691358024
Per reverse position nucleotide content - G position 14,Pass,0.5172051932838735,0.7054692440479243,0.5135802469135803
Per reverse position nucleotide content - G position 15,Pass,0.51199482623975,0.7000064014062333,0.5135802469135803
Per reverse position nucleotide content - G position 16,Pass,0.5089198555251855,0.6926131525794185,0.5135802469135803
Per reverse position nucleotide content - G position 17,Pass,0.5427079265911754,0.7052369225901167,0.5358024691358024
Per reverse position nucleotide content - G position 18,Pass,0.5268205778992581,0.7085181378943641,0.5185185185185185
Per reverse position nucleotide content - G position 19,Pass,0.5031725888324873,0.6816941431737138,0.5135802469135803
Per reverse position nucleotide content - G position 20,Pass,0.5010371925029286,0.6835872415180313,0.5135802469135803
Per reverse position nucleotide content - G position 21,Pass,0.5262836782506833,0.7033427099480797,0.5185185185185185
Per reverse position nucleotide content - G position 22,Pass,0.5381686841077704,0.7060938893856016,0.5308641975308642
Per reverse position nucleotide content - G position 23,Pass,0.5212075361187036,0.6991633765745441,0.5135802469135803
Per reverse position nucleotide content - G position 24,Pass,0.5118606013276064,0.6986839631509683,0.5135802469135803
Per reverse position nucleotide content - G position 25,Pass,0.5209390862944162,0.6965563702450335,0.5135802469135803
Per reverse position nucleotide content - G position 26,Pass,0.5358990628660679,0.7065474529677489,0.528395061728395
Per reverse position nucleotide content - G position 27,Pass,0.5137275478328778,0.6941754178640812,0.5135802469135803
Per reverse position nucleotide content - G position 28,Pass,0.5177298906677079,0.6879047864724487,0.5135802469135803
Per reverse position nucleotide content - G position 29,Pass,0.5010371925029286,0.6835872415180313,0.5135802469135803
Per reverse position nucleotide content - G position 30,Pass,0.5312255954705193,0.7062185401568603,0.5234567901234568
Per reverse position nucleotide content - G position 31,Pass,0.5368386372510738,0.7154680757890489,0.528395061728395
Per reverse position nucleotide content - G position 32,Pass,0.5058448848106208,0.6851687245511272,0.5135802469135803
Per reverse position nucleotide content - G position 33,Pass,0.5168025185474423,0.7015306761922666,0.5135802469135803
Per reverse position nucleotide content - G position 34,Pass,0.51199482623975,0.7000064014062333,0.5135802469135803
Per reverse position nucleotide content - G position 35,Pass,0.5055032213978915,0.5466535062981763,0.5135802469135803
Per reverse position nucleotide content - G position 36,Pass,0.5288217493166731,0.7054249832474933,0.5209876543209877
Per reverse position nucleotide content - G position 37,Pass,0.5229402577118313,0.6934655328819153,0.5160493827160494
Per reverse position nucleotide content - G position 38,Pass,0.531359820382663,0.7075023892335652,0.5234567901234568
Per reverse position nucleotide content - G position 39,Pass,0.5029041390081999,0.6790108882738639,0.5135802469135803
Per reverse position nucleotide content - G position 40,Pass,0.5376317844591956,0.7010284446380339,0.5308641975308642
Per reverse position nucleotide content - G position 41,Pass,0.5063817844591956,0.6905060316372403,0.5135802469135803
Per reverse position nucleotide content - G position 42,Pass,0.5046490628660679,0.6964187009468681,0.5135802469135803
Per reverse position nucleotide content - G position 43,Pass,0.5056374463100352,0.5479570094629317,0.5135802469135803
Per reverse position nucleotide content - G position 44,Pass,0.5451117727450215,0.7060835576203152,0.5382716049382716
Per reverse position nucleotide content - G position 45,Pass,0.5555325068332683,0.7168988411162692,0.5481481481481482
Per reverse position nucleotide content - G position 46,Pass,0.5110552518547442,0.6907442357103948,0.5135802469135803
Per reverse position nucleotide content - G position 47,Pass,0.5109210269426006,0.6894200542991549,0.5135802469135803
Per reverse position nucleotide content - G position 48,Pass,0.5631467200312378,0.7230834653846497,0.5555555555555556
Per reverse position nucleotide content - G position 49,Pass,0.5463197969543148,0.7173553770478658,0.5382716049382716
Per reverse position nucleotide content - G position 50,Pass,0.511592151503319,0.696038376574544,0.5135802469135803
Per reverse position nucleotide content - G position 51,Pass,0.5022452167122218,0.6956728219284449,0.5135802469135803
Per reverse position nucleotide content - G position 52,Pass,0.5361675126903553,0.7090943703656407,0.528395061728395
Per reverse position nucleotide content - G position 53,Pass,0.5261494533385397,0.702049158220312,0.5185185185185185
Per reverse position nucleotide content - G position 54,Pass,0.511592151503319,0.696038376574544,0.5135802469135803
Per reverse position nucleotide content - G position 55,Pass,0.5624755954705194,0.7170083122983182,0.5555555555555556
Per reverse position nucleotide content - G position 56,Pass,0.516131393986724,0.6949640135571353,0.5135802469135803
Per reverse position nucleotide content - G position 57,Pass,0.5006955290901992,0.5407011253457954,0.5135802469135803
Per reverse position nucleotide content - G position 58,Pass,0.5604744240531042,0.7198049083835886,0.5530864197530864
Per reverse position nucleotide content - G position 59,Pass,0.516534068723155,0.6989043797392993,0.5135802469135803
Per reverse position nucleotide content - G position 60,Pass,0.508248730964467,0.6859671931834721,0.5135802469135803
Per reverse position nucleotide content - G position 61,Pass,0.5138617727450215,0.6954939428104197,0.5135802469135803
Per reverse position nucleotide content - G position 62,Pass,0.536301737602499,0.7103683923983205,0.528395061728395
Per reverse position nucleotide content - G position 63,Pass,0.5385713588442015,0.7098978939654264,0.5308641975308642
Per reverse position nucleotide content - G position 64,Pass,0.5043806130417805,0.6937454199181973,0.5135802469135803
Per reverse position nucleotide content - G position 65,Pass,0.5288217493166731,0.7054249832474933,0.5209876543209877
Per reverse position nucleotide content - G position 66,Pass,0.5067112456071847,0.5583850347809739,0.5135802469135803
Per reverse position nucleotide content - G position 67,Pass,0.5395109332292074,0.7187889204502962,0.5308641975308642
Per reverse position nucleotide content - G position 68,Pass,0.511592151503319,0.696038376574544,0.5135802469135803
Per reverse position nucleotide content - G position 69,Pass,0.5162656188988677,0.6962775949287761,0.5135802469135803
Per reverse position nucleotide content - G position 70,Pass,0.5236113822725498,0.6999570273681949,0.5160493827160494
Per reverse position nucleotide content - G position 71,Pass,0.5060401210464662,0.5518675189571975,0.5135802469135803
Per reverse position nucleotide content - G position 72,Pass,0.511592151503319,0.696038376574544,0.5135802469135803
Per reverse position nucleotide content - G position 73,Pass,0.5505905896134322,0.7139927738489498,0.5432098765432098
Per reverse position nucleotide content - G position 74,Pass,0.5188036899648575,0.6983747330414211,0.5135802469135803
Per reverse position nucleotide content - G position 75,Pass,0.5457828973057399,0.7123391726730557,0.5382716049382716
Per reverse position nucleotide content - G position 76,Pass,0.5126537485357282,0.6836199837229779,0.5135802469135803
Per reverse position nucleotide content - G position 77,Pass,0.5559351815696993,0.7205976912007626,0.5481481481481482
Per reverse position nucleotide content - G position 78,Pass,0.5266863529871144,0.7072241022748638,0.5185185185185185
Per reverse position nucleotide content - G position 79,Pass,0.5098472276454511,0.6788164748885078,0.5135802469135803
Per reverse position nucleotide content - G position 80,Pass,0.5186694650527138,0.697066222616138,0.5135802469135803
Per reverse position nucleotide content - G position 81,Pass,0.5384371339320577,0.7086294416243655,0.5308641975308642
Per reverse position nucleotide content - G position 82,Pass,0.5333609918000781,0.7044604899629416,0.5259259259259259
Per reverse position nucleotide content - G position 83,Pass,0.5415121046466225,0.7157642413987592,0.5333333333333333
Per reverse position nucleotide content - G position 84,Pass,0.5043806130417805,0.6937454199181973,0.5135802469135803
Per reverse position nucleotide content - G position 85,Pass,0.5284190745802421,0.7015595427087293,0.5209876543209877
Per reverse position nucleotide content - G position 86,Pass,0.542842151503319,0.7064923668025571,0.5358024691358024
Per reverse position nucleotide content - G position 87,Pass,0.5121290511518937,0.7013286087457603,0.5135802469135803
Per reverse position nucleotide content - G position 88,Pass,0.5125805349472862,0.5550902628736808,0.5209876543209877
Per reverse position nucleotide content - G position 89,Pass,0.5216102108551346,0.7030738860688099,0.5135802469135803
Per reverse position nucleotide content - G position 90,Pass,0.5063817844591956,0.6905060316372403,0.5135802469135803
Per reverse position nucleotide content - G position 91,Pass,0.5257467786021085,0.6981692734708399,0.5185185185185185
Per reverse position nucleotide content - G position 92,Pass,0.5079070675517376,0.5497399260512628,0.5160493827160494
Per reverse position nucleotide content - G position 93,Pass,0.532958317063647,0.7006280314828185,0.5259259259259259
Per reverse position nucleotide content - G position 94,Pass,0.5465882467786021,0.7198671198785387,0.5382716049382716
Per reverse position nucleotide content - G position 95,Pass,0.5185352401405701,0.6957576482003052,0.5135802469135803
Per reverse position nucleotide content - G position 96,Pass,0.5480525185474424,0.7119163297987134,0.5407407407407407
Per reverse position nucleotide content - G position 97,Pass,0.531359820382663,0.7075023892335652,0.5234567901234568
Per reverse position nucleotide content - G position 98,Pass,0.5206706364701288,0.693949363915523,0.5135802469135803
Per reverse position nucleotide content - G position 99,Pass,0.5093225302616167,0.6965969106990516,0.5135802469135803
Per reverse position nucleotide content - G position 100,Pass,0.5042463881296368,0.6924081600141501,0.5135802469135803
Per reverse position nucleotide content - G position 101,Pass,0.5034410386567747,0.6843754240005452,0.5135802469135803
Per reverse position nucleotide content - G position 102,Pass,0.5025624755954705,0.5381061603058219,0.5135802469135803
Per reverse position nucleotide content - G position 103,Pass,0.5013666536509176,0.5478518731857825,0.5135802469135803
Per reverse position nucleotide content - G position 104,Pass,0.516460855134713,0.5698926195783822,0.5234567901234568
Per reverse position nucleotide content - G position 105,Pass,0.5297491214369388,0.6921137296348803,0.5234567901234568
Per reverse position nucleotide content - G position 106,Pass,0.5288217493166731,0.7054249832474933,0.5209876543209877
Per reverse position nucleotide content - G position 107,Pass,0.5286875244045295,0.7041363135034238,0.5209876543209877
Per reverse position nucleotide content - G position 108,Pass,0.5417805544709098,0.7182959691977067,0.5333333333333333
Per reverse position nucleotide content - G position 109,Pass,0.5509932643498633,0.717721860991982,0.5432098765432098
Per reverse position nucleotide content - G position 110,Pass,0.5232087075361187,0.6960619285689513,0.5160493827160494
Per reverse position nucleotide content - G position 111,Pass,0.521475985942991,0.7017703829040547,0.5135802469135803
Per reverse position nucleotide content - G position 112,Pass,0.5427079265911754,0.7052369225901167,0.5358024691358024
Per reverse position nucleotide content - G position 113,Pass,0.5188036899648575,0.6983747330414211,0.5135802469135803
Per reverse position nucleotide content - G position 114,Pass,0.5038437133932057,0.6883938083599674,0.5135802469135803
Per reverse position nucleotide content - G position 115,Pass,0.5302128074970714,0.5836588270000016,0.5382716049382716
Per reverse position nucleotide content - G position 116,Pass,0.5285532994923858,0.7028478321202517,0.5209876543209877
Per reverse position nucleotide content - G position 117,Pass,0.5706267083170636,0.7280211930322235,0.562962962962963
Per reverse position nucleotide content - G position 118,Pass,0.5388398086684889,0.7124361089587143,0.5308641975308642
Per reverse position nucleotide content - G position 119,Pass,0.5138617727450215,0.6954939428104197,0.5135802469135803
Per reverse position nucleotide content - G position 120,Pass,0.5416463295587661,0.717029874382495,0.5333333333333333
Per reverse position nucleotide content - G position 121,Pass,0.5607428738773916,0.7222496297406876,0.5530864197530864
Per reverse position nucleotide content - G position 122,Pass,0.5131906481843029,0.6888993608433414,0.5135802469135803
Per reverse position nucleotide content - G position 123,Pass,0.5389740335806326,0.7137058553841779,0.5308641975308642
Per reverse position nucleotide content - G position 124,Pass,0.5189379148770012,0.6996831806797382,0.5135802469135803
Per reverse position nucleotide content - G position 125,Pass,0.5015740921515033,0.6889635589041777,0.5135802469135803
Per reverse position nucleotide content - G position 126,Pass,0.524416731745412,0.7077489215569596,0.5160493827160494
Per reverse position nucleotide content - G position 127,Pass,0.5377660093713393,0.7022940751630663,0.5308641975308642
Per reverse position nucleotide content - G position 128,Pass,0.5451117727450215,0.7060835576203152,0.5382716049382716
Per reverse position nucleotide content - G position 129,Pass,0.5052347715736041,0.5440464999686658,0.5135802469135803
Per reverse position nucleotide content - G position 130,Pass,0.5107868020304569,0.6880956043392592,0.5135802469135803
Per reverse position nucleotide content - G position 131,Pass,0.5156555056618508,0.5634954259339418,0.5234567901234568
Per reverse position nucleotide content - G position 132,Pass,0.5021598008590394,0.5339057957390924,0.5135802469135803
Per reverse position nucleotide content - G position 133,Pass,0.5015740921515033,0.6889635589041777,0.5135802469135803
Per reverse position nucleotide content - G position 134,Pass,0.5381686841077704,0.7060938893856016,0.5308641975308642
Per reverse position nucleotide content - G position 135,Pass,0.5415121046466225,0.7157642413987592,0.5333333333333333
Per reverse position nucleotide content - G position 136,Pass,0.5213417610308474,0.7004668797392993,0.5135802469135803
Per reverse position nucleotide content - G position 137,Pass,0.5159971690745803,0.6936503029777142,0.5135802469135803
Per reverse position nucleotide content - G position 138,Pass,0.501305642327216,0.6862764339991754,0.5135802469135803
Per reverse position nucleotide content - G position 139,Pass,0.5539340101522843,0.7235019113868522,0.5456790123456791
Per reverse position nucleotide content - G position 140,Pass,0.516131393986724,0.6949640135571353,0.5135802469135803
Per reverse position nucleotide content - G position 141,Pass,0.5253563061304178,0.7168420555462748,0.5160493827160494
Per reverse position nucleotide content - G position 142,Pass,0.5012324287387738,0.5464327363485018,0.5135802469135803
Per reverse position nucleotide content - G position 143,Pass,0.5337636665365092,0.7082958845313708,0.5259259259259259
Per reverse position nucleotide content - G position 144,Pass,0.5095909800859039,0.699251256099391,0.5135802469135803
Per reverse position nucleotide content - G position 145,Pass,0.5094567551737602,0.6979242290579009,0.5135802469135803
Per reverse position nucleotide content - G position 146,Pass,0.5106525771183131,0.686770880565048,0.5135802469135803
Per reverse position nucleotide content - G position 147,Pass,0.5464540218664584,0.7186109544400576,0.5382716049382716
Per reverse position nucleotide content - G position 148,Pass,0.5091883053494728,0.6952692955776594,0.5135802469135803
Per reverse position nucleotide content - G position 149,Pass,0.52107331120656,0.6978598734097888,0.5135802469135803
Per reverse position nucleotide content - G position 150,Pass,0.5097252049980476,0.7005779971363009,0.5135802469135803
Per reverse position nucleotide content - G position 151,Pass,0.5169367434595862,0.702843646902277,0.5135802469135803
Per reverse position nucleotide content - G position 152,Pass,0.5193405896134322,0.7036081584643344,0.5135802469135803
Per reverse position nucleotide content - G position 153,Pass,0.523477157360406,0.6986585954545173,0.5160493827160494
Per reverse position nucleotide content - G position 154,Pass,0.5012324287387738,0.5464327363485018,0.5135802469135803
Per reverse position nucleotide content - G position 155,Pass,0.5093225302616167,0.6965969106990516,0.5135802469135803
Per reverse position nucleotide content - G position 156,Pass,0.5087856306130418,0.6912846131120243,0.5135802469135803
Per reverse position nucleotide content - G position 157,Pass,0.5114579265911753,0.6947152193217385,0.5135802469135803
Per reverse position nucleotide content - G position 158,Pass,0.5294928738773916,0.711871037150945,0.5209876543209877
Per reverse position nucleotide content - G position 159,Pass,0.5216102108551346,0.7030738860688099,0.5135802469135803
Per reverse position nucleotide content - G position 160,Pass,0.5475156188988677,0.7069357810005479,0.5407407407407407
Per reverse position nucleotide content - G position 161,Pass,0.5281506247559546,0.6989835547110529,0.5209876543209877
Per reverse position nucleotide content - G position 162,Pass,0.530957145646232,0.7036515931150955,0.5234567901234568
Per reverse position nucleotide content - G position 163,Pass,0.5170709683717297,0.704156502154418,0.5135802469135803
Per reverse position nucleotide content - G position 164,Pass,0.5186694650527138,0.697066222616138,0.5135802469135803
Per reverse position nucleotide content - G position 165,Pass,0.5059058961343225,0.5505640157924423,0.5135802469135803
Per reverse position nucleotide content - G position 166,Pass,0.524416731745412,0.7077489215569596,0.5160493827160494
Per reverse position nucleotide content - G position 167,Pass,0.511592151503319,0.696038376574544,0.5135802469135803
Per reverse position nucleotide content - G position 168,Pass,0.5135933229207341,0.6928567009460929,0.5135802469135803
Per reverse position nucleotide content - G position 169,Pass,0.501305642327216,0.6862764339991754,0.5135802469135803
Per reverse position nucleotide content - G position 170,Pass,0.5283458609918001,0.5831103095062486,0.5358024691358024
Per reverse position nucleotide content - G position 171,Pass,0.5166682936352986,0.7002175878729988,0.5135802469135803
Per reverse position nucleotide content - G position 172,Pass,0.5298955486138227,0.7157407173570014,0.5209876543209877
Per reverse position nucleotide content - G position 173,Pass,0.5284190745802421,0.7015595427087293,0.5209876543209877
Per reverse position nucleotide content - G position 174,Pass,0.5110552518547442,0.6907442357103948,0.5135802469135803
Per reverse position nucleotide content - G position 175,Pass,0.5113237016790317,0.6933918132830081,0.5135802469135803
Per reverse position nucleotide content - G position 176,Pass,0.5097252049980476,0.7005779971363009,0.5135802469135803
Per reverse position nucleotide content - G position 177,Pass,0.5303470324092151,0.5842364300486129,0.5382716049382716
Per reverse position nucleotide content - G position 178,Pass,0.5093713393205779,0.5451047417206469,0.5185185185185185
Per reverse position nucleotide content - G position 179,Pass,0.52107331120656,0.6978598734097888,0.5135802469135803
Per reverse position nucleotide content - G position 180,Pass,0.5290901991409607,0.7080028738224691,0.5209876543209877
Per reverse position nucleotide content - G position 181,Pass,0.5213417610308474,0.7004668797392993,0.5135802469135803
Per reverse position nucleotide content - G position 182,Pass,0.5026356891839125,0.6763255795404696,0.5135802469135803
Per reverse position nucleotide content - G position 183,Pass,0.5304812573213589,0.5848477958933237,0.5382716049382716
Per reverse position nucleotide content - G position 184,Pass,0.5117263764154627,0.6973612896771876,0.5135802469135803
Per reverse position nucleotide content - G position 185,Pass,0.5158629441624365,0.6923364606897165,0.5135802469135803
Per reverse position nucleotide content - G position 186,Pass,0.5038437133932057,0.6883938083599674,0.5135802469135803
Per reverse position nucleotide content - G position 187,Pass,0.516534068723155,0.6989043797392993,0.5135802469135803
Per reverse position nucleotide content - G position 188,Pass,0.5334952167122218,0.7057386368723086,0.5259259259259259
Per reverse position nucleotide content - G position 189,Pass,0.5190721397891449,0.7009915667046777,0.5135802469135803
Per reverse position nucleotide content - G position 190,Pass,0.532885103475205,0.5881309696279339,0.5407407407407407
Per reverse position nucleotide content - G position 191,Pass,0.516131393986724,0.6949640135571353,0.5135802469135803
Per reverse position nucleotide content - G position 192,Pass,0.513117434595861,0.559387545204207,0.5209876543209877
Per reverse position nucleotide content - G position 193,Pass,0.542183229207341,0.7220969416684585,0.5333333333333333
Per reverse position nucleotide content - G position 194,Pass,0.5093225302616167,0.6965969106990516,0.5135802469135803
Per reverse position nucleotide content - G position 195,Pass,0.5087856306130418,0.6912846131120243,0.5135802469135803
Per reverse position nucleotide content - G position 196,Pass,0.5012324287387738,0.5464327363485018,0.5135802469135803
Per reverse position nucleotide content - G position 197,Pass,0.5053689964857477,0.5453500031334211,0.5135802469135803
Per reverse position nucleotide content - G position 198,Pass,0.5093835415853182,0.5634192255765039,0.5160493827160494
Per reverse position nucleotide content - G position 199,Pass,0.5365701874267865,0.7129175283574607,0.528395061728395
Per reverse position nucleotide content - G position 200,Pass,0.530957145646232,0.7036515931150955,0.5234567901234568
Per reverse position nucleotide content - G position 201,Pass,0.5206706364701288,0.693949363915523,0.5135802469135803
Per reverse position nucleotide content - G position 202,Pass,0.5365701874267865,0.7129175283574607,0.528395061728395
Per reverse position nucleotide content - G position 203,Pass,0.5146671222178836,0.7034012571399618,0.5135802469135803
Per reverse position nucleotide content - G position 204,Pass,0.5393767083170636,0.717517557158267,0.5308641975308642
Per reverse position nucleotide content - G position 205,Pass,0.5233429324482624,0.6973602287659338,0.5160493827160494
Per reverse position nucleotide content - G position 206,Pass,0.5232087075361187,0.6960619285689513,0.5160493827160494
Per reverse position nucleotide content - G position 207,Pass,0.5145328973057399,0.7020838112519139,0.5135802469135803
Per reverse position nucleotide content - G position 208,Pass,0.5010982038266303,0.5450084602368866,0.5135802469135803
Per reverse position nucleotide content - G position 209,Pass,0.5146671222178836,0.7034012571399618,0.5135802469135803
Per reverse position nucleotide content - G position 210,Pass,0.5039047247169074,0.5518429463393397,0.5135802469135803
Per reverse position nucleotide content - G position 211,Pass,0.5218786606794221,0.7056808923983204,0.5135802469135803
Per reverse position nucleotide content - G position 212,Pass,0.5072481452557595,0.563599047439995,0.5135802469135803
Per reverse position nucleotide content - G position 213,Pass,0.5316282702069505,0.7100708153161622,0.5234567901234568
Per reverse position nucleotide content - G position 214,Pass,0.5481867434595862,0.713163331725578,0.5407407407407407
Per reverse position nucleotide content - G position 215,Pass,0.5314940452948067,0.7087864824604323,0.5234567901234568
Per reverse position nucleotide content - G position 216,Pass,0.5172051932838735,0.7054692440479243,0.5135802469135803
Per reverse position nucleotide content - G position 217,Pass,0.5196090394377196,0.7062245171436229,0.5135802469135803
Per reverse position nucleotide content - G position 218,Pass,0.5452459976571651,0.7073333112150669,0.5382716049382716
Per reverse position nucleotide content - G position 219,Pass,0.5030993752440454,0.5436414581054052,0.5135802469135803
Per reverse position nucleotide content - G position 220,Pass,0.5340321163607966,0.7108543646033234,0.5259259259259259
Per reverse position nucleotide content - G position 221,Pass,0.5184010152284264,0.694449008559378,0.5135802469135803
Per reverse position nucleotide content - G position 222,Pass,0.5158629441624365,0.6923364606897165,0.5135802469135803
Per reverse position nucleotide content - G position 223,Pass,0.5175956657555643,0.6865957276904088,0.5135802469135803
Per reverse position nucleotide content - G position 224,Pass,0.5159239554861382,0.5655856363978191,0.5234567901234568
Per reverse position nucleotide content - G position 225,Pass,0.5334952167122218,0.7057386368723086,0.5259259259259259
Per reverse position nucleotide content - G position 226,Pass,0.5465882467786021,0.7198671198785387,0.5382716049382716
Per reverse position nucleotide content - G position 227,Pass,0.5209390862944162,0.6965563702450335,0.5135802469135803
Per reverse position nucleotide content - G position 228,Pass,0.521475985942991,0.7017703829040547,0.5135802469135803
Per reverse position nucleotide content - G position 229,Pass,0.5261494533385397,0.702049158220312,0.5185185185185185
Per reverse position nucleotide content - G position 230,Pass,0.5162656188988677,0.6962775949287761,0.5135802469135803
Per reverse position nucleotide content - G position 231,Pass,0.5086514057008981,0.6899557536918808,0.5135802469135803
Per reverse position nucleotide content - G position 232,Pass,0.5391082584927763,0.7149760172772016,0.5308641975308642
Per reverse position nucleotide content - G position 233,Pass,0.5056374463100352,0.5479570094629317,0.5135802469135803
Per reverse position nucleotide content - G position 234,Pass,0.5310913705583756,0.70493493986608,0.5234567901234568
Per reverse position nucleotide content - G position 235,Pass,0.5604744240531042,0.7198049083835886,0.5530864197530864
Per reverse position nucleotide content - G position 236,Pass,0.5257467786021085,0.6981692734708399,0.5185185185185185
Per reverse position nucleotide content - G position 237,Pass,0.545380222569309,0.7085837628561826,0.5382716049382716
Per reverse position nucleotide content - G position 238,Pass,0.501305642327216,0.6862764339991754,0.5135802469135803
Per reverse position nucleotide content - G position 239,Pass,0.5391082584927763,0.7149760172772016,0.5308641975308642
Per reverse position nucleotide content - G position 240,Pass,0.563012495119094,0.7218661734882145,0.5555555555555556
Per reverse position nucleotide content - G position 241,Pass,0.5045636470128857,0.5375289841448894,0.5135802469135803
Per reverse position nucleotide content - G position 242,Pass,0.5433790511518938,0.7115202463764223,0.5358024691358024
Per reverse position nucleotide content - G position 243,Pass,0.5365701874267865,0.7129175283574607,0.528395061728395
Per reverse position nucleotide content - G position 244,Pass,0.5033678250683327,0.5463869494092961,0.5135802469135803
Per reverse position nucleotide content - G position 245,Pass,0.5254783287778211,0.6955833508436275,0.5185185185185185
Per reverse position nucleotide content - G position 246,Pass,0.5091883053494728,0.6952692955776594,0.5135802469135803
Per reverse position nucleotide content - G position 247,Pass,0.5316282702069505,0.7100708153161622,0.5234567901234568
Per reverse position nucleotide content - G position 248,Pass,0.5069186841077704,0.6958372501096697,0.5135802469135803
Per reverse position nucleotide content - G position 249,Pass,0.5133248730964467,0.6902186762847482,0.5135802469135803
Per reverse position nucleotide content - G position 250,Pass,0.5080412924638813,0.5509690576557027,0.5160493827160494
Per reverse position nucleotide content - G position 251,Pass,0.5205974228816869,0.570612882587069,0.528395061728395
Per reverse position nucleotide content - G position 252,Pass,0.5388398086684889,0.7124361089587143,0.5308641975308642
Per reverse position nucleotide content - G position 253,Pass,0.506577020695041,0.5570815316162187,0.5135802469135803
Per reverse position nucleotide content - G position 254,Pass,0.5067844591956268,0.6945049914813763,0.5135802469135803
Per reverse position nucleotide content - G position 255,Pass,0.5256125536899648,0.6968762437036549,0.5185185185185185
Per reverse position nucleotide content - G position 256,Pass,0.5049175126903553,0.6990903801701212,0.5135802469135803
Per reverse position nucleotide content - G position 257,Pass,0.5314940452948067,0.7087864824604323,0.5234567901234568
Per reverse position nucleotide content - G position 258,Pass,0.5084439672003123,0.5546765077212423,0.5160493827160494
Per reverse position nucleotide content - G position 259,Pass,0.5055032213978915,0.5466535062981763,0.5135802469135803
Per reverse position nucleotide content - G position 260,Pass,0.5608770987895353,0.7234735214095429,0.5530864197530864
Per reverse position nucleotide content - G position 261,Pass,0.5093225302616167,0.6965969106990516,0.5135802469135803
Per reverse position nucleotide content - G position 262,Pass,0.5166682936352986,0.7002175878729988,0.5135802469135803
Per reverse position nucleotide content - G position 263,Pass,0.521475985942991,0.7017703829040547,0.5135802469135803
Per reverse position nucleotide content - G position 264,Pass,0.5008297540023429,0.5421430559745596,0.5135802469135803
Per reverse position nucleotide content - G position 265,Pass,0.5063817844591956,0.6905060316372403,0.5135802469135803
Per reverse position nucleotide content - G position 266,Pass,0.5680886372510738,0.7259742701367067,0.5604938271604938
Per reverse position nucleotide content - G position 267,Pass,0.5408409800859039,0.7094433128204023,0.5333333333333333
Per reverse position nucleotide content - G position 268,Pass,0.5254783287778211,0.6955833508436275,0.5185185185185185
Per reverse position nucleotide content - G position 269,Pass,0.5357648379539242,0.7052745720469916,0.528395061728395
Per reverse position nucleotide content - G position 270,Pass,0.5186694650527138,0.697066222616138,0.5135802469135803
Per reverse position nucleotide content - G position 271,Pass,0.5316282702069505,0.7100708153161622,0.5234567901234568
Per reverse position nucleotide content - G position 272,Pass,0.5266863529871144,0.7072241022748638,0.5185185185185185
Per reverse position nucleotide content - G position 273,Pass,0.5129832096837174,0.5582966572060002,0.5209876543209877
Per reverse position nucleotide content - G position 274,Pass,0.5063085708707536,0.554474525286708,0.5135802469135803
Per reverse position nucleotide content - G position 275,Pass,0.5081145060523233,0.6846369906007641,0.5135802469135803
Per reverse position nucleotide content - G position 276,Pass,0.5528602108551347,0.7135916854215607,0.5456790123456791
Per reverse position nucleotide content - G position 277,Pass,0.5443186255368997,0.7203408171619281,0.5358024691358024
Per reverse position nucleotide content - G position 278,Pass,0.5163998438110113,0.6975910495305189,0.5135802469135803
Per reverse position nucleotide content - G position 279,Pass,0.5408409800859039,0.7094433128204023,0.5333333333333333
Per reverse position nucleotide content - G position 280,Pass,0.5017693283873487,0.5520815316162186,0.5135802469135803
Per reverse position nucleotide content - G position 281,Pass,0.5142644474814526,0.6994484014799061,0.5135802469135803
Per reverse position nucleotide content - G position 282,Pass,0.5053201874267864,0.7030950203895521,0.5135802469135803
Per reverse position nucleotide content - G position 283,Pass,0.5155944943381492,0.6897083706579078,0.5135802469135803
Per reverse position nucleotide content - G position 284,Pass,0.5340321163607966,0.7108543646033234,0.5259259259259259
Per reverse position nucleotide content - G position 285,Pass,0.5232087075361187,0.6960619285689513,0.5160493827160494
Per reverse position nucleotide content - G position 286,Pass,0.5127879734478719,0.6849401537395872,0.5135802469135803
Per reverse position nucleotide content - G position 287,Pass,0.5044416243654822,0.5572613534797097,0.5135802469135803
Per reverse position nucleotide content - G position 288,Pass,0.536301737602499,0.7103683923983205,0.528395061728395
Per reverse position nucleotide content - G position 289,Pass,0.5061133346349083,0.6878381684430753,0.5135802469135803
Per reverse position nucleotide content - G position 290,Pass,0.5009029675907849,0.6822418447629952,0.5135802469135803
Per reverse position nucleotide content - G position 291,Pass,0.5162656188988677,0.6962775949287761,0.5135802469135803
Per reverse position nucleotide content - G position 292,Pass,0.5485894181960171,0.7169085883830035,0.5407407407407407
Per reverse position nucleotide content - G position 293,Pass,0.5087856306130418,0.6912846131120243,0.5135802469135803
Per reverse position nucleotide content - G position 294,Pass,0.5043806130417805,0.6937454199181973,0.5135802469135803
Per reverse position nucleotide content - G position 295,Pass,0.5356306130417805,0.7040020862519634,0.528395061728395
Per reverse position nucleotide content - G position 296,Pass,0.5060401210464662,0.5518675189571975,0.5135802469135803
Per reverse position nucleotide content - G position 297,Pass,0.5112504880905896,0.5610971773876334,0.5185185185185185
Per reverse position nucleotide content - G position 298,Pass,0.5055886372510738,0.7057629402479575,0.5135802469135803
Per reverse position nucleotide content - G position 299,Pass,0.5172051932838735,0.7054692440479243,0.5135802469135803
Per reverse position nucleotide content - G position 300,Pass,0.523001269035533,0.5737592574160704,0.5308641975308642
Per reverse position nucleotide content - G position 301,Pass,0.5328240921515033,0.6993512277360159,0.5259259259259259
Per reverse position nucleotide content - G position 302,Pass,0.526417903162827,0.70463638606881,0.5185185185185185
Per reverse position nucleotide content - G position 303,Pass,0.5076386177274502,0.547293253215419,0.5160493827160494
Per reverse position nucleotide content - G position 304,Pass,0.5023794416243654,0.6970132800082038,0.5135802469135803
Per reverse position nucleotide content - G position 305,Pass,0.5166682936352986,0.7002175878729988,0.5135802469135803
Per reverse position nucleotide content - G position 306,Pass,0.5270890277235456,0.7111065534077378,0.5185185185185185
Per reverse position nucleotide content - G position 307,Pass,0.5074555837563451,0.7011628201091639,0.5135802469135803
Per reverse position nucleotide content - G position 308,Pass,0.5489920929324482,0.7206599466836354,0.5407407407407407
Per reverse position nucleotide content - G position 309,Pass,0.5338978914486529,0.7095749733952051,0.5259259259259259
Per reverse position nucleotide content - G position 310,Pass,0.5361675126903553,0.7090943703656407,0.528395061728395
Per reverse position nucleotide content - G position 311,Pass,0.5010371925029286,0.6835872415180313,0.5135802469135803
Per reverse position nucleotide content - G position 312,Pass,0.5281506247559546,0.6989835547110529,0.5209876543209877
Per reverse position nucleotide content - G position 313,Pass,0.5137275478328778,0.6941754178640812,0.5135802469135803
Per reverse position nucleotide content - G position 314,Pass,0.5114579265911753,0.6947152193217385,0.5135802469135803
Per reverse position nucleotide content - G position 315,Pass,0.5005613041780554,0.5392524421578113,0.5135802469135803
Per reverse position nucleotide content - G position 316,Pass,0.5431106013276064,0.7090051095921575,0.5358024691358024
Per reverse position nucleotide content - G position 317,Pass,0.5228060327996876,0.6921674400942631,0.5160493827160494
Per reverse position nucleotide content - G position 318,Pass,0.5360332877782116,0.7078207215118479,0.528395061728395
Per reverse position nucleotide content - G position 319,Pass,0.5109210269426006,0.6894200542991549,0.5135802469135803
Per reverse position nucleotide content - G position 320,Pass,0.528016399843811,0.6976958638229492,0.5209876543209877
Per reverse position nucleotide content - G position 321,Pass,0.5029651503319016,0.5422635833803346,0.5135802469135803
Per reverse position nucleotide content - G position 322,Pass,0.508248730964467,0.6859671931834721,0.5135802469135803
Per reverse position nucleotide content - G position 323,Pass,0.5002440452948067,0.6989644744878728,0.5135802469135803
Per reverse position nucleotide content - G position 324,Pass,0.5536655603279969,0.7210195156492419,0.5456790123456791
Per reverse position nucleotide content - G position 325,Pass,0.5304812573213589,0.5848477958933237,0.5382716049382716
Per reverse position nucleotide content - G position 326,Pass,0.5097252049980476,0.7005779971363009,0.5135802469135803
Per reverse position nucleotide content - G position 327,Pass,0.5101156774697384,0.6814691370642494,0.5135802469135803
Per reverse position nucleotide content - G position 328,Pass,0.5278821749316673,0.6964083803089656,0.5209876543209877
Per reverse position nucleotide content - G position 329,Pass,0.5531286606794221,0.7160642789797901,0.5456790123456791
Per reverse position nucleotide content - G position 330,Pass,0.5316282702069505,0.7100708153161622,0.5234567901234568
Per reverse position nucleotide content - G position 331,Pass,0.5433790511518938,0.7115202463764223,0.5358024691358024
Per reverse position nucleotide content - G position 332,Pass,0.5081755173760251,0.5522016890982752,0.5160493827160494
Per reverse position nucleotide content - G position 333,Pass,0.5159971690745803,0.6936503029777142,0.5135802469135803
Per reverse position nucleotide content - G position 334,Pass,0.547784068723155,0.7094245344624264,0.5407407407407407
Per reverse position nucleotide content - G position 335,Pass,0.542842151503319,0.7064923668025571,0.5358024691358024
Per reverse position nucleotide content - G position 336,Pass,0.5316282702069505,0.7100708153161622,0.5234567901234568
Per reverse position nucleotide content - G position 337,Pass,0.5465882467786021,0.7198671198785387,0.5382716049382716
Per reverse position nucleotide content - G position 338,Pass,0.5284190745802421,0.7015595427087293,0.5209876543209877
Per reverse position nucleotide content - G position 339,Pass,0.523074482623975,0.69476369616308,0.5160493827160494
Per reverse position nucleotide content - G position 340,Pass,0.5403040804373291,0.7043958211222071,0.5333333333333333
Per reverse position nucleotide content - G position 341,Pass,0.5159971690745803,0.6936503029777142,0.5135802469135803
Per reverse position nucleotide content - G position 342,Pass,0.5413778797344788,0.7144990788520547,0.5333333333333333
Per reverse position nucleotide content - G position 343,Pass,0.5188036899648575,0.6983747330414211,0.5135802469135803
Per reverse position nucleotide content - G position 344,Pass,0.5017083170636469,0.6903063702450336,0.5135802469135803
Per reverse position nucleotide content - G position 345,Pass,0.5553982819211245,0.7156677118142103,0.5481481481481482
Per reverse position nucleotide content - G position 346,Pass,0.5312255954705193,0.7062185401568603,0.5234567901234568
Per reverse position nucleotide content - G position 347,Pass,0.5127269621241702,0.5744269080913577,0.5185185185185185
Per reverse position nucleotide content - G position 348,Pass,0.511189476766888,0.692068153704482,0.5135802469135803
Per reverse position nucleotide content - G position 349,Pass,0.5066502342834831,0.6931723734097888,0.5135802469135803
Per reverse position nucleotide content - G position 350,Pass,0.5056374463100352,0.5479570094629317,0.5135802469135803
Per reverse position nucleotide content - G position 351,Pass,0.5086514057008981,0.6899557536918808,0.5135802469135803
Per reverse position nucleotide content - G position 352,Pass,0.5236113822725498,0.6999570273681949,0.5160493827160494
Per reverse position nucleotide content - G position 353,Pass,0.5205364115579851,0.6926458607507677,0.5135802469135803
Per reverse position nucleotide content - G position 354,Pass,0.5067844591956268,0.6945049914813763,0.5135802469135803
Per reverse position nucleotide content - G position 355,Pass,0.5021109918000781,0.694331910414146,0.5135802469135803
Per reverse position nucleotide content - G position 356,Pass,0.5433790511518938,0.7115202463764223,0.5358024691358024
Per reverse position nucleotide content - G position 357,Pass,0.5240140570089808,0.7038527022681869,0.5160493827160494
Per reverse position nucleotide content - G position 358,Pass,0.5110552518547442,0.6907442357103948,0.5135802469135803
Per reverse position nucleotide content - G position 359,Pass,0.5130564232721593,0.6875798380278145,0.5135802469135803
Per reverse position nucleotide content - G position 360,Pass,0.5379612456071847,0.5957413566200543,0.5456790123456791
Per reverse position nucleotide content - G position 361,Pass,0.5475766302225693,0.6095898540580823,0.5555555555555556
Per reverse position nucleotide content - G position 362,Pass,0.5483209683717297,0.7144110511284792,0.5407407407407407
Per reverse position nucleotide content - G position 363,Pass,0.5178641155798516,0.6892137719130063,0.5135802469135803
Per reverse position nucleotide content - G position 364,Pass,0.528016399843811,0.6976958638229492,0.5209876543209877
Per reverse position nucleotide content - G position 365,Pass,0.5030993752440454,0.5436414581054052,0.5135802469135803
Per reverse position nucleotide content - G position 366,Pass,0.5173394181960171,0.7067818746314455,0.5135802469135803
Per reverse position nucleotide content - G position 367,Pass,0.5166682936352986,0.7002175878729988,0.5135802469135803
Per reverse position nucleotide content - G position 368,Pass,0.5090540804373291,0.6939413781119831,0.5135802469135803
Per reverse position nucleotide content - G position 369,Pass,0.5076386177274502,0.547293253215419,0.5160493827160494
Per reverse position nucleotide content - G position 370,Pass,0.5139959976571651,0.6968122793958607,0.5135802469135803
Per reverse position nucleotide content - G position 371,Pass,0.5035020499804763,0.5477550270283972,0.5135802469135803
Per reverse position nucleotide content - G position 372,Pass,0.5580705778992581,0.7189652262340024,0.5506172839506173
Per reverse position nucleotide content - G position 373,Pass,0.5424516790316283,0.7246330838091869,0.5333333333333333
Per reverse position nucleotide content - G position 374,Pass,0.5113847130027332,0.5622898649495519,0.5185185185185185
Per reverse position nucleotide content - G position 375,Pass,0.5374975595470519,0.6997633174038951,0.5308641975308642
Per reverse position nucleotide content - G position 376,Pass,0.5333609918000781,0.7044604899629416,0.5259259259259259
Per reverse position nucleotide content - G position 377,Pass,0.5404383053494728,0.7056568830680506,0.5333333333333333
Per reverse position nucleotide content - G position 378,Pass,0.5576679031628271,0.715288869782165,0.5506172839506173
Per reverse position nucleotide content - G position 379,Pass,0.5099082389691526,0.5494997535606672,0.5185185185185185
Per reverse position nucleotide content - G position 380,Pass,0.5551298320968372,0.7132082914007867,0.5481481481481482
Per reverse position nucleotide content - G position 381,Pass,0.514130222569309,0.6981304311411685,0.5135802469135803
Per reverse position nucleotide content - G position 382,Pass,0.5142644474814526,0.6994484014799061,0.5135802469135803
Per reverse position nucleotide content - G position 383,Pass,0.5192063647012886,0.7022998922607604,0.5135802469135803
Per reverse position nucleotide content - G position 384,Pass,0.5061743459586099,0.5531710221219528,0.5135802469135803
Per reverse position nucleotide content - G position 385,Pass,0.5238798320968372,0.7025540819636158,0.5160493827160494
Per reverse position nucleotide content - G position 386,Pass,0.5142644474814526,0.6994484014799061,0.5135802469135803
Per reverse position nucleotide content - G position 387,Pass,0.521475985942991,0.7017703829040547,0.5135802469135803
Per reverse position nucleotide content - G position 388,Pass,0.5284190745802421,0.7015595427087293,0.5209876543209877
Per reverse position nucleotide content - G position 389,Pass,0.5039047247169074,0.5518429463393397,0.5135802469135803
Per reverse position nucleotide content - G position 390,Pass,0.5113237016790317,0.6933918132830081,0.5135802469135803
Per reverse position nucleotide content - G position 391,Pass,0.529358648965248,0.7105814767094824,0.5209876543209877
Per reverse position nucleotide content - G position 392,Pass,0.5204021866458415,0.6913423575860124,0.5135802469135803
Per reverse position nucleotide content - G position 393,Pass,0.5440501757126123,0.7178179819804185,0.5358024691358024
Per reverse position nucleotide content - G position 394,Pass,0.5289559742288169,0.706713837831696,0.5209876543209877
Per reverse position nucleotide content - G position 395,Pass,0.519474814525576,0.7049163664044367,0.5135802469135803
Per reverse position nucleotide content - G position 396,Pass,0.5192063647012886,0.7022998922607604,0.5135802469135803
Per reverse position nucleotide content - G position 397,Pass,0.5000976181179226,0.6741575755112134,0.5135802469135803
Per reverse position nucleotide content - G position 398,Pass,0.5484551932838735,0.715659474427429,0.5407407407407407
Per reverse position nucleotide content - G position 399,Pass,0.5206706364701288,0.693949363915523,0.5135802469135803
Per reverse position nucleotide content - G position 400,Pass,0.5361675126903553,0.7090943703656407,0.528395061728395
Per reverse position nucleotide content - G position 401,Pass,0.5416463295587661,0.717029874382495,0.5333333333333333
Per reverse position nucleotide content - G position 402,Pass,0.5058448848106208,0.6851687245511272,0.5135802469135803
Per reverse position nucleotide content - G position 403,Pass,0.5104451386177274,0.5540545704385414,0.5185185185185185
Per reverse position nucleotide content - G position 404,Pass,0.518059351815697,0.5665734013101387,0.5259259259259259
Per reverse position nucleotide content - G position 405,Pass,0.5015008785630612,0.5492661919533747,0.5135802469135803
Per reverse position nucleotide content - G position 406,Pass,0.5009029675907849,0.6822418447629952,0.5135802469135803
Per reverse position nucleotide content - G position 407,Pass,0.5387055837563451,0.7111667858152485,0.5308641975308642
Per reverse position nucleotide content - G position 408,Pass,0.5113237016790317,0.6933918132830081,0.5135802469135803
Per reverse position nucleotide content - G position 409,Pass,0.5086514057008981,0.6899557536918808,0.5135802469135803
Per reverse position nucleotide content - G position 410,Pass,0.5305544709098008,0.6998031234917867,0.5234567901234568
Per reverse position nucleotide content - G position 411,Pass,0.5043806130417805,0.6937454199181973,0.5135802469135803
Per reverse position nucleotide content - G position 412,Pass,0.5015740921515033,0.6889635589041777,0.5135802469135803
Per reverse position nucleotide content - G position 413,Pass,0.5072359429910192,0.5436571172349633,0.5160493827160494
Per reverse position nucleotide content - G position 414,Pass,0.5135201093322921,0.5627162835284663,0.5209876543209877
Per reverse position nucleotide content - G position 415,Pass,0.5188036899648575,0.6983747330414211,0.5135802469135803
Per reverse position nucleotide content - G position 416,Pass,0.5364359625146428,0.7116427806562434,0.528395061728395
Per reverse position nucleotide content - G position 417,Pass,0.5108478133541585,0.5575493371390156,0.5185185185185185
Per reverse position nucleotide content - G position 418,Pass,0.5025624755954705,0.5381061603058219,0.5135802469135803
Per reverse position nucleotide content - G position 419,Pass,0.5611455486138227,0.7259242716352994,0.5530864197530864
Per reverse position nucleotide content - G position 420,Pass,0.5069186841077704,0.6958372501096697,0.5135802469135803
Per reverse position nucleotide content - G position 421,Pass,0.5175956657555643,0.6865957276904088,0.5135802469135803
Per reverse position nucleotide content - G position 422,Pass,0.5241482819211245,0.7051513830416147,0.5160493827160494
Per reverse position nucleotide content - G position 423,Pass,0.5189379148770012,0.6996831806797382,0.5135802469135803
Per reverse position nucleotide content - G position 424,Pass,0.5257467786021085,0.6981692734708399,0.5185185185185185
Per reverse position nucleotide content - G position 425,Pass,0.509993654822335,0.703230641809322,0.5135802469135803
Per reverse position nucleotide content - G position 426,Pass,0.5367044123389302,0.7141926288864514,0.528395061728395
Per reverse position nucleotide content - G position 427,Pass,0.5356306130417805,0.7040020862519634,0.528395061728395
Per reverse position nucleotide content - G position 428,Pass,0.511189476766888,0.692068153704482,0.5135802469135803
Per reverse position nucleotide content - G position 429,Pass,0.5201947481452558,0.5680105126276869,0.528395061728395
Per reverse position nucleotide content - G position 430,Pass,0.5184010152284264,0.694449008559378,0.5135802469135803
Per reverse position nucleotide content - G position 431,Pass,0.5017083170636469,0.6903063702450336,0.5135802469135803
Per reverse position nucleotide content - G position 432,Pass,0.511592151503319,0.696038376574544,0.5135802469135803
Per reverse position nucleotide content - G position 433,Pass,0.5365701874267865,0.7129175283574607,0.528395061728395
Per reverse position nucleotide content - G position 434,Pass,0.5042463881296368,0.6924081600141501,0.5135802469135803
Per reverse position nucleotide content - G position 435,Pass,0.5019767668879344,0.6929905370683712,0.5135802469135803
Per reverse position nucleotide content - G position 436,Pass,0.5537997852401406,0.7222603277267409,0.5456790123456791
Per reverse position nucleotide content - G position 437,Pass,0.5103109137055838,0.5529035062981763,0.5185185185185185
Per reverse position nucleotide content - G position 438,Pass,0.5135933229207341,0.6928567009460929,0.5135802469135803
Per reverse position nucleotide content - G position 439,Pass,0.5004270792659118,0.5377964999686657,0.5135802469135803
Per reverse position nucleotide content - G position 440,Pass,0.5069186841077704,0.6958372501096697,0.5135802469135803
Per reverse position nucleotide content - G position 441,Pass,0.5086514057008981,0.6899557536918808,0.5135802469135803
Per reverse position nucleotide content - G position 442,Pass,0.5011714174150723,0.6849321011757561,0.5135802469135803
Per reverse position nucleotide content - G position 443,Pass,0.5046490628660679,0.6964187009468681,0.5135802469135803
Per reverse position nucleotide content - G position 444,Pass,0.5374975595470519,0.6997633174038951,0.5308641975308642
Per reverse position nucleotide content - G position 445,Pass,0.5236113822725498,0.6999570273681949,0.5160493827160494
Per reverse position nucleotide content - G position 446,Pass,0.5209390862944162,0.6965563702450335,0.5135802469135803
Per reverse position nucleotide content - G position 447,Pass,0.511592151503319,0.696038376574544,0.5135802469135803
Per reverse position nucleotide content - G position 448,Pass,0.5204021866458415,0.6913423575860124,0.5135802469135803
Per reverse position nucleotide content - G position 449,Pass,0.5155212807497072,0.562468777697204,0.5234567901234568
Per reverse position nucleotide content - G position 450,Pass,0.5216102108551346,0.7030738860688099,0.5135802469135803
Per reverse position nucleotide content - G position 451,Pass,0.5515301639984381,0.7227043653745823,0.5432098765432098
Per reverse position nucleotide content - G position 452,Pass,0.5182667903162826,0.6931403024268499,0.5135802469135803
Per reverse position nucleotide content - G position 453,Pass,0.516131393986724,0.6949640135571353,0.5135802469135803
Per reverse position nucleotide content - G position 454,Pass,0.5431106013276064,0.7090051095921575,0.5358024691358024
Per reverse position nucleotide content - G position 455,Pass,0.5051859625146428,0.7017605149660608,0.5135802469135803
Per reverse position nucleotide content - G position 456,Pass,0.5158629441624365,0.6923364606897165,0.5135802469135803
Per reverse position nucleotide content - G position 457,Pass,0.5282848496680984,0.7002714489724897,0.5209876543209877
Per reverse position nucleotide content - G position 458,Pass,0.5088466419367434,0.5584096073988317,0.5160493827160494
Per reverse position nucleotide content - G position 459,Pass,0.5041121632174932,0.6910704768281056,0.5135802469135803
Per reverse position nucleotide content - G position 460,Pass,0.5030383639203436,0.6803527673692356,0.5135802469135803
Per reverse position nucleotide content - G position 461,Pass,0.5334952167122218,0.7057386368723086,0.5259259259259259
Per reverse position nucleotide content - G position 462,Pass,0.516534068723155,0.6989043797392993,0.5135802469135803
Per reverse position nucleotide content - G position 463,Pass,0.5193405896134322,0.7036081584643344,0.5135802469135803
Per reverse position nucleotide content - G position 464,Pass,0.5135933229207341,0.6928567009460929,0.5135802469135803
Per reverse position nucleotide content - G position 465,Pass,0.5067844591956268,0.6945049914813763,0.5135802469135803
Per reverse position nucleotide content - G position 466,Pass,0.5217444357672785,0.7043773892335652,0.5135802469135803
Per reverse position nucleotide content - G position 467,Pass,0.5058448848106208,0.6851687245511272,0.5135802469135803
Per reverse position nucleotide content - G position 468,Pass,0.5154602694260054,0.6883941175791518,0.5135802469135803
Per reverse position nucleotide content - G position 469,Pass,0.5134590980085904,0.691537788352822,0.5135802469135803
Per reverse position nucleotide content - G position 470,Pass,0.5256125536899648,0.6968762437036549,0.5185185185185185
Per reverse position nucleotide content - G position 471,Pass,0.5308229207340882,0.7023685047796723,0.5234567901234568
Per reverse position nucleotide content - G position 472,Pass,0.5289559742288169,0.706713837831696,0.5209876543209877
Per reverse position nucleotide content - G position 473,Pass,0.5103109137055838,0.5529035062981763,0.5185185185185185
Per reverse position nucleotide content - G position 474,Pass,0.5063817844591956,0.6905060316372403,0.5135802469135803
Per reverse position nucleotide content - G position 475,Pass,0.5332267668879344,0.7031826691790457,0.5259259259259259
Per reverse position nucleotide content - G position 476,Pass,0.5117263764154627,0.6973612896771876,0.5135802469135803
Per reverse position nucleotide content - G position 477,Pass,0.5354963881296368,0.7027300032799187,0.528395061728395
Per reverse position nucleotide content - G position 478,Pass,0.5030383639203436,0.6803527673692356,0.5135802469135803
Per reverse position nucleotide content - G position 479,Pass,0.5131906481843029,0.6888993608433414,0.5135802469135803
Per reverse position nucleotide content - G position 480,Pass,0.5066502342834831,0.6931723734097888,0.5135802469135803
Per reverse position nucleotide content - G position 481,Pass,0.5159971690745803,0.6936503029777142,0.5135802469135803
Per reverse position nucleotide content - G position 482,Pass,0.5209390862944162,0.6965563702450335,0.5135802469135803
Per reverse position nucleotide content - G position 483,Pass,0.5260152284263959,0.7007557332624422,0.5185185185185185
Per reverse position nucleotide content - G position 484,Pass,0.5330925419757907,0.7019051808531545,0.5259259259259259
Per reverse position nucleotide content - G position 485,Pass,0.5706267083170636,0.7280211930322235,0.562962962962963
Per reverse position nucleotide content - G position 486,Pass,0.5112504880905896,0.5610971773876334,0.5185185185185185
Per reverse position nucleotide content - G position 487,Pass,0.5531286606794221,0.7160642789797901,0.5456790123456791
Per reverse position nucleotide content - G position 488,Pass,0.5332267668879344,0.7031826691790457,0.5259259259259259
Per reverse position nucleotide content - G position 489,Pass,0.5413778797344788,0.7144990788520547,0.5333333333333333
Per reverse position nucleotide content - G position 490,Pass,0.5135933229207341,0.6928567009460929,0.5135802469135803
Per reverse position nucleotide content - G position 491,Pass,0.5026967005076142,0.5394962435571573,0.5135802469135803
Per reverse position nucleotide content - G position 492,Pass,0.5524575361187036,0.7098894491818047,0.5456790123456791
Per reverse position nucleotide content - G position 493,Pass,0.5409752049980476,0.7107065031576159,0.5333333333333333
Per reverse position nucleotide content - G position 494,Pass,0.5000244045294807,0.5333792337176432,0.5135802469135803
Per reverse position nucleotide content - G position 495,Pass,0.5100424638812964,0.5506254473370868,0.5185185185185185
Per reverse position nucleotide content - G position 496,Pass,0.5196090394377196,0.7062245171436229,0.5135802469135803
Per reverse position nucleotide content - G position 497,Pass,0.5213417610308474,0.7004668797392993,0.5135802469135803
Per reverse position nucleotide content - G position 498,Pass,0.5139959976571651,0.6968122793958607,0.5135802469135803
Per reverse position nucleotide content - G position 499,Pass,0.5093225302616167,0.6965969106990516,0.5135802469135803
Per reverse position nucleotide content - G position 500,Pass,0.5073213588442015,0.6998319346881107,0.5135802469135803
Per reverse position nucleotide content - G,Pass,0.5706267083170636,0.7280211930322235,0.562962962962963
Per reverse position nucleotide content - T position 1,Pass,0.5005735064427957,0.5625105390906128,0.5135802469135803
Per reverse position nucleotide content - T position 2,Pass,0.5160703826630222,0.5850550389054305,0.5209876543209877
Per reverse position nucleotide content - T position 3,Pass,0.5108600156188988,0.5773305759227926,0.5160493827160494
Per reverse position nucleotide content - T position 4,Pass,0.5097862163217494,0.5671961285864016,0.5160493827160494
Per reverse position nucleotide content - T position 5,Pass,0.5069064818430301,0.6726484220768402,0.5135802469135803
Per reverse position nucleotide content - T position 6,Pass,0.54251269035533,0.6089021023662109,0.5481481481481482
Per reverse position nucleotide content - T position 7,Pass,0.5024404529480672,0.5590535928945405,0.5135802469135803
Per reverse position nucleotide content - T position 8,Pass,0.5294196602889496,0.5898410974821936,0.5358024691358024
Per reverse position nucleotide content - T position 9,Pass,0.5109942405310426,0.5786025830245557,0.5160493827160494
Per reverse position nucleotide content - T position 10,Pass,0.5151308082780164,0.5766383023942061,0.5209876543209877
Per reverse position nucleotide content - T position 11,Pass,0.5214637836782506,0.679190718164608,0.5160493827160494
Per reverse position nucleotide content - T position 12,Pass,0.527686938695822,0.5922797284651654,0.5333333333333333
Per reverse position nucleotide content - T position 13,Pass,0.5301517961733697,0.6959571190289133,0.5234567901234568
Per reverse position nucleotide content - T position 14,Pass,0.5265399258102303,0.6835459112153386,0.5209876543209877
Per reverse position nucleotide content - T position 15,Pass,0.5259542171026942,0.5954139832194372,0.5308641975308642
Per reverse position nucleotide content - T position 16,Pass,0.5210122998828582,0.5902345110624339,0.5259259259259259
Per reverse position nucleotide content - T position 17,Pass,0.5620119094103866,0.6300937057816567,0.5679012345679012
Per reverse position nucleotide content - T position 18,Pass,0.532628855915658,0.5978205197655139,0.5382716049382716
Per reverse position nucleotide content - T position 19,Pass,0.5189989262007029,0.573618303736747,0.5259259259259259
Per reverse position nucleotide content - T position 20,Pass,0.5133980866848887,0.5806023330558018,0.5185185185185185
Per reverse position nucleotide content - T position 21,Pass,0.5258199921905505,0.5943241161408688,0.5308641975308642
Per reverse position nucleotide content - T position 22,Pass,0.5071139203436158,0.5622955442752398,0.5135802469135803
Per reverse position nucleotide content - T position 23,Pass,0.5250146427176884,0.5879409608976298,0.5308641975308642
Per reverse position nucleotide content - T position 24,Pass,0.501561889886763,0.6655620521075657,0.5135802469135803
Per reverse position nucleotide content - T position 25,Pass,0.5023672393596252,0.6736381328574811,0.5135802469135803
Per reverse position nucleotide content - T position 26,Pass,0.5167293049590004,0.5720994658438672,0.5234567901234568
Per reverse position nucleotide content - T position 27,Pass,0.5208780749707145,0.5890836051020978,0.5259259259259259
Per reverse position nucleotide content - T position 28,Pass,0.5067112456071847,0.5583850347809739,0.5135802469135803
Per reverse position nucleotide content - T position 29,Pass,0.5317502928543537,0.689150101277807,0.5259259259259259
Per reverse position nucleotide content - T position 30,Pass,0.5218054470909801,0.5793256275278271,0.528395061728395
Per reverse position nucleotide content - T position 31,Pass,0.516863529871144,0.5732144320553796,0.5234567901234568
Per reverse position nucleotide content - T position 32,Pass,0.5000976181179226,0.6741575755112134,0.5135802469135803
Per reverse position nucleotide content - T position 33,Pass,0.5055764349863334,0.6824976375654308,0.5135802469135803
Per reverse position nucleotide content - T position 34,Pass,0.544513861772745,0.6091143597065762,0.5506172839506173
Per reverse position nucleotide content - T position 35,Pass,0.5089076532604452,0.66952188470801,0.5135802469135803
Per reverse position nucleotide content - T position 36,Pass,0.5350327020695042,0.6001383525918214,0.5407407407407407
Per reverse position nucleotide content - T position 37,Pass,0.5274184888715345,0.5902674292424048,0.5333333333333333
Per reverse position nucleotide content - T position 38,Pass,0.5020987895353377,0.670948459451905,0.5135802469135803
Per reverse position nucleotide content - T position 39,Pass,0.5048442991019133,0.5613054694583437,0.5135802469135803
Per reverse position nucleotide content - T position 40,Pass,0.5620119094103866,0.6300937057816567,0.5679012345679012
Per reverse position nucleotide content - T position 41,Pass,0.5026356891839125,0.6763255795404696,0.5135802469135803
Per reverse position nucleotide content - T position 42,Pass,0.5025746778602109,0.5604382648904644,0.5135802469135803
Per reverse position nucleotide content - T position 43,Pass,0.5141180203045685,0.6752432593934226,0.5135802469135803
Per reverse position nucleotide content - T position 44,Pass,0.5373023233112065,0.6016463653964768,0.5432098765432098
Per reverse position nucleotide content - T position 45,Pass,0.5300907848496681,0.5945613451535617,0.5358024691358024
Per reverse position nucleotide content - T position 46,Pass,0.5055764349863334,0.6824976375654308,0.5135802469135803
Per reverse position nucleotide content - T position 47,Pass,0.5022330144474814,0.6722935802339923,0.5135802469135803
Per reverse position nucleotide content - T position 48,Pass,0.5232819211245607,0.5911458473218203,0.528395061728395
Per reverse position nucleotide content - T position 49,Pass,0.503160386567747,0.6583717762007785,0.5135802469135803
Per reverse position nucleotide content - T position 50,Pass,0.5210122998828582,0.5902345110624339,0.5259259259259259
Per reverse position nucleotide content - T position 51,Pass,0.5043684107770403,0.6704555643641938,0.5135802469135803
Per reverse position nucleotide content - T position 52,Pass,0.5308961343225302,0.6005934553764405,0.5358024691358024
Per reverse position nucleotide content - T position 53,Pass,0.5252830925419758,0.5900364582757337,0.5308641975308642
Per reverse position nucleotide content - T position 54,Pass,0.5331657555642327,0.6016893615878387,0.5382716049382716
Per reverse position nucleotide content - T position 55,Pass,0.5215369972666928,0.5772955442752397,0.528395061728395
Per reverse position nucleotide content - T position 56,Pass,0.5392302811401796,0.6943283998158845,0.5333333333333333
Per reverse position nucleotide content - T position 57,Pass,0.5025014642717689,0.6749821288781397,0.5135802469135803
Per reverse position nucleotide content - T position 58,Pass,0.5057838734869191,0.5706910492680787,0.5135802469135803
Per reverse position nucleotide content - T position 59,Pass,0.5298833463490824,0.6933945591192437,0.5234567901234568
Per reverse position nucleotide content - T position 60,Pass,0.5077850449043342,0.5688130600990161,0.5135802469135803
Per reverse position nucleotide content - T position 61,Pass,0.5070407067551739,0.6739820664228887,0.5135802469135803
Per reverse position nucleotide content - T position 62,Pass,0.529285435376806,0.5889381283628322,0.5358024691358024
Per reverse position nucleotide content - T position 63,Pass,0.5272842639593909,0.5892772092856695,0.5333333333333333
Per reverse position nucleotide content - T position 64,Pass,0.5090418781725888,0.6708507171534137,0.5135802469135803
Per reverse position nucleotide content - T position 65,Pass,0.5230134713002734,0.5889291610547609,0.528395061728395
Per reverse position nucleotide content - T position 66,Pass,0.5051127489262006,0.5639936643889746,0.5135802469135803
Per reverse position nucleotide content - T position 67,Pass,0.532628855915658,0.5978205197655139,0.5382716049382716
Per reverse position nucleotide content - T position 68,Pass,0.5196700507614214,0.5789774468425177,0.5259259259259259
Per reverse position nucleotide content - T position 69,Pass,0.5183400039047247,0.5858740901888111,0.5234567901234568
Per reverse position nucleotide content - T position 70,Pass,0.5212685474424053,0.5753135379457291,0.528395061728395
Per reverse position nucleotide content - T position 71,Pass,0.5383761226083561,0.6088355243177577,0.5432098765432098
Per reverse position nucleotide content - T position 72,Pass,0.5092493166731745,0.5621637854704816,0.5160493827160494
Per reverse position nucleotide content - T position 73,Pass,0.51598496680984,0.6708807192055922,0.5135802469135803
Per reverse position nucleotide content - T position 74,Pass,0.5125195236235844,0.6822995892369835,0.5135802469135803
Per reverse position nucleotide content - T position 75,Pass,0.531286606794221,0.5891092515216276,0.5382716049382716
Per reverse position nucleotide content - T position 76,Pass,0.5045758492776259,0.558611088729532,0.5135802469135803
Per reverse position nucleotide content - T position 77,Pass,0.5670880515423663,0.636179236007114,0.5728395061728395
Per reverse position nucleotide content - T position 78,Pass,0.5479915072237408,0.6175046329868665,0.5530864197530864
Per reverse position nucleotide content - T position 79,Pass,0.5171929910191332,0.6826680962766615,0.5135802469135803
Per reverse position nucleotide content - T position 80,Pass,0.5206096251464272,0.5867966807135641,0.5259259259259259
Per reverse position nucleotide content - T position 81,Pass,0.5233429324482624,0.6973602287659338,0.5160493827160494
Per reverse position nucleotide content - T position 82,Pass,0.5641473057399453,0.63199337899504,0.5703703703703704
Per reverse position nucleotide content - T position 83,Pass,0.5059180983990629,0.5720270727580372,0.5135802469135803
Per reverse position nucleotide content - T position 84,Pass,0.5222081218274112,0.5824494237353798,0.528395061728395
Per reverse position nucleotide content - T position 85,Pass,0.5347642522452167,0.5983633559438779,0.5407407407407407
Per reverse position nucleotide content - T position 86,Pass,0.5192673760249902,0.5757349697700922,0.5259259259259259
Per reverse position nucleotide content - T position 87,Pass,0.5203411753221397,0.5845312744387094,0.5259259259259259
Per reverse position nucleotide content - T position 88,Pass,0.5146549199531434,0.6805055066656023,0.5135802469135803
Per reverse position nucleotide content - T position 89,Pass,0.5025746778602109,0.5604382648904644,0.5135802469135803
Per reverse position nucleotide content - T position 90,Pass,0.5199995119094103,0.6874318480917465,0.5135802469135803
Per reverse position nucleotide content - T position 91,Pass,0.5123852987114408,0.6809789657161247,0.5135802469135803
Per reverse position nucleotide content - T position 92,Pass,0.5121900624755955,0.5695321802343799,0.5185185185185185
Per reverse position nucleotide content - T position 93,Pass,0.5545319211245607,0.6212764836471469,0.5604938271604938
Per reverse position nucleotide content - T position 94,Pass,0.5101888910581804,0.5709869731424944,0.5160493827160494
Per reverse position nucleotide content - T position 95,Pass,0.5044416243654822,0.5572613534797097,0.5135802469135803
Per reverse position nucleotide content - T position 96,Pass,0.519401600937134,0.5768073125095121,0.5259259259259259
Per reverse position nucleotide content - T position 97,Pass,0.5230134713002734,0.5889291610547609,0.528395061728395
Per reverse position nucleotide content - T position 98,Pass,0.5093835415853182,0.5634192255765039,0.5160493827160494
Per reverse position nucleotide content - T position 99,Pass,0.509920441233893,0.5684583060217578,0.5160493827160494
Per reverse position nucleotide content - T position 100,Pass,0.5670148379539243,0.7163531673647173,0.5604938271604938
Per reverse position nucleotide content - T position 101,Pass,0.5169977547832878,0.5743365128689012,0.5234567901234568
Per reverse position nucleotide content - T position 102,Pass,0.5115799492385786,0.6730501429305038,0.5135802469135803
Per reverse position nucleotide content - T position 103,Pass,0.5049785240140571,0.5626502983524979,0.5135802469135803
Per reverse position nucleotide content - T position 104,Pass,0.5023672393596252,0.6736381328574811,0.5135802469135803
Per reverse position nucleotide content - T position 105,Pass,0.524746192893401,0.5858823290295372,0.5308641975308642
Per reverse position nucleotide content - T position 106,Pass,0.5046368606013276,0.6731349121453561,0.5135802469135803
Per reverse position nucleotide content - T position 107,Pass,0.5077118313158921,0.680644239755547,0.5135802469135803
Per reverse position nucleotide content - T position 108,Pass,0.5179373291682937,0.5823604060913705,0.5234567901234568
Per reverse position nucleotide content - T position 109,Pass,0.5498584537290121,0.6168693749066,0.5555555555555556
Per reverse position nucleotide content - T position 110,Pass,0.5199385005857087,0.5811785101664263,0.5259259259259259
Per reverse position nucleotide content - T position 111,Pass,0.514789144865287,0.6818206583253719,0.5135802469135803
Per reverse position nucleotide content - T position 112,Pass,0.5342273525966419,0.5950035362894923,0.5407407407407407
Per reverse position nucleotide content - T position 113,Pass,0.519804275673565,0.5800743213602775,0.5259259259259259
Per reverse position nucleotide content - T position 114,Pass,0.5252830925419758,0.5900364582757337,0.5308641975308642
Per reverse position nucleotide content - T position 115,Pass,0.5023062280359235,0.55766591464561,0.5135802469135803
Per reverse position nucleotide content - T position 116,Pass,0.5373023233112065,0.6016463653964768,0.5432098765432098
Per reverse position nucleotide content - T position 117,Pass,0.5471861577508785,0.6130253015505487,0.5530864197530864
Per reverse position nucleotide content - T position 118,Pass,0.5327630808278017,0.5987709155856363,0.5382716049382716
Per reverse position nucleotide content - T position 119,Pass,0.504502635689184,0.6717954894403709,0.5135802469135803
Per reverse position nucleotide content - T position 120,Pass,0.5050395353377588,0.6771502678651579,0.5135802469135803
Per reverse position nucleotide content - T position 121,Pass,0.5199995119094103,0.6874318480917465,0.5135802469135803
Per reverse position nucleotide content - T position 122,Pass,0.5297491214369388,0.6921137296348803,0.5234567901234568
Per reverse position nucleotide content - T position 123,Pass,0.539169269816478,0.6010689442161524,0.5456790123456791
Per reverse position nucleotide content - T position 124,Pass,0.5373023233112065,0.6016463653964768,0.5432098765432098
Per reverse position nucleotide content - T position 125,Pass,0.516204607575166,0.5862697794215083,0.5209876543209877
Per reverse position nucleotide content - T position 126,Pass,0.5243435181569699,0.5828727204361722,0.5308641975308642
Per reverse position nucleotide content - T position 127,Pass,0.5137885591565794,0.5649762684583239,0.5209876543209877
Per reverse position nucleotide content - T position 128,Pass,0.5002318430300664,0.6755064260367524,0.5135802469135803
Per reverse position nucleotide content - T position 129,Pass,0.5161191917219836,0.6721907862036262,0.5135802469135803
Per reverse position nucleotide content - T position 130,Pass,0.5199385005857087,0.5811785101664263,0.5259259259259259
Per reverse position nucleotide content - T position 131,Pass,0.5107257907067552,0.5760595930832404,0.5160493827160494
Per reverse position nucleotide content - T position 132,Pass,0.5521280749707145,0.6187147696275848,0.5580246913580247
Per reverse position nucleotide content - T position 133,Pass,0.5105915657946115,0.5747896852957612,0.5160493827160494
Per reverse position nucleotide content - T position 134,Pass,0.5200727254978524,0.582289631645918,0.5259259259259259
Per reverse position nucleotide content - T position 135,Pass,0.5399746192893401,0.6057153600300809,0.5456790123456791
Per reverse position nucleotide content - T position 136,Pass,0.5328973057399453,0.5997328886957469,0.5382716049382716
Per reverse position nucleotide content - T position 137,Pass,0.5254173174541195,0.5910968890049032,0.5308641975308642
Per reverse position nucleotide content - T position 138,Pass,0.5171319796954315,0.5754653130287648,0.5234567901234568
Per reverse position nucleotide content - T position 139,Pass,0.5322261811792268,0.5950449981647106,0.5382716049382716
Per reverse position nucleotide content - T position 140,Pass,0.5149233697774307,0.6831356525730468,0.5135802469135803
Per reverse position nucleotide content - T position 141,Pass,0.5097862163217494,0.5671961285864016,0.5160493827160494
Per reverse position nucleotide content - T position 142,Pass,0.5050395353377588,0.6771502678651579,0.5135802469135803
Per reverse position nucleotide content - T position 143,Pass,0.5039657360406091,0.6664326672575404,0.5135802469135803
Per reverse position nucleotide content - T position 144,Pass,0.5315550566185084,0.5907158576910743,0.5382716049382716
Per reverse position nucleotide content - T position 145,Pass,0.5127879734478719,0.6849401537395872,0.5135802469135803
Per reverse position nucleotide content - T position 146,Pass,0.5439037485357283,0.69486960366825,0.5382716049382716
Per reverse position nucleotide content - T position 147,Pass,0.5644157555642326,0.6327330474987813,0.5703703703703704
Per reverse position nucleotide content - T position 148,Pass,0.5175346544318625,0.5788884930883329,0.5234567901234568
Per reverse position nucleotide content - T position 149,Pass,0.5104573408824679,0.5735209067646612,0.5160493827160494
Per reverse position nucleotide content - T position 150,Pass,0.5101888910581804,0.5709869731424944,0.5160493827160494
Per reverse position nucleotide content - T position 151,Pass,0.5109942405310426,0.5786025830245557,0.5160493827160494
Per reverse position nucleotide content - T position 152,Pass,0.5271500390472471,0.5882983814455897,0.5333333333333333
Per reverse position nucleotide content - T position 153,Pass,0.5101888910581804,0.5709869731424944,0.5160493827160494
Per reverse position nucleotide content - T position 154,Pass,0.5180715540804374,0.583527297234268,0.5234567901234568
Per reverse position nucleotide content - T position 155,Pass,0.5294806716126513,0.689553002461238,0.5234567901234568
Per reverse position nucleotide content - T position 156,Pass,0.5187914877001171,0.675700319608949,0.5135802469135803
Per reverse position nucleotide content - T position 157,Pass,0.5020377782116361,0.5548808456380369,0.5135802469135803
Per reverse position nucleotide content - T position 158,Pass,0.5131296368606013,0.5781254334137749,0.5185185185185185
Per reverse position nucleotide content - T position 159,Pass,0.5022330144474814,0.6722935802339923,0.5135802469135803
Per reverse position nucleotide content - T position 160,Pass,0.5088466419367434,0.5584096073988317,0.5160493827160494
Per reverse position nucleotide content - T position 161,Pass,0.5348984771573604,0.5992436194010534,0.5407407407407407
Per reverse position nucleotide content - T position 162,Pass,0.5216712221788363,0.5783049297929361,0.528395061728395
Per reverse position nucleotide content - T position 163,Pass,0.5128611870363139,0.5756573545641199,0.5185185185185185
Per reverse position nucleotide content - T position 164,Pass,0.5463808082780165,0.6093322495382812,0.5530864197530864
Per reverse position nucleotide content - T position 165,Pass,0.5246119679812573,0.5848681059705757,0.5308641975308642
Per reverse position nucleotide content - T position 166,Pass,0.5342273525966419,0.5950035362894923,0.5407407407407407
Per reverse position nucleotide content - T position 167,Pass,0.5322261811792268,0.5950449981647106,0.5382716049382716
Per reverse position nucleotide content - T position 168,Pass,0.5497242288168683,0.6161976071561888,0.5555555555555556
Per reverse position nucleotide content - T position 169,Pass,0.5000976181179226,0.6741575755112134,0.5135802469135803
Per reverse position nucleotide content - T position 170,Pass,0.5076508199921905,0.5675095569342609,0.5135802469135803
Per reverse position nucleotide content - T position 171,Pass,0.5056496485747755,0.5693539507260473,0.5135802469135803
Per reverse position nucleotide content - T position 172,Pass,0.5162534166341273,0.6735007590965235,0.5135802469135803
Per reverse position nucleotide content - T position 173,Pass,0.5057716712221789,0.5492605126276869,0.5135802469135803
Per reverse position nucleotide content - T position 174,Pass,0.5173272159312767,0.6839773841351173,0.5135802469135803
Per reverse position nucleotide content - T position 175,Pass,0.5202069504099961,0.5834073302770426,0.5259259259259259
Per reverse position nucleotide content - T position 176,Pass,0.514789144865287,0.6818206583253719,0.5135802469135803
Per reverse position nucleotide content - T position 177,Pass,0.5232819211245607,0.5911458473218203,0.528395061728395
Per reverse position nucleotide content - T position 178,Pass,0.5091272940257712,0.5818480917465689,0.5135802469135803
Per reverse position nucleotide content - T position 179,Pass,0.522745021475986,0.5867389371648168,0.528395061728395
Per reverse position nucleotide content - T position 180,Pass,0.5393034947286217,0.6017938982042276,0.5456790123456791
Per reverse position nucleotide content - T position 181,Pass,0.5000976181179226,0.6741575755112134,0.5135802469135803
Per reverse position nucleotide content - T position 182,Pass,0.518059351815697,0.5665734013101387,0.5259259259259259
Per reverse position nucleotide content - T position 183,Pass,0.5179373291682937,0.5823604060913705,0.5234567901234568
Per reverse position nucleotide content - T position 184,Pass,0.5047710855134713,0.6744738428018451,0.5135802469135803
Per reverse position nucleotide content - T position 185,Pass,0.5199385005857087,0.5811785101664263,0.5259259259259259
Per reverse position nucleotide content - T position 186,Pass,0.516863529871144,0.5732144320553796,0.5234567901234568
Per reverse position nucleotide content - T position 187,Pass,0.5060523233112065,0.5733620719857847,0.5135802469135803
Per reverse position nucleotide content - T position 188,Pass,0.5176688793440063,0.5800407560836991,0.5234567901234568
Per reverse position nucleotide content - T position 189,Pass,0.5163388324873096,0.5874871894909298,0.5209876543209877
Per reverse position nucleotide content - T position 190,Pass,0.5175956657555643,0.6865957276904088,0.5135802469135803
Per reverse position nucleotide content - T position 191,Pass,0.5421100156188988,0.6065805759227926,0.5481481481481482
Per reverse position nucleotide content - T position 192,Pass,0.5178031042561498,0.5811981458644684,0.5234567901234568
Per reverse position nucleotide content - T position 193,Pass,0.5271500390472471,0.5882983814455897,0.5333333333333333
Per reverse position nucleotide content - T position 194,Pass,0.5167293049590004,0.5720994658438672,0.5234567901234568
Per reverse position nucleotide content - T position 195,Pass,0.5204754002342834,0.5856611544351893,0.5259259259259259
Per reverse position nucleotide content - T position 196,Pass,0.5234649550956658,0.6762084106470924,0.5185185185185185
Per reverse position nucleotide content - T position 197,Pass,0.5443064232721593,0.6986004982568735,0.5382716049382716
Per reverse position nucleotide content - T position 198,Pass,0.516863529871144,0.5732144320553796,0.5234567901234568
Per reverse position nucleotide content - T position 199,Pass,0.5215980085903944,0.6804880220856709,0.5160493827160494
Per reverse position nucleotide content - T position 200,Pass,0.5021720031237797,0.5562750599784089,0.5135802469135803
Per reverse position nucleotide content - T position 201,Pass,0.5043684107770403,0.6704555643641938,0.5135802469135803
Per reverse position nucleotide content - T position 202,Pass,0.5367654236626318,0.5984184500562242,0.5432098765432098
Per reverse position nucleotide content - T position 203,Pass,0.5129954119484577,0.5768902362599486,0.5185185185185185
Per reverse position nucleotide content - T position 204,Pass,0.5244777430691137,0.5838646971211767,0.5308641975308642
Per reverse position nucleotide content - T position 205,Pass,0.5137153455681375,0.6712947521283594,0.5135802469135803
Per reverse position nucleotide content - T position 206,Pass,0.5195968371729793,0.6835213385974808,0.5135802469135803
Per reverse position nucleotide content - T position 207,Pass,0.5334342053885202,0.6036858673068487,0.5382716049382716
Per reverse position nucleotide content - T position 208,Pass,0.5100546661460368,0.5697219463147918,0.5160493827160494
Per reverse position nucleotide content - T position 209,Pass,0.5050395353377588,0.6771502678651579,0.5135802469135803
Per reverse position nucleotide content - T position 210,Pass,0.5218054470909801,0.5793256275278271,0.528395061728395
Per reverse position nucleotide content - T position 211,Pass,0.5096519914096056,0.5659354960381258,0.5160493827160494
Per reverse position nucleotide content - T position 212,Pass,0.5095787778211637,0.6761625532411459,0.5135802469135803
Per reverse position nucleotide content - T position 213,Pass,0.5025746778602109,0.5604382648904644,0.5135802469135803
Per reverse position nucleotide content - T position 214,Pass,0.5230134713002734,0.5889291610547609,0.528395061728395
Per reverse position nucleotide content - T position 215,Pass,0.5011592151503319,0.661515664256781,0.5135802469135803
Per reverse position nucleotide content - T position 216,Pass,0.5204754002342834,0.5856611544351893,0.5259259259259259
Per reverse position nucleotide content - T position 217,Pass,0.5142522452167122,0.6765590741902079,0.5135802469135803
Per reverse position nucleotide content - T position 218,Pass,0.522745021475986,0.5867389371648168,0.528395061728395
Per reverse position nucleotide content - T position 219,Pass,0.5131296368606013,0.5781254334137749,0.5185185185185185
Per reverse position nucleotide content - T position 220,Pass,0.5447823115970324,0.610546277904477,0.5506172839506173
Per reverse position nucleotide content - T position 221,Pass,0.5189989262007029,0.573618303736747,0.5259259259259259
Per reverse position nucleotide content - T position 222,Pass,0.5450507614213198,0.6120571936238304,0.5506172839506173
Per reverse position nucleotide content - T position 223,Pass,0.515191819601718,0.6857651814250798,0.5135802469135803
Per reverse position nucleotide content - T position 224,Pass,0.5063695821944553,0.667309523376332,0.5135802469135803
Per reverse position nucleotide content - T position 225,Pass,0.5155334830144476,0.5802254198654753,0.5209876543209877
Per reverse position nucleotide content - T position 226,Pass,0.539169269816478,0.6010689442161524,0.5456790123456791
Per reverse position nucleotide content - T position 227,Pass,0.5005002928543537,0.6782023252059446,0.5135802469135803
Per reverse position nucleotide content - T position 228,Pass,0.5144596837172979,0.5707419045828521,0.5209876543209877
Per reverse position nucleotide content - T position 229,Pass,0.5061133346349083,0.6878381684430753,0.5135802469135803
Per reverse position nucleotide content - T position 230,Pass,0.519401600937134,0.5768073125095121,0.5259259259259259
Per reverse position nucleotide content - T position 231,Pass,0.5254173174541195,0.5910968890049032,0.5308641975308642
Per reverse position nucleotide content - T position 232,Pass,0.5020987895353377,0.670948459451905,0.5135802469135803
Per reverse position nucleotide content - T position 233,Pass,0.5226107965638422,0.5856546040760406,0.528395061728395
Per reverse position nucleotide content - T position 234,Pass,0.544513861772745,0.6091143597065762,0.5506172839506173
Per reverse position nucleotide content - T position 235,Pass,0.5148623584537291,0.5742663136910175,0.5209876543209877
Per reverse position nucleotide content - T position 236,Pass,0.5054422100741898,0.6811614575097729,0.5135802469135803
Per reverse position nucleotide content - T position 237,Pass,0.5268815892229598,0.5863774814625627,0.5333333333333333
Per reverse position nucleotide content - T position 238,Pass,0.5040389496290512,0.5532007088638344,0.5135802469135803
Per reverse position nucleotide content - T position 239,Pass,0.5204021866458415,0.6913423575860124,0.5135802469135803
Per reverse position nucleotide content - T position 240,Pass,0.5131296368606013,0.5781254334137749,0.5185185185185185
Per reverse position nucleotide content - T position 241,Pass,0.527686938695822,0.5922797284651654,0.5333333333333333
Per reverse position nucleotide content - T position 242,Pass,0.5491873291682937,0.6137466989262614,0.5555555555555556
Per reverse position nucleotide content - T position 243,Pass,0.5542634713002733,0.620212060738924,0.5604938271604938
Per reverse position nucleotide content - T position 244,Pass,0.5156677079265912,0.5814281368984023,0.5209876543209877
Per reverse position nucleotide content - T position 245,Pass,0.5344958024209293,0.5966494242266919,0.5407407407407407
Per reverse position nucleotide content - T position 246,Pass,0.5101156774697384,0.6814691370642494,0.5135802469135803
Per reverse position nucleotide content - T position 247,Pass,0.558936938695822,0.6253305759227925,0.5654320987654321
Per reverse position nucleotide content - T position 248,Pass,0.5282238383443967,0.5964176044548295,0.5333333333333333
Per reverse position nucleotide content - T position 249,Pass,0.5024404529480672,0.5590535928945405,0.5135802469135803
Per reverse position nucleotide content - T position 250,Pass,0.5201337368215541,0.6887353512565019,0.5135802469135803
Per reverse position nucleotide content - T position 251,Pass,0.5645499804763765,0.6331515949113242,0.5703703703703704
Per reverse position nucleotide content - T position 252,Pass,0.5403772940257712,0.6082708559742112,0.5456790123456791
Per reverse position nucleotide content - T position 253,Pass,0.5078460562280359,0.6819755210067255,0.5135802469135803
Per reverse position nucleotide content - T position 254,Pass,0.5059180983990629,0.5720270727580372,0.5135802469135803
Per reverse position nucleotide content - T position 255,Pass,0.5373023233112065,0.6016463653964768,0.5432098765432098
Per reverse position nucleotide content - T position 256,Pass,0.5107257907067552,0.5760595930832404,0.5160493827160494
Per reverse position nucleotide content - T position 257,Pass,0.519731062085123,0.684824841762236,0.5135802469135803
Per reverse position nucleotide content - T position 258,Pass,0.5048442991019133,0.5613054694583437,0.5135802469135803
Per reverse position nucleotide content - T position 259,Pass,0.5343615775087855,0.5958174978432107,0.5407407407407407
Per reverse position nucleotide content - T position 260,Pass,0.5290169855525186,0.5871797783275226,0.5358024691358024
Per reverse position nucleotide content - T position 261,Pass,0.5039657360406091,0.6664326672575404,0.5135802469135803
Per reverse position nucleotide content - T position 262,Pass,0.5105915657946115,0.5747896852957612,0.5160493827160494
Per reverse position nucleotide content - T position 263,Pass,0.5264789144865287,0.583599047439995,0.5333333333333333
Per reverse position nucleotide content - T position 264,Pass,0.519401600937134,0.5768073125095121,0.5259259259259259
Per reverse position nucleotide content - T position 265,Pass,0.5127269621241702,0.5744269080913577,0.5185185185185185
Per reverse position nucleotide content - T position 266,Pass,0.5568015423662631,0.6233921277068485,0.562962962962963
Per reverse position nucleotide content - T position 267,Pass,0.5034410386567747,0.6843754240005452,0.5135802469135803
Per reverse position nucleotide content - T position 268,Pass,0.5298223350253807,0.5926350740180607,0.5358024691358024
Per reverse position nucleotide content - T position 269,Pass,0.5222081218274112,0.5824494237353798,0.528395061728395
Per reverse position nucleotide content - T position 270,Pass,0.5025014642717689,0.6749821288781397,0.5135802469135803
Per reverse position nucleotide content - T position 271,Pass,0.5570699921905505,0.6244042377046207,0.562962962962963
Per reverse position nucleotide content - T position 272,Pass,0.5401088442014838,0.6065520097868062,0.5456790123456791
Per reverse position nucleotide content - T position 273,Pass,0.522745021475986,0.5867389371648168,0.528395061728395
Per reverse position nucleotide content - T position 274,Pass,0.5224765716516986,0.5845779611653688,0.528395061728395
Per reverse position nucleotide content - T position 275,Pass,0.5204754002342834,0.5856611544351893,0.5259259259259259
Per reverse position nucleotide content - T position 276,Pass,0.5144596837172979,0.5707419045828521,0.5209876543209877
Per reverse position nucleotide content - T position 277,Pass,0.537570773135494,0.6033613110658623,0.5432098765432098
Per reverse position nucleotide content - T position 278,Pass,0.5157287192502928,0.6910224841273911,0.5135802469135803
Per reverse position nucleotide content - T position 279,Pass,0.5017693283873487,0.5520815316162186,0.5135802469135803
Per reverse position nucleotide content - T position 280,Pass,0.5139227840687233,0.5661169935438605,0.5209876543209877
Per reverse position nucleotide content - T position 281,Pass,0.500036606794221,0.5568422906832382,0.5135802469135803
Per reverse position nucleotide content - T position 282,Pass,0.5149233697774307,0.6831356525730468,0.5135802469135803
Per reverse position nucleotide content - T position 283,Pass,0.5349594884810621,0.6976458607507677,0.528395061728395
Per reverse position nucleotide content - T position 284,Pass,0.5109942405310426,0.5786025830245557,0.5160493827160494
Per reverse position nucleotide content - T position 285,Pass,0.5489188793440063,0.6126822023508568,0.5555555555555556
Per reverse position nucleotide content - T position 286,Pass,0.529688110113237,0.591690336698797,0.5358024691358024
Per reverse position nucleotide content - T position 287,Pass,0.5266741507223741,0.684831075850844,0.5209876543209877
Per reverse position nucleotide content - T position 288,Pass,0.5219396720031237,0.580356997165732,0.528395061728395
Per reverse position nucleotide content - T position 289,Pass,0.5016961147989067,0.6669095676963995,0.5135802469135803
Per reverse position nucleotide content - T position 290,Pass,0.5005735064427957,0.5625105390906128,0.5135802469135803
Per reverse position nucleotide content - T position 291,Pass,0.5271500390472471,0.5882983814455897,0.5333333333333333
Per reverse position nucleotide content - T position 292,Pass,0.5050395353377588,0.6771502678651579,0.5135802469135803
Per reverse position nucleotide content - T position 293,Pass,0.5147281335415853,0.5730867877144598,0.5209876543209877
Per reverse position nucleotide content - T position 294,Pass,0.559339613432253,0.6265383827143556,0.5654320987654321
Per reverse position nucleotide content - T position 295,Pass,0.5024404529480672,0.5590535928945405,0.5135802469135803
Per reverse position nucleotide content - T position 296,Pass,0.547454607575166,0.6144428936665594,0.5530864197530864
Per reverse position nucleotide content - T position 297,Pass,0.5127879734478719,0.6849401537395872,0.5135802469135803
Per reverse position nucleotide content - T position 298,Pass,0.5485284068723154,0.6208233601685126,0.5530864197530864
Per reverse position nucleotide content - T position 299,Pass,0.5158019328387349,0.5826340790875478,0.5209876543209877
Per reverse position nucleotide content - T position 300,Pass,0.5077118313158921,0.680644239755547,0.5135802469135803
Per reverse position nucleotide content - T position 301,Pass,0.523074482623975,0.69476369616308,0.5160493827160494
Per reverse position nucleotide content - T position 302,Pass,0.547454607575166,0.6144428936665594,0.5530864197530864
Per reverse position nucleotide content - T position 303,Pass,0.5087734283483014,0.6681926878125249,0.5135802469135803
Per reverse position nucleotide content - T position 304,Pass,0.5049785240140571,0.5626502983524979,0.5135802469135803
Per reverse position nucleotide content - T position 305,Pass,0.5193283873486919,0.6809143322679702,0.5135802469135803
Per reverse position nucleotide content - T position 306,Pass,0.516863529871144,0.5732144320553796,0.5234567901234568
Per reverse position nucleotide content - T position 307,Pass,0.5054422100741898,0.6811614575097729,0.5135802469135803
Per reverse position nucleotide content - T position 308,Pass,0.5176688793440063,0.5800407560836991,0.5234567901234568
Per reverse position nucleotide content - T position 309,Pass,0.5078460562280359,0.6819755210067255,0.5135802469135803
Per reverse position nucleotide content - T position 310,Pass,0.5383761226083561,0.6088355243177577,0.5432098765432098
Per reverse position nucleotide content - T position 311,Pass,0.5119216126513081,0.567103236582932,0.5185185185185185
Per reverse position nucleotide content - T position 312,Pass,0.5326898672393596,0.6980747764567772,0.5259259259259259
Per reverse position nucleotide content - T position 313,Pass,0.5262714759859429,0.680976365084367,0.5209876543209877
Per reverse position nucleotide content - T position 314,Pass,0.5057838734869191,0.5706910492680787,0.5135802469135803
Per reverse position nucleotide content - T position 315,Pass,0.5381076727840687,0.606961118720848,0.5432098765432098
Per reverse position nucleotide content - T position 316,Pass,0.5348984771573604,0.5992436194010534,0.5407407407407407
Per reverse position nucleotide content - T position 317,Pass,0.5234039437719641,0.5763123008469877,0.5308641975308642
Per reverse position nucleotide content - T position 318,Pass,0.5368996485747755,0.5991978442063045,0.5432098765432098
Per reverse position nucleotide content - T position 319,Pass,0.5294196602889496,0.5898410974821936,0.5358024691358024
Per reverse position nucleotide content - T position 320,Pass,0.5323604060913706,0.5959568973194407,0.5382716049382716
Per reverse position nucleotide content - T position 321,Pass,0.5040999609527529,0.6677741643432683,0.5135802469135803
Per reverse position nucleotide content - T position 322,Pass,0.5089808668488871,0.5596588512038475,0.5160493827160494
Per reverse position nucleotide content - T position 323,Pass,0.5355696017180789,0.603848091746569,0.5407407407407407
Per reverse position nucleotide content - T position 324,Pass,0.5224765716516986,0.5845779611653688,0.528395061728395
Per reverse position nucleotide content - T position 325,Pass,0.5269426005466614,0.6874021613498649,0.5209876543209877
Per reverse position nucleotide content - T position 326,Pass,0.5049053104256149,0.6758122914516437,0.5135802469135803
Per reverse position nucleotide content - T position 327,Pass,0.5059791097227646,0.6865036479085931,0.5135802469135803
Per reverse position nucleotide content - T position 328,Pass,0.5071749316673175,0.6753152964571667,0.5135802469135803
Per reverse position nucleotide content - T position 329,Pass,0.5350327020695042,0.6001383525918214,0.5407407407407407
Per reverse position nucleotide content - T position 330,Pass,0.5344958024209293,0.5966494242266919,0.5407407407407407
Per reverse position nucleotide content - T position 331,Pass,0.5342273525966419,0.5950035362894923,0.5407407407407407
Per reverse position nucleotide content - T position 332,Pass,0.5023672393596252,0.6736381328574811,0.5135802469135803
Per reverse position nucleotide content - T position 333,Pass,0.5125927372120266,0.5731990250112968,0.5185185185185185
Per reverse position nucleotide content - T position 334,Pass,0.5438427372120267,0.6059417729703032,0.5506172839506173
Per reverse position nucleotide content - T position 335,Pass,0.5020377782116361,0.5548808456380369,0.5135802469135803
Per reverse position nucleotide content - T position 336,Pass,0.5677591761030847,0.6385916615189036,0.5728395061728395
Per reverse position nucleotide content - T position 337,Pass,0.5206096251464272,0.5867966807135641,0.5259259259259259
Per reverse position nucleotide content - T position 338,Pass,0.5223423467395548,0.5835094204066286,0.528395061728395
Per reverse position nucleotide content - T position 339,Pass,0.5107868020304569,0.6880956043392592,0.5135802469135803
Per reverse position nucleotide content - T position 340,Pass,0.5336904529480672,0.5919495629039125,0.5407407407407407
Per reverse position nucleotide content - T position 341,Pass,0.5027089027723546,0.5618200888572249,0.5135802469135803
Per reverse position nucleotide content - T position 342,Pass,0.5298223350253807,0.5926350740180607,0.5358024691358024
Per reverse position nucleotide content - T position 343,Pass,0.5183400039047247,0.5858740901888111,0.5234567901234568
Per reverse position nucleotide content - T position 344,Pass,0.572164193674346,0.6421468501683019,0.5777777777777777
Per reverse position nucleotide content - T position 345,Pass,0.5219396720031237,0.580356997165732,0.528395061728395
Per reverse position nucleotide content - T position 346,Pass,0.5224765716516986,0.5845779611653688,0.528395061728395
Per reverse position nucleotide content - T position 347,Pass,0.5007687426786411,0.6808959003793283,0.5135802469135803
Per reverse position nucleotide content - T position 348,Pass,0.5232819211245607,0.5911458473218203,0.528395061728395
Per reverse position nucleotide content - T position 349,Pass,0.5439769621241702,0.6065243302540626,0.5506172839506173
Per reverse position nucleotide content - T position 350,Pass,0.5405603279968763,0.6852455810154626,0.5358024691358024
Per reverse position nucleotide content - T position 351,Pass,0.5394377196407653,0.6025400833547498,0.5456790123456791
Per reverse position nucleotide content - T position 352,Pass,0.5316892815306521,0.5915480184727224,0.5382716049382716
Per reverse position nucleotide content - T position 353,Pass,0.5113847130027332,0.5622898649495519,0.5185185185185185
Per reverse position nucleotide content - T position 354,Pass,0.5011592151503319,0.661515664256781,0.5135802469135803
Per reverse position nucleotide content - T position 355,Pass,0.5497242288168683,0.6161976071561888,0.5555555555555556
Per reverse position nucleotide content - T position 356,Pass,0.5145939086294417,0.5719118963991427,0.5209876543209877
Per reverse position nucleotide content - T position 357,Pass,0.5149965833658727,0.575450228240609,0.5209876543209877
Per reverse position nucleotide content - T position 358,Pass,0.5030383639203436,0.6803527673692356,0.5135802469135803
Per reverse position nucleotide content - T position 359,Pass,0.5226107965638422,0.5856546040760406,0.528395061728395
Per reverse position nucleotide content - T position 360,Pass,0.5022330144474814,0.6722935802339923,0.5135802469135803
Per reverse position nucleotide content - T position 361,Pass,0.5151308082780164,0.5766383023942061,0.5209876543209877
Per reverse position nucleotide content - T position 362,Pass,0.5020377782116361,0.5548808456380369,0.5135802469135803
Per reverse position nucleotide content - T position 363,Pass,0.5172662046075752,0.5766004660251699,0.5234567901234568
Per reverse position nucleotide content - T position 364,Pass,0.5156677079265912,0.5814281368984023,0.5209876543209877
Per reverse position nucleotide content - T position 365,Pass,0.5364237602499023,0.6896616894746738,0.5308641975308642
Per reverse position nucleotide content - T position 366,Pass,0.5226107965638422,0.5856546040760406,0.528395061728395
Per reverse position nucleotide content - T position 367,Pass,0.5142522452167122,0.6765590741902079,0.5135802469135803
Per reverse position nucleotide content - T position 368,Pass,0.5077118313158921,0.680644239755547,0.5135802469135803
Per reverse position nucleotide content - T position 369,Pass,0.5299565599375244,0.5935922901493416,0.5358024691358024
Per reverse position nucleotide content - T position 370,Pass,0.5479915072237408,0.6175046329868665,0.5530864197530864
Per reverse position nucleotide content - T position 371,Pass,0.5330315306520891,0.6007058789043943,0.5382716049382716
Per reverse position nucleotide content - T position 372,Pass,0.5149965833658727,0.575450228240609,0.5209876543209877
Per reverse position nucleotide content - T position 373,Pass,0.5542634713002733,0.620212060738924,0.5604938271604938
Per reverse position nucleotide content - T position 374,Pass,0.5055154236626318,0.568015722927637,0.5135802469135803
Per reverse position nucleotide content - T position 375,Pass,0.5348984771573604,0.5992436194010534,0.5407407407407407
Per reverse position nucleotide content - T position 376,Pass,0.5327630808278017,0.5987709155856363,0.5382716049382716
Per reverse position nucleotide content - T position 377,Pass,0.5475888324873096,0.6151814250799024,0.5530864197530864
Per reverse position nucleotide content - T position 378,Pass,0.5522622998828582,0.6193376920300895,0.5580246913580247
Per reverse position nucleotide content - T position 379,Pass,0.5503953533775869,0.6197586012408347,0.5555555555555556
Per reverse position nucleotide content - T position 380,Pass,0.5470519328387349,0.6123483648018335,0.5530864197530864
Per reverse position nucleotide content - T position 381,Pass,0.5347642522452167,0.5983633559438779,0.5407407407407407
Per reverse position nucleotide content - T position 382,Pass,0.5690892229597814,0.637884038123098,0.5753086419753086
Per reverse position nucleotide content - T position 383,Pass,0.5228792463881297,0.5878305759227925,0.528395061728395
Per reverse position nucleotide content - T position 384,Pass,0.5025014642717689,0.6749821288781397,0.5135802469135803
Per reverse position nucleotide content - T position 385,Pass,0.5227328192112455,0.5721689540640471,0.5308641975308642
Per reverse position nucleotide content - T position 386,Pass,0.5182057789925811,0.5846985952165801,0.5234567901234568
Per reverse position nucleotide content - T position 387,Pass,0.5307619094103865,0.5995646271796398,0.5358024691358024
Per reverse position nucleotide content - T position 388,Pass,0.5243435181569699,0.5828727204361722,0.5308641975308642
Per reverse position nucleotide content - T position 389,Pass,0.5055764349863334,0.6824976375654308,0.5135802469135803
Per reverse position nucleotide content - T position 390,Pass,0.5498584537290121,0.6168693749066,0.5555555555555556
Per reverse position nucleotide content - T position 391,Pass,0.5056496485747755,0.5693539507260473,0.5135802469135803
Per reverse position nucleotide content - T position 392,Pass,0.5117873877391643,0.5658940018947981,0.5185185185185185
Per reverse position nucleotide content - T position 393,Pass,0.5196700507614214,0.5789774468425177,0.5259259259259259
Per reverse position nucleotide content - T position 394,Pass,0.547857282311597,0.6167131625922085,0.5530864197530864
Per reverse position nucleotide content - T position 395,Pass,0.5182057789925811,0.5846985952165801,0.5234567901234568
Per reverse position nucleotide content - T position 396,Pass,0.534630027333073,0.5974983443680568,0.5407407407407407
Per reverse position nucleotide content - T position 397,Pass,0.5094445529090199,0.6748351037162374,0.5135802469135803
Per reverse position nucleotide content - T position 398,Pass,0.5222081218274112,0.5824494237353798,0.528395061728395
Per reverse position nucleotide content - T position 399,Pass,0.5015008785630612,0.5492661919533747,0.5135802469135803
Per reverse position nucleotide content - T position 400,Pass,0.5045758492776259,0.558611088729532,0.5135802469135803
Per reverse position nucleotide content - T position 401,Pass,0.5475888324873096,0.6151814250799024,0.5530864197530864
Per reverse position nucleotide content - T position 402,Pass,0.5049053104256149,0.6758122914516437,0.5135802469135803
Per reverse position nucleotide content - T position 403,Pass,0.5259542171026942,0.5954139832194372,0.5308641975308642
Per reverse position nucleotide content - T position 404,Pass,0.5146549199531434,0.6805055066656023,0.5135802469135803
Per reverse position nucleotide content - T position 405,Pass,0.5194626122608357,0.6822178354327254,0.5135802469135803
Per reverse position nucleotide content - T position 406,Pass,0.5073823701679032,0.5649025506047503,0.5135802469135803
Per reverse position nucleotide content - T position 407,Pass,0.5072481452557595,0.563599047439995,0.5135802469135803
Per reverse position nucleotide content - T position 408,Pass,0.5069064818430301,0.6726484220768402,0.5135802469135803
Per reverse position nucleotide content - T position 409,Pass,0.5048442991019133,0.5613054694583437,0.5135802469135803
Per reverse position nucleotide content - T position 410,Pass,0.5370338734869191,0.5999962968660093,0.5432098765432098
Per reverse position nucleotide content - T position 411,Pass,0.5203411753221397,0.5845312744387094,0.5259259259259259
Per reverse position nucleotide content - T position 412,Pass,0.5268815892229598,0.5863774814625627,0.5333333333333333
Per reverse position nucleotide content - T position 413,Pass,0.535752635689184,0.6833674591373406,0.5308641975308642
Per reverse position nucleotide content - T position 414,Pass,0.5663437133932058,0.7103853500746925,0.5604938271604938
Per reverse position nucleotide content - T position 415,Pass,0.5094445529090199,0.6748351037162374,0.5135802469135803
Per reverse position nucleotide content - T position 416,Pass,0.51526503319016,0.5778303228387831,0.5209876543209877
Per reverse position nucleotide content - T position 417,Pass,0.5230134713002734,0.5889291610547609,0.528395061728395
Per reverse position nucleotide content - T position 418,Pass,0.5085903943771964,0.5766340790875478,0.5135802469135803
Per reverse position nucleotide content - T position 419,Pass,0.5351669269816478,0.601046825949782,0.5407407407407407
Per reverse position nucleotide content - T position 420,Pass,0.5255515423662632,0.5921652245287258,0.5308641975308642
Per reverse position nucleotide content - T position 421,Pass,0.5189989262007029,0.573618303736747,0.5259259259259259
Per reverse position nucleotide content - T position 422,Pass,0.5201337368215541,0.6887353512565019,0.5135802469135803
Per reverse position nucleotide content - T position 423,Pass,0.5149965833658727,0.575450228240609,0.5209876543209877
Per reverse position nucleotide content - T position 424,Pass,0.5176688793440063,0.5800407560836991,0.5234567901234568
Per reverse position nucleotide content - T position 425,Pass,0.5011592151503319,0.661515664256781,0.5135802469135803
Per reverse position nucleotide content - T position 426,Pass,0.5572042171026942,0.624951540022431,0.562962962962963
Per reverse position nucleotide content - T position 427,Pass,0.5353011518937915,0.6019683581443311,0.5407407407407407
Per reverse position nucleotide content - T position 428,Pass,0.537570773135494,0.6033613110658623,0.5432098765432098
Per reverse position nucleotide content - T position 429,Pass,0.5071749316673175,0.6753152964571667,0.5135802469135803
Per reverse position nucleotide content - T position 430,Pass,0.5240750683326825,0.5809257801132623,0.5308641975308642
Per reverse position nucleotide content - T position 431,Pass,0.5028431276844983,0.5631992121066747,0.5135802469135803
Per reverse position nucleotide content - T position 432,Pass,0.5350327020695042,0.6001383525918214,0.5407407407407407
Per reverse position nucleotide content - T position 433,Pass,0.5080534947286216,0.5714200664285267,0.5135802469135803
Per reverse position nucleotide content - T position 434,Pass,0.5124585122998829,0.5719738426485466,0.5185185185185185
Per reverse position nucleotide content - T position 435,Pass,0.5165218664584147,0.6761204305475559,0.5135802469135803
Per reverse position nucleotide content - T position 436,Pass,0.5473203826630222,0.6137238440377479,0.5530864197530864
Per reverse position nucleotide content - T position 437,Pass,0.5040999609527529,0.6677741643432683,0.5135802469135803
Per reverse position nucleotide content - T position 438,Pass,0.5231476962124171,0.5900343564458514,0.528395061728395
Per reverse position nucleotide content - T position 439,Pass,0.5189257126122608,0.6770038227737043,0.5135802469135803
Per reverse position nucleotide content - T position 440,Pass,0.5364237602499023,0.6896616894746738,0.5308641975308642
Per reverse position nucleotide content - T position 441,Pass,0.5290169855525186,0.5871797783275226,0.5358024691358024
Per reverse position nucleotide content - T position 442,Pass,0.5151308082780164,0.5766383023942061,0.5209876543209877
Per reverse position nucleotide content - T position 443,Pass,0.5275527137836783,0.591268452068382,0.5333333333333333
Per reverse position nucleotide content - T position 444,Pass,0.5165950800468566,0.5709920411104845,0.5234567901234568
Per reverse position nucleotide content - T position 445,Pass,0.5246119679812573,0.5848681059705757,0.5308641975308642
Per reverse position nucleotide content - T position 446,Pass,0.5001708317063647,0.5582653824631573,0.5135802469135803
Per reverse position nucleotide content - T position 447,Pass,0.5020987895353377,0.670948459451905,0.5135802469135803
Per reverse position nucleotide content - T position 448,Pass,0.5437085122998829,0.6053883448130487,0.5506172839506173
Per reverse position nucleotide content - T position 449,Pass,0.5054422100741898,0.6811614575097729,0.5135802469135803
Per reverse position nucleotide content - T position 450,Pass,0.5023672393596252,0.6736381328574811,0.5135802469135803
Per reverse position nucleotide content - T position 451,Pass,0.531286606794221,0.5891092515216276,0.5382716049382716
Per reverse position nucleotide content - T position 452,Pass,0.5055764349863334,0.6824976375654308,0.5135802469135803
Per reverse position nucleotide content - T position 453,Pass,0.5347642522452167,0.5983633559438779,0.5407407407407407
Per reverse position nucleotide content - T position 454,Pass,0.5093835415853182,0.5634192255765039,0.5160493827160494
Per reverse position nucleotide content - T position 455,Pass,0.5016961147989067,0.6669095676963995,0.5135802469135803
Per reverse position nucleotide content - T position 456,Pass,0.5199385005857087,0.5811785101664263,0.5259259259259259
Per reverse position nucleotide content - T position 457,Pass,0.5083097422881687,0.553437579010833,0.5160493827160494
Per reverse position nucleotide content - T position 458,Pass,0.5071139203436158,0.5622955442752398,0.5135802469135803
Per reverse position nucleotide content - T position 459,Pass,0.5350327020695042,0.6001383525918214,0.5407407407407407
Per reverse position nucleotide content - T position 460,Pass,0.5025014642717689,0.6749821288781397,0.5135802469135803
Per reverse position nucleotide content - T position 461,Pass,0.529688110113237,0.591690336698797,0.5358024691358024
Per reverse position nucleotide content - T position 462,Pass,0.5123242873877392,0.5707515083149601,0.5185185185185185
Per reverse position nucleotide content - T position 463,Pass,0.5224765716516986,0.5845779611653688,0.528395061728395
Per reverse position nucleotide content - T position 464,Pass,0.5223423467395548,0.5835094204066286,0.528395061728395
Per reverse position nucleotide content - T position 465,Pass,0.5299565599375244,0.5935922901493416,0.5358024691358024
Per reverse position nucleotide content - T position 466,Pass,0.519731062085123,0.684824841762236,0.5135802469135803
Per reverse position nucleotide content - T position 467,Pass,0.5119216126513081,0.567103236582932,0.5185185185185185
Per reverse position nucleotide content - T position 468,Pass,0.5049785240140571,0.5626502983524979,0.5135802469135803
Per reverse position nucleotide content - T position 469,Pass,0.5057106598984771,0.6838333904721882,0.5135802469135803
Per reverse position nucleotide content - T position 470,Pass,0.5298223350253807,0.5926350740180607,0.5358024691358024
Per reverse position nucleotide content - T position 471,Pass,0.5180715540804374,0.583527297234268,0.5234567901234568
Per reverse position nucleotide content - T position 472,Pass,0.5193283873486919,0.6809143322679702,0.5135802469135803
Per reverse position nucleotide content - T position 473,Pass,0.509920441233893,0.5684583060217578,0.5160493827160494
Per reverse position nucleotide content - T position 474,Pass,0.51526503319016,0.5778303228387831,0.5209876543209877
Per reverse position nucleotide content - T position 475,Pass,0.5156677079265912,0.5814281368984023,0.5209876543209877
Per reverse position nucleotide content - T position 476,Pass,0.5222081218274112,0.5824494237353798,0.528395061728395
Per reverse position nucleotide content - T position 477,Pass,0.5246119679812573,0.5848681059705757,0.5308641975308642
Per reverse position nucleotide content - T position 478,Pass,0.5151308082780164,0.5766383023942061,0.5209876543209877
Per reverse position nucleotide content - T position 479,Pass,0.5303592346739555,0.5965326235746171,0.5358024691358024
Per reverse position nucleotide content - T position 480,Pass,0.5243435181569699,0.5828727204361722,0.5308641975308642
Per reverse position nucleotide content - T position 481,Pass,0.5393034947286217,0.6017938982042276,0.5456790123456791
Per reverse position nucleotide content - T position 482,Pass,0.5067722569308863,0.6713143546966684,0.5135802469135803
Per reverse position nucleotide content - T position 483,Pass,0.5422442405310426,0.6073358334735127,0.5481481481481482
Per reverse position nucleotide content - T position 484,Pass,0.5037094884810621,0.6870548064376686,0.5135802469135803
Per reverse position nucleotide content - T position 485,Pass,0.5491873291682937,0.6137466989262614,0.5555555555555556
Per reverse position nucleotide content - T position 486,Pass,0.5275527137836783,0.591268452068382,0.5333333333333333
Per reverse position nucleotide content - T position 487,Pass,0.5330315306520891,0.6007058789043943,0.5382716049382716
Per reverse position nucleotide content - T position 488,Pass,0.5109820382663022,0.5587265776775083,0.5185185185185185
Per reverse position nucleotide content - T position 489,Pass,0.5690892229597814,0.637884038123098,0.5753086419753086
Per reverse position nucleotide content - T position 490,Pass,0.5055154236626318,0.568015722927637,0.5135802469135803
Per reverse position nucleotide content - T position 491,Pass,0.5209268840296759,0.6740024041885294,0.5160493827160494
Per reverse position nucleotide content - T position 492,Pass,0.5351669269816478,0.601046825949782,0.5407407407407407
Per reverse position nucleotide content - T position 493,Pass,0.5085903943771964,0.5766340790875478,0.5135802469135803
Per reverse position nucleotide content - T position 494,Pass,0.5234161460367044,0.5922633385818137,0.528395061728395
Per reverse position nucleotide content - T position 495,Pass,0.5394377196407653,0.6025400833547498,0.5456790123456791
Per reverse position nucleotide content - T position 496,Pass,0.5055154236626318,0.568015722927637,0.5135802469135803
Per reverse position nucleotide content - T position 497,Pass,0.5148623584537291,0.5742663136910175,0.5209876543209877
Per reverse position nucleotide content - T position 498,Pass,0.5405115189379149,0.6091515949113242,0.5456790123456791
Per reverse position nucleotide content - T position 499,Pass,0.5071749316673175,0.6753152964571667,0.5135802469135803
Per reverse position nucleotide content - T position 500,Pass,0.5185230378758299,0.6730933132794384,0.5135802469135803
Per reverse position nucleotide content - T,Pass,0.572164193674346,0.7163531673647173,0.5777777777777777
